keyword,document_frequency,idf
a18,2,10.8218
a1995,1,11.2273
a1a,1,11.2273
a380,1,11.2273
a6m,1,11.2273
aa,4,10.3111
aa2,1,11.2273
aaa,1,11.2273
aaay,1,11.2273
aachen,1,11.2273
aaeemonae,1,11.2273
aagpbl,1,11.2273
aalborg,1,11.2273
aalda,1,11.2273
aaliyah,18,8.9763
aaliyahs,18,8.9763
aames,1,11.2273
aamonks,1,11.2273
aang,4,10.3111
aangs,4,10.3111
aardvark,14,9.2126
aardvarks,14,9.2126
aardwolf,1,11.2273
aaron,27,8.5887
aarons,27,8.5887
aash,1,11.2273
aat,1,11.2273
aay,1,11.2273
ab,14,9.2126
aba,2,10.8218
ababa,4,10.3111
abactor,1,11.2273
abacus,4,10.3111
abaddon,1,11.2273
abagnale,1,11.2273
abandando,1,11.2273
abandon,7,9.8411
abandoned,7,9.8411
abandons,7,9.8411
abba,7,9.8411
abbe,2,10.8218
abberline,1,11.2273
abbess,1,11.2273
abbey,6,9.9746
abbie,4,10.3111
abbot,3,10.5342
abbott,17,9.0304
abbotts,17,9.0304
abbreviated,23,8.7428
abbreviation,23,8.7428
abbreviations,23,8.7428
abby,4,10.3111
abc,59,7.8271
abcdef,1,11.2273
abcederrian,1,11.2273
abcs,59,7.8271
abd,4,10.3111
abdicated,7,9.8411
abdicating,7,9.8411
abdication,7,9.8411
abdomen,8,9.7233
abdominal,2,10.8218
abdominopelvic,1,11.2273
abduct,3,10.5342
abducted,3,10.5342
abdul,18,8.9763
abduls,18,8.9763
abe,14,9.2126
abecedarian,1,11.2273
abednego,2,10.8218
abel,9,9.618
abelian,1,11.2273
abell,9,9.618
abenaki,1,11.2273
aberdeen,3,10.5342
abes,14,9.2126
abhijnanashakuntala,1,11.2273
abi,1,11.2273
abide,1,11.2273
abigail,9,9.618
abigails,9,9.618
abilities,101,7.2973
ability,101,7.2973
abject,1,11.2273
able,101,7.2973
abliguration,1,11.2273
ablutophobia,3,10.5342
abner,2,10.8218
abnormal,15,9.1481
abnormality,15,9.1481
abnormally,15,9.1481
aboard,10,9.5227
abode,2,10.8218
abolish,9,9.618
abolished,9,9.618
abolitionist,1,11.2273
abominable,3,10.5342
abomination,3,10.5342
aboriginal,4,10.3111
aborigines,4,10.3111
abortion,6,9.9746
abortions,6,9.9746
above,43,8.137
abracadabra,1,11.2273
abraham,50,7.9895
abrahamian,1,11.2273
abrahams,50,7.9895
abramovich,1,11.2273
abrams,1,11.2273
abrazo,1,11.2273
abre,1,11.2273
abrivado,1,11.2273
abroad,2,10.8218
abrupt,1,11.2273
abs,14,9.2126
absalom,1,11.2273
absence,3,10.5342
absent,3,10.5342
absentee,1,11.2273
absinthe,10,9.5227
absolute,20,8.8763
absolutely,20,8.8763
absolutism,20,8.8763
absorb,6,9.9746
absorbed,6,9.9746
absorbs,6,9.9746
absorption,4,10.3111
absquatulate,1,11.2273
abstinence,3,10.5342
abstract,4,10.3111
absurdity,1,11.2273
abu,9,9.618
abuela,2,10.8218
abuja,1,11.2273
abul,1,11.2273
abundance,6,9.9746
abundant,6,9.9746
abuse,9,9.618
abused,9,9.618
abusing,9,9.618
abusive,9,9.618
abysmal,1,11.2273
abyss,3,10.5342
abyssinia,7,9.8411
ac,40,8.2076
acacemy,1,11.2273
academia,1,11.2273
academic,10,9.5227
academicians,1,11.2273
academics,10,9.5227
academy,414,5.8996
academys,414,5.8996
acadia,1,11.2273
acapulco,2,10.8218
acarophobia,1,11.2273
acc,5,10.1288
acceded,3,10.5342
accelerate,7,9.8411
accelerated,7,9.8411
acceleration,7,9.8411
accent,4,10.3111
accents,4,10.3111
accept,54,7.9141
acceptable,54,7.9141
acceptably,54,7.9141
acceptance,54,7.9141
accepted,54,7.9141
accepts,54,7.9141
access,18,8.9763
accessible,18,8.9763
accession,18,8.9763
accessories,9,9.618
accessory,9,9.618
accidency,42,8.16
accident,42,8.16
accidental,21,8.8298
accidentally,21,8.8298
accidents,42,8.16
accio,1,11.2273
acclaim,13,9.2816
acclaimed,13,9.2816
accolent,2,10.8218
accomadate,1,11.2273
accommodate,5,10.1288
accommodating,5,10.1288
accommodation,5,10.1288
accomodate,1,11.2273
accompanied,14,9.2126
accompanies,14,9.2126
accompanist,1,11.2273
accompany,14,9.2126
accompanying,14,9.2126
accomplice,1,11.2273
accomplish,17,9.0304
accomplished,17,9.0304
accomplishing,17,9.0304
accomplishments,17,9.0304
accord,595,5.5409
according,595,5.5409
accordion,10,9.5227
accordionist,3,10.5342
accordionists,3,10.5342
accordions,10,9.5227
accords,595,5.5409
account,19,8.925
accountant,19,8.925
accounted,19,8.925
accounting,19,8.925
accounts,19,8.925
accra,1,11.2273
accredited,1,11.2273
accs,5,10.1288
accumulate,5,10.1288
accumulating,5,10.1288
accumulation,5,10.1288
accurate,11,9.4357
accurately,11,9.4357
accused,31,8.4552
accuser,31,8.4552
accuses,31,8.4552
accustomed,2,10.8218
acdc,1,11.2273
ace,40,8.2076
acer,1,11.2273
acerophobia,1,11.2273
acetabulum,1,11.2273
acetate,2,10.8218
acetic,2,10.8218
acetylene,1,11.2273
aceveda,1,11.2273
acevedo,1,11.2273
achaemenid,1,11.2273
ache,2,10.8218
achelous,1,11.2273
aches,2,10.8218
achieve,49,8.0093
achieved,49,8.0093
achievement,49,8.0093
achievements,49,8.0093
achieving,49,8.0093
achilles,9,9.618
achluophobia,2,10.8218
acholi,1,11.2273
achtung,3,10.5342
achy,1,11.2273
acid,56,7.8784
acidic,56,7.8784
acidiferous,1,11.2273
acidifiable,1,11.2273
acidification,1,11.2273
acidimetric,1,11.2273
acidity,56,7.8784
acidophilous,1,11.2273
acids,56,7.8784
acknowledge,11,9.4357
acknowledged,11,9.4357
acknowledgement,11,9.4357
acknowledgment,11,9.4357
ackrous,1,11.2273
ackward,1,11.2273
ackword,1,11.2273
acne,2,10.8218
acnient,1,11.2273
acol,1,11.2273
acommodate,1,11.2273
acompa,2,10.8218
aconcagua,3,10.5342
acorns,1,11.2273
acouchis,1,11.2273
acoushla,1,11.2273
acoustic,1,11.2273
acousticophobia,1,11.2273
acp,1,11.2273
acquire,21,8.8298
acquired,21,8.8298
acquisition,1,11.2273
acre,25,8.6628
acres,25,8.6628
acrobat,3,10.5342
acrobatics,3,10.5342
acronyal,1,11.2273
acronym,6,9.9746
acrophobia,5,10.1288
acropolis,3,10.5342
across,37,8.2835
acrylic,1,11.2273
act,175,6.7531
acta,1,11.2273
actaeon,1,11.2273
acted,175,6.7531
acting,175,6.7531
actinide,1,11.2273
actinium,1,11.2273
actinoids,1,11.2273
actinology,1,11.2273
action,95,7.3578
actions,95,7.3578
actium,2,10.8218
activate,90,7.4112
activated,90,7.4112
active,90,7.4112
actively,90,7.4112
activeness,90,7.4112
activist,11,9.4357
activities,90,7.4112
activity,90,7.4112
acton,1,11.2273
actor,1188,4.8608
actors,1188,4.8608
actress,736,5.3311
actresses,736,5.3311
actresss,1,11.2273
acts,175,6.7531
actual,133,7.025
actually,133,7.025
acupressure,1,11.2273
acute,3,10.5342
ad,85,7.4676
ada,4,10.3111
adage,1,11.2273
adairs,1,11.2273
adam,128,7.0629
adama,2,10.8218
adamant,128,7.0629
adamantly,1,11.2273
adamas,2,10.8218
adams,128,7.0629
adamss,1,11.2273
adamstown,1,11.2273
adapt,40,8.2076
adaptation,40,8.2076
adaptations,40,8.2076
adapted,40,8.2076
adaption,40,8.2076
adaptive,40,8.2076
adbusturs,1,11.2273
add,21,8.8298
addai,1,11.2273
addams,17,9.0304
added,85,7.4676
adder,2,10.8218
adderly,1,11.2273
addict,25,8.6628
addicted,25,8.6628
addiction,25,8.6628
addictive,25,8.6628
addicts,25,8.6628
addie,10,9.5227
adding,85,7.4676
addis,10,9.5227
addison,1,11.2273
addition,15,9.1481
additional,15,9.1481
additionally,1,11.2273
additive,15,9.1481
addmision,1,11.2273
addresable,1,11.2273
address,38,8.2575
addressable,38,8.2575
addressed,38,8.2575
addresses,38,8.2575
adds,21,8.8298
addy,10,9.5227
adelaide,1,11.2273
adele,4,10.3111
adella,1,11.2273
adelle,4,10.3111
adelphia,1,11.2273
ademas,1,11.2273
aden,1,11.2273
adenauer,1,11.2273
adeno,1,11.2273
adenosine,1,11.2273
adenosinetriphosphate,1,11.2273
adeona,1,11.2273
adept,3,10.5342
adewale,2,10.8218
adhered,4,10.3111
adherent,4,10.3111
adherents,4,10.3111
adhesive,1,11.2273
adidas,3,10.5342
adieu,1,11.2273
adiga,1,11.2273
adirondack,1,11.2273
adjacent,1,11.2273
adjective,23,8.7428
adjectives,23,8.7428
adjoining,1,11.2273
adjunct,2,10.8218
adjustable,4,10.3111
adjustment,4,10.3111
adjutant,1,11.2273
adkins,2,10.8218
adler,16,9.0875
adlers,16,9.0875
administered,4,10.3111
administering,4,10.3111
administers,4,10.3111
administration,19,8.925
administrative,19,8.925
administratively,19,8.925
administrator,19,8.925
adminstration,1,11.2273
admirable,29,8.5197
admiral,29,8.5197
admiration,29,8.5197
admire,29,8.5197
admired,29,8.5197
admirer,29,8.5197
admirers,29,8.5197
admision,1,11.2273
admission,4,10.3111
admit,28,8.5536
admits,28,8.5536
admitted,28,8.5536
admittedly,1,11.2273
ado,3,10.5342
adobes,1,11.2273
adolescence,2,10.8218
adolescent,2,10.8218
adolf,28,8.5536
adolph,6,9.9746
adolphe,6,9.9746
adolpho,1,11.2273
adonais,2,10.8218
adonia,1,11.2273
adonis,3,10.5342
adopt,87,7.4447
adopted,87,7.4447
adoption,87,7.4447
adoptive,87,7.4447
adopts,87,7.4447
adored,2,10.8218
adorned,3,10.5342
adornment,3,10.5342
adorns,3,10.5342
adp,1,11.2273
adrenal,2,10.8218
adrenaline,1,11.2273
adressable,1,11.2273
adresseable,1,11.2273
adrian,24,8.702
adriana,3,10.5342
adrianne,1,11.2273
adrians,24,8.702
adriatic,9,9.618
adrienne,1,11.2273
adrift,3,10.5342
ads,85,7.4676
adsl,1,11.2273
adu,1,11.2273
adult,66,7.7169
adulteress,1,11.2273
adulterous,1,11.2273
adultery,1,11.2273
adulthood,1,11.2273
adultory,1,11.2273
adults,66,7.7169
advance,20,8.8763
advanced,20,8.8763
advances,20,8.8763
advancing,20,8.8763
advantage,5,10.1288
advantages,5,10.1288
advartisement,1,11.2273
advartisment,1,11.2273
adventure,83,7.4911
adventurer,83,7.4911
adventures,83,7.4911
adventurous,83,7.4911
adverb,5,10.1288
adverbial,1,11.2273
adverse,1,11.2273
advertise,40,8.2076
advertised,40,8.2076
advertisement,40,8.2076
advertises,40,8.2076
advertising,40,8.2076
advertisment,40,8.2076
advice,11,9.4357
advise,12,9.3557
advised,12,9.3557
advisers,12,9.3557
advises,12,9.3557
advising,12,9.3557
advisor,5,10.1288
advisors,5,10.1288
advisory,1,11.2273
advocacy,2,10.8218
advocate,13,9.2816
advocated,13,9.2816
advocates,13,9.2816
advocating,13,9.2816
adze,1,11.2273
ae,1,11.2273
aegean,2,10.8218
aegian,1,11.2273
aegina,1,11.2273
aeginaea,1,11.2273
aegospotami,1,11.2273
aek,1,11.2273
aeneus,1,11.2273
aenima,2,10.8218
aeolian,1,11.2273
aeolis,2,10.8218
aeon,2,10.8218
aeons,2,10.8218
aerate,3,10.5342
aerated,3,10.5342
aerial,4,10.3111
aeriel,1,11.2273
aerin,1,11.2273
aerobatics,1,11.2273
aerobics,5,10.1288
aerodynamically,2,10.8218
aerodynamics,2,10.8218
aeronautics,3,10.5342
aeroplane,2,10.8218
aerosmith,32,8.4245
aerosmiths,32,8.4245
aerosol,1,11.2273
aerospace,1,11.2273
aeschylus,2,10.8218
aesops,1,11.2273
aeternitas,1,11.2273
afa,1,11.2273
afanc,1,11.2273
afar,1,11.2273
afc,1,11.2273
afer,1,11.2273
affair,34,8.3657
affairs,34,8.3657
affect,27,8.5887
affected,27,8.5887
affecting,27,8.5887
affection,27,8.5887
affectionate,5,10.1288
affectionately,5,10.1288
affections,27,8.5887
affects,27,8.5887
afferent,1,11.2273
affiliation,2,10.8218
affinity,1,11.2273
affirm,2,10.8218
affirming,2,10.8218
affleck,3,10.5342
afflecks,3,10.5342
afflict,5,10.1288
afflicted,5,10.1288
affliction,5,10.1288
afflictions,5,10.1288
affluent,1,11.2273
afford,1,11.2273
affrontano,1,11.2273
afghan,1,11.2273
afghani,1,11.2273
afghanistan,16,9.0875
afi,38,8.2575
aficionados,1,11.2273
afire,1,11.2273
afis,38,8.2575
afk,1,11.2273
afl,4,10.3111
aflac,1,11.2273
afloat,1,11.2273
afraid,24,8.702
africa,131,7.04
african,193,6.656
africanis,1,11.2273
africans,193,6.656
africas,131,7.04
afrikaans,3,10.5342
afrikkan,1,11.2273
afro,2,10.8218
after,879,5.1563
afterm,1,11.2273
aftermath,2,10.8218
afternoon,17,9.0304
afterwardsness,1,11.2273
afterworld,2,10.8218
ag,219,6.5307
agafonikov,1,11.2273
again,42,8.16
against,120,7.1268
agal,1,11.2273
agamemnon,3,10.5342
agar,1,11.2273
agassi,2,10.8218
agatha,33,8.3947
agathophilia,1,11.2273
agbaje,1,11.2273
age,219,6.5307
aged,219,6.5307
agencies,16,9.0875
agency,16,9.0875
agent,80,7.5274
agents,80,7.5274
ages,219,6.5307
aggies,1,11.2273
aggression,8,9.7233
aggressive,8,9.7233
aggressively,8,9.7233
aggressor,1,11.2273
agile,2,10.8218
agility,2,10.8218
aging,219,6.5307
agitated,1,11.2273
agliophobia,1,11.2273
agnes,2,10.8218
agnetha,1,11.2273
agnostic,2,10.8218
agnus,1,11.2273
ago,36,8.3102
agonist,1,11.2273
agora,1,11.2273
agoraphobia,3,10.5342
agore,1,11.2273
agra,1,11.2273
agraphobia,1,11.2273
agree,16,9.0875
agreed,16,9.0875
agreement,10,9.5227
agreements,10,9.5227
agrees,16,9.0875
agrestic,1,11.2273
agricultural,15,9.1481
agriculturalist,1,11.2273
agriculture,15,9.1481
agrigento,1,11.2273
agriozoophilia,1,11.2273
agrippa,1,11.2273
agrotera,1,11.2273
aguecheek,1,11.2273
aguilera,12,9.3557
aguileras,12,9.3557
aguinaldo,3,10.5342
aguleras,1,11.2273
agyrophobia,1,11.2273
ah,1,11.2273
ahab,6,9.9746
ahead,4,10.3111
ahimsa,1,11.2273
ahmad,1,11.2273
ahmet,1,11.2273
ahonen,1,11.2273
ahoy,1,11.2273
ahrah,1,11.2273
ahrims,1,11.2273
ahuacuatl,1,11.2273
ai,1,11.2273
aibilene,3,10.5342
aibilenes,3,10.5342
aichi,1,11.2273
aichmophobia,1,11.2273
aid,39,8.2322
aida,12,9.3557
aidas,12,9.3557
aide,39,8.2322
aided,39,8.2322
aids,39,8.2322
aiken,1,11.2273
aikman,2,10.8218
aileen,1,11.2273
ailerons,2,10.8218
ailment,6,9.9746
ailments,6,9.9746
ailsa,1,11.2273
ailurophilia,2,10.8218
ailurophobia,6,9.9746
aim,26,8.6251
aimed,26,8.6251
aiming,26,8.6251
aims,26,8.6251
ain,1,11.2273
aint,34,8.3657
ainu,1,11.2273
aipom,1,11.2273
air,285,6.2696
airag,1,11.2273
airbender,7,9.8411
airborn,3,10.5342
airborne,3,10.5342
airbus,1,11.2273
aircraft,31,8.4552
aircrafts,31,8.4552
aird,1,11.2273
aireal,285,6.2696
aired,285,6.2696
aires,285,6.2696
airing,285,6.2696
airline,37,8.2835
airliner,37,8.2835
airliners,37,8.2835
airlines,37,8.2835
airmen,2,10.8218
airplane,36,8.3102
airplanes,36,8.3102
airpods,1,11.2273
airport,32,8.4245
airports,32,8.4245
airs,285,6.2696
airship,1,11.2273
airspace,1,11.2273
airtime,1,11.2273
airwaves,70,7.659
airways,4,10.3111
airy,1,11.2273
aisha,1,11.2273
aisle,2,10.8218
aiutami,1,11.2273
aj,1,11.2273
aja,1,11.2273
ajax,3,10.5342
ajiaco,2,10.8218
ak,1,11.2273
aka,16,9.0875
akan,2,10.8218
akanes,2,10.8218
akasha,1,11.2273
akatsuki,1,11.2273
akbar,4,10.3111
akbari,1,11.2273
akc,1,11.2273
akechi,1,11.2273
akeem,5,10.1288
akhenaten,6,9.9746
akhenatens,6,9.9746
akhmatova,1,11.2273
akhmerov,1,11.2273
akiba,2,10.8218
akihito,1,11.2273
akin,2,10.8218
akinnuoye,2,10.8218
akins,2,10.8218
akira,1,11.2273
akita,1,11.2273
akiva,1,11.2273
akiyama,1,11.2273
akka,1,11.2273
akkadians,2,10.8218
akm,1,11.2273
akon,1,11.2273
akragas,1,11.2273
akroyds,1,11.2273
aksamlar,1,11.2273
akunins,1,11.2273
akush,1,11.2273
al,151,6.8993
alabama,65,7.7319
aladdin,12,9.3557
aladdins,12,9.3557
alagna,1,11.2273
alaikum,1,11.2273
alamain,1,11.2273
alamein,1,11.2273
alamo,12,9.3557
alan,60,7.8106
alana,1,11.2273
alanis,3,10.5342
alannah,5,10.1288
alans,60,7.8106
alarm,13,9.2816
alarms,13,9.2816
alaska,53,7.9324
alaskan,8,9.7233
alaskans,8,9.7233
alaskas,53,7.9324
alastor,1,11.2273
alba,3,10.5342
alban,4,10.3111
albania,9,9.618
albanian,3,10.5342
albano,3,10.5342
albans,4,10.3111
albany,5,10.1288
albatross,2,10.8218
albedo,1,11.2273
albee,2,10.8218
albemarle,2,10.8218
alben,1,11.2273
alberghetti,1,11.2273
alberona,2,10.8218
alberquerque,1,11.2273
albert,469,5.7761
alberta,3,10.5342
alberto,2,10.8218
albertosaurus,1,11.2273
albertsons,1,11.2273
albertville,1,11.2273
albigensian,1,11.2273
albinadubois,1,11.2273
albino,2,10.8218
albion,2,10.8218
albizzi,1,11.2273
alborz,1,11.2273
albrecht,4,10.3111
albrect,1,11.2273
albright,3,10.5342
album,676,5.4149
albuminurophobia,2,10.8218
albums,676,5.4149
albuquerque,1,11.2273
albus,13,9.2816
alcalde,1,11.2273
alcatraz,15,9.1481
alcatrazs,15,9.1481
alchemist,7,9.8411
alchemists,7,9.8411
alchemy,5,10.1288
alcock,1,11.2273
alcohol,61,7.7944
alcoholic,61,7.7944
alcoholism,61,7.7944
alcove,1,11.2273
alcuin,1,11.2273
alda,1,11.2273
aldaris,1,11.2273
aldean,1,11.2273
alden,3,10.5342
alder,1,11.2273
alderaan,1,11.2273
alderan,1,11.2273
aldine,1,11.2273
aldo,1,11.2273
aldous,2,10.8218
aldrich,2,10.8218
aldridge,1,11.2273
aldrin,4,10.3111
ale,151,6.8993
alec,20,8.8763
alecia,2,10.8218
alecs,20,8.8763
alegria,1,11.2273
aleichem,1,11.2273
alejandro,3,10.5342
alekfursenko,1,11.2273
alekseevich,1,11.2273
alektorophobia,3,10.5342
alektorphobic,1,11.2273
alemmani,1,11.2273
aleph,2,10.8218
aleppo,1,11.2273
alert,1,11.2273
alessandro,4,10.3111
aletheia,1,11.2273
alethiometer,2,10.8218
aletsch,1,11.2273
aleutian,2,10.8218
aleuts,1,11.2273
alex,38,8.2575
alexander,76,7.578
alexanders,76,7.578
alexandra,10,9.5227
alexandras,10,9.5227
alexandre,4,10.3111
alexandria,6,9.9746
alexandripatov,1,11.2273
alexei,4,10.3111
alexey,4,10.3111
alexi,11,9.4357
alexis,11,9.4357
alexius,1,11.2273
alexs,38,8.2575
alf,10,9.5227
alferd,1,11.2273
alfieri,2,10.8218
alfilipenko,1,11.2273
alfonso,4,10.3111
alfred,61,7.7944
alfredo,2,10.8218
alfreds,61,7.7944
alfrie,1,11.2273
alfs,10,9.5227
alfv,1,11.2273
algae,5,10.1288
algal,1,11.2273
algebra,10,9.5227
algebraic,10,9.5227
algeria,12,9.3557
algerian,4,10.3111
algiers,3,10.5342
algonquian,1,11.2273
algonquin,4,10.3111
algorism,1,11.2273
algorithm,6,9.9746
alhambra,2,10.8218
alhough,1,11.2273
ali,28,8.5536
aliana,1,11.2273
alias,6,9.9746
aliases,2,10.8218
alice,60,7.8106
alices,60,7.8106
alicia,14,9.2126
alicias,14,9.2126
alicorn,1,11.2273
alien,59,7.8271
alienating,59,7.8271
aliens,59,7.8271
aliev,1,11.2273
alighieri,3,10.5342
alighieris,3,10.5342
alight,1,11.2273
aligned,3,10.5342
alignment,3,10.5342
alike,8,9.7233
alikes,8,9.7233
alilagoa,1,11.2273
alimbics,1,11.2273
alimony,1,11.2273
alis,28,8.5536
alisha,1,11.2273
alison,2,10.8218
alistair,2,10.8218
alive,40,8.2076
aliyah,1,11.2273
alka,1,11.2273
alkaline,2,10.8218
alkalines,2,10.8218
alkalizing,1,11.2273
alkaloid,1,11.2273
alki,1,11.2273
all,1404,4.6977
alla,2,10.8218
allah,5,10.1288
allahu,1,11.2273
allama,1,11.2273
allan,35,8.3375
allang,1,11.2273
allans,35,8.3375
allbutt,1,11.2273
allegations,10,9.5227
alleged,10,9.5227
allegedly,11,9.4357
allegheny,2,10.8218
allegiance,3,10.5342
allegorical,5,10.1288
allegro,4,10.3111
allemagne,1,11.2273
allen,79,7.5398
allens,79,7.5398
alleperpate,1,11.2273
allergic,10,9.5227
allergies,5,10.1288
allergy,5,10.1288
allers,1,11.2273
alleviate,1,11.2273
alley,11,9.4357
alleys,11,9.4357
alli,64,7.7472
alliance,64,7.7472
allie,64,7.7472
allied,64,7.7472
allies,64,7.7472
alligator,6,9.9746
alligators,6,9.9746
allis,64,7.7472
allison,5,10.1288
alliumphobia,1,11.2273
allman,17,9.0304
allmans,17,9.0304
allocation,1,11.2273
allodoxaphobia,1,11.2273
allodoxiphobia,1,11.2273
allopath,1,11.2273
allosaurus,2,10.8218
allotropes,1,11.2273
allotted,1,11.2273
allow,59,7.8271
allowance,59,7.8271
allowed,59,7.8271
allowing,59,7.8271
allows,59,7.8271
alloy,3,10.5342
alloys,3,10.5342
allred,1,11.2273
allspark,1,11.2273
alluring,1,11.2273
ally,64,7.7472
alma,5,10.1288
almamater,1,11.2273
almaty,1,11.2273
almighty,10,9.5227
almod,1,11.2273
almond,4,10.3111
almonds,4,10.3111
almorzar,1,11.2273
almost,100,7.3071
almourol,1,11.2273
alocasia,1,11.2273
alofa,1,11.2273
alofi,1,11.2273
alohomora,1,11.2273
alois,2,10.8218
alone,29,8.5197
along,68,7.6875
alongside,47,8.0501
alonissos,1,11.2273
alonzo,2,10.8218
aloof,1,11.2273
alopecia,2,10.8218
alot,2,10.8218
alou,3,10.5342
aloud,1,11.2273
alouette,1,11.2273
alous,3,10.5342
alovat,1,11.2273
alpbach,1,11.2273
alpha,7,9.8411
alphabet,25,8.6628
alphabetical,25,8.6628
alphabetically,25,8.6628
alphaville,1,11.2273
alphie,1,11.2273
alphonse,2,10.8218
alphonsina,1,11.2273
alpine,8,9.7233
alps,9,9.618
already,14,9.2126
alright,7,9.8411
als,151,6.8993
alsace,2,10.8218
also,458,5.7996
alston,1,11.2273
alt,1,11.2273
alta,2,10.8218
altai,1,11.2273
altair,1,11.2273
altalena,1,11.2273
altamirano,1,11.2273
altamont,1,11.2273
altar,4,10.3111
alter,17,9.0304
altered,17,9.0304
altering,17,9.0304
alternate,61,7.7944
alternately,61,7.7944
alternating,61,7.7944
alternative,61,7.7944
alternatively,61,7.7944
alternatives,61,7.7944
alternifolia,1,11.2273
althorp,2,10.8218
although,131,7.04
alti,1,11.2273
altitude,6,9.9746
altitudes,6,9.9746
altius,1,11.2273
altman,10,9.5227
altmans,10,9.5227
alto,4,10.3111
altogether,6,9.9746
alton,1,11.2273
altoona,1,11.2273
altum,2,10.8218
alu,1,11.2273
aluinn,1,11.2273
aluminium,1,11.2273
aluminum,5,10.1288
alumnae,2,10.8218
alumni,1,11.2273
alumnus,1,11.2273
alundra,1,11.2273
alva,1,11.2273
alvares,1,11.2273
alvarez,1,11.2273
alvere,1,11.2273
alvin,12,9.3557
alvins,12,9.3557
alvis,3,10.5342
alvord,1,11.2273
alvy,3,10.5342
always,169,6.7877
alyn,1,11.2273
alyson,1,11.2273
alyssa,4,10.3111
alzette,1,11.2273
alzheimers,1,11.2273
ama,2,10.8218
amadeus,8,9.7233
amalthea,1,11.2273
amanda,17,9.0304
amandas,17,9.0304
amandine,1,11.2273
amaranth,1,11.2273
amaretto,1,11.2273
amarillo,2,10.8218
amarok,1,11.2273
amaru,1,11.2273
amarula,1,11.2273
amas,2,10.8218
amasi,1,11.2273
amass,3,10.5342
amassed,3,10.5342
amateur,14,9.2126
amateurs,14,9.2126
amathophobia,2,10.8218
amazake,1,11.2273
amazed,33,8.3947
amazing,33,8.3947
amazingly,3,10.5342
amazon,21,8.8298
ambassador,11,9.4357
ambassadors,11,9.4357
amber,16,9.0875
ambergris,1,11.2273
amberol,1,11.2273
ambersons,1,11.2273
ambidextrous,1,11.2273
ambien,1,11.2273
ambiguous,2,10.8218
ambition,2,10.8218
ambitious,5,10.1288
amblin,1,11.2273
amblyomma,1,11.2273
amboy,3,10.5342
ambrose,9,9.618
ambrosia,1,11.2273
ambulance,1,11.2273
ambulophilia,1,11.2273
ambush,1,11.2273
amc,1,11.2273
amd,1,11.2273
amelia,10,9.5227
amelie,2,10.8218
amen,4,10.3111
amend,35,8.3375
amended,35,8.3375
amending,35,8.3375
amendment,35,8.3375
amendments,35,8.3375
amenhotep,1,11.2273
ament,1,11.2273
america,320,6.1547
americain,1,11.2273
american,1180,4.8674
americana,2,10.8218
americanized,1180,4.8674
americano,1,11.2273
americans,1180,4.8674
americas,320,6.1547
americium,2,10.8218
amerigo,13,9.2816
amerika,1,11.2273
ameritech,1,11.2273
amersfort,1,11.2273
ames,1,11.2273
amesbury,1,11.2273
amethyst,4,10.3111
amharic,2,10.8218
amherst,1,11.2273
amid,1,11.2273
amidala,2,10.8218
amidst,4,10.3111
amie,48,8.0295
amiens,2,10.8218
amies,48,8.0295
amigo,1,11.2273
amin,15,9.1481
amino,4,10.3111
amins,15,9.1481
amiri,1,11.2273
amish,1,11.2273
amistad,1,11.2273
amitabha,1,11.2273
amitri,1,11.2273
amityville,2,10.8218
amman,3,10.5342
ammelide,1,11.2273
ammeline,1,11.2273
ammo,2,10.8218
ammonia,1,11.2273
ammonite,6,9.9746
ammonites,6,9.9746
ammonium,2,10.8218
ammunition,1,11.2273
amn,2,10.8218
amneris,1,11.2273
amnesia,3,10.5342
amnesiac,2,10.8218
amniote,1,11.2273
amo,11,9.4357
amok,1,11.2273
amonasro,1,11.2273
among,135,7.0102
amongst,4,10.3111
amontillado,1,11.2273
amor,1,11.2273
amoretti,1,11.2273
amoris,1,11.2273
amos,11,9.4357
amount,45,8.0926
amounts,45,8.0926
amour,3,10.5342
amoxicillin,1,11.2273
amp,2,10.8218
amparito,1,11.2273
ampere,1,11.2273
amphetamine,1,11.2273
amphibia,1,11.2273
amphibian,18,8.9763
amphibians,18,8.9763
amphibios,1,11.2273
amphibious,4,10.3111
amphicoelias,2,10.8218
amphitheatre,2,10.8218
amphitrite,1,11.2273
amplification,1,11.2273
amplified,3,10.5342
amplify,3,10.5342
amplitude,2,10.8218
amputating,2,10.8218
amputation,2,10.8218
amrican,1,11.2273
amstel,1,11.2273
amsterdam,16,9.0875
amulet,2,10.8218
amulets,2,10.8218
amun,1,11.2273
amundsen,6,9.9746
amur,2,10.8218
amusement,9,9.618
amusing,9,9.618
amy,48,8.0295
amyotrophic,1,11.2273
anabolic,1,11.2273
anacardic,1,11.2273
anaconda,1,11.2273
anaerobic,1,11.2273
anagolay,1,11.2273
anaheim,2,10.8218
anaimudi,1,11.2273
anais,1,11.2273
anakin,8,9.7233
anal,1,11.2273
analgesic,1,11.2273
analog,4,10.3111
analogy,4,10.3111
analysis,5,10.1288
analytic,6,9.9746
analytical,6,9.9746
analyze,3,10.5342
analyzed,3,10.5342
anamnesis,1,11.2273
ananas,1,11.2273
anandymene,1,11.2273
ananke,1,11.2273
anarchism,3,10.5342
anarcho,1,11.2273
anasazi,1,11.2273
anastacia,2,10.8218
anastasia,6,9.9746
anastasian,1,11.2273
anastasio,1,11.2273
anastenaria,1,11.2273
anastomotic,1,11.2273
anat,1,11.2273
anatadaephobia,1,11.2273
anatidaephobia,1,11.2273
anatidaiphobia,1,11.2273
anatine,1,11.2273
anatole,1,11.2273
anatolian,2,10.8218
anatomic,12,9.3557
anatomical,12,9.3557
anatomically,12,9.3557
anatomist,4,10.3111
anatomists,4,10.3111
anatomy,44,8.1146
anaximander,2,10.8218
ancestor,17,9.0304
ancestors,17,9.0304
ancestral,2,10.8218
ancestry,4,10.3111
anchor,8,9.7233
anchorage,2,10.8218
anchored,8,9.7233
anchorite,1,11.2273
anchorman,14,9.2126
anchovies,1,11.2273
ancient,215,6.549
ancients,215,6.549
andaman,1,11.2273
andante,2,10.8218
andean,3,10.5342
anders,2,10.8218
andersen,17,9.0304
andersens,17,9.0304
anderson,47,8.0501
andersons,47,8.0501
andes,13,9.2816
andesophageal,1,11.2273
andi,90,7.4112
andie,90,7.4112
andies,90,7.4112
andorians,1,11.2273
andorra,4,10.3111
andouillette,1,11.2273
andr,16,9.0875
andrade,1,11.2273
andranada,1,11.2273
andre,16,9.0875
andrea,17,9.0304
andreas,17,9.0304
andreevich,2,10.8218
andrei,1,11.2273
andrejkiselev,1,11.2273
andres,16,9.0875
andress,2,10.8218
andretti,1,11.2273
andrew,67,7.7021
andrews,67,7.7021
andrian,1,11.2273
andrina,1,11.2273
andrionovna,1,11.2273
androgen,2,10.8218
androgenic,2,10.8218
android,2,10.8218
andrology,1,11.2273
andromeda,9,9.618
andromedae,9,9.618
andronicus,1,11.2273
andruw,1,11.2273
andy,90,7.4112
andys,90,7.4112
anecdotes,1,11.2273
anekantin,1,11.2273
anemia,2,10.8218
anemology,1,11.2273
anemometers,1,11.2273
anemos,1,11.2273
aneurysm,1,11.2273
ang,4,10.3111
anga,1,11.2273
angel,181,6.7197
angela,18,8.9763
angelas,18,8.9763
angeles,181,6.7197
angelic,181,6.7197
angelica,4,10.3111
angelina,39,8.2322
angelique,1,11.2273
angelo,8,9.7233
angelou,181,6.7197
angels,181,6.7197
angelus,2,10.8218
anger,8,9.7233
angered,8,9.7233
angers,8,9.7233
angie,1,11.2273
angina,2,10.8218
angiography,1,11.2273
angioplasty,1,11.2273
angkor,1,11.2273
angle,19,8.925
angled,19,8.925
anglerfish,1,11.2273
angles,19,8.925
anglican,5,10.1288
anglicanism,5,10.1288
anglo,10,9.5227
anglomania,1,11.2273
anglophobia,1,11.2273
angola,4,10.3111
angolan,1,11.2273
angolul,1,11.2273
angostura,1,11.2273
angry,15,9.1481
angstrom,1,11.2273
anguilla,1,11.2273
anguish,1,11.2273
angular,1,11.2273
angus,3,10.5342
anh,1,11.2273
anhalt,1,11.2273
anheuser,2,10.8218
anhui,1,11.2273
ani,140,6.9742
aniane,1,11.2273
anicetus,1,11.2273
anichkov,1,11.2273
aniello,1,11.2273
anile,1,11.2273
anim,865,5.1721
anima,1,11.2273
animagi,1,11.2273
animagus,3,10.5342
animal,865,5.1721
animals,865,5.1721
animaniacs,1,11.2273
animate,865,5.1721
animated,865,5.1721
animates,865,5.1721
animation,865,5.1721
animations,865,5.1721
animator,865,5.1721
animators,865,5.1721
anime,865,5.1721
animigus,1,11.2273
animus,1,11.2273
anise,2,10.8218
anisimova,1,11.2273
anissa,1,11.2273
anissina,1,11.2273
aniston,25,8.6628
anistons,25,8.6628
anita,6,9.9746
anito,1,11.2273
anixia,1,11.2273
anjali,1,11.2273
anka,3,10.5342
ankara,4,10.3111
ankeny,1,11.2273
ankh,2,10.8218
ankle,4,10.3111
ann,105,7.2589
anna,26,8.6251
annabel,2,10.8218
annabeths,1,11.2273
annalee,1,11.2273
annals,1,11.2273
annan,1,11.2273
annapolis,5,10.1288
annar,1,11.2273
annas,26,8.6251
annauds,1,11.2273
anne,105,7.2589
annelle,1,11.2273
annenskij,1,11.2273
annes,105,7.2589
annexed,1,11.2273
anni,35,8.3375
annie,35,8.3375
anniversary,14,9.2126
announce,65,7.7319
announced,65,7.7319
announcement,65,7.7319
announcements,65,7.7319
announcer,65,7.7319
announcing,65,7.7319
annoy,12,9.3557
annoyance,1,11.2273
annoyed,12,9.3557
annoying,12,9.3557
annoys,12,9.3557
anns,105,7.2589
annual,53,7.9324
annually,53,7.9324
annul,2,10.8218
annulled,2,10.8218
annunciate,3,10.5342
annunciation,3,10.5342
annus,53,7.9324
annuus,1,11.2273
ano,1,11.2273
anoint,2,10.8218
anointed,2,10.8218
anoka,1,11.2273
anomalie,1,11.2273
anomalocaris,2,10.8218
anomaly,1,11.2273
anomoly,1,11.2273
anonima,1,11.2273
anonimose,1,11.2273
anonimous,1,11.2273
anonymos,1,11.2273
anonymous,4,10.3111
anorexia,3,10.5342
another,111,7.2039
anothony,1,11.2273
anoumaly,1,11.2273
anova,1,11.2273
ans,4,10.3111
ansari,1,11.2273
ansatz,1,11.2273
anschluss,1,11.2273
ansell,1,11.2273
anselm,1,11.2273
anselmo,3,10.5342
ansen,1,11.2273
anson,2,10.8218
anspaugh,1,11.2273
answer,31,8.4552
answered,31,8.4552
answering,31,8.4552
answers,31,8.4552
ant,41,8.1835
antagonism,1,11.2273
antagonist,12,9.3557
antagonists,12,9.3557
antananarivo,4,10.3111
antarctic,5,10.1288
antarctica,22,8.7853
antartica,1,11.2273
anteater,3,10.5342
anteaters,3,10.5342
antebellum,1,11.2273
antecubital,1,11.2273
antelope,6,9.9746
antenna,4,10.3111
antennae,4,10.3111
antepenultimate,1,11.2273
antepiretic,1,11.2273
antepyretic,1,11.2273
anterior,2,10.8218
anterograde,2,10.8218
anthem,67,7.7021
anthemius,1,11.2273
anthems,67,7.7021
anther,1,11.2273
anthesteria,1,11.2273
anthology,1,11.2273
anthony,65,7.7319
anthonys,65,7.7319
anthophobia,1,11.2273
anthrax,4,10.3111
anthro,1,11.2273
anthropologist,2,10.8218
anthropology,6,9.9746
anthrozoology,1,11.2273
anti,36,8.3102
antibiotic,3,10.5342
antibiotics,3,10.5342
antichrist,3,10.5342
anticucho,1,11.2273
anticyclonic,1,11.2273
antidepressant,2,10.8218
antidepressants,2,10.8218
antietam,11,9.4357
antifascist,1,11.2273
antifreeze,1,11.2273
antigens,1,11.2273
antigone,2,10.8218
antigua,2,10.8218
antihistamine,1,11.2273
antihydrogen,1,11.2273
antilopine,1,11.2273
antimatter,1,11.2273
antinous,1,11.2273
antinovel,1,11.2273
antioch,1,11.2273
antiochia,1,11.2273
antioxidant,8,9.7233
antioxidants,8,9.7233
antipas,1,11.2273
antiperspirant,2,10.8218
antipyretic,1,11.2273
antique,9,9.618
antiquity,9,9.618
antiseptic,1,11.2273
antislavery,1,11.2273
antismoking,1,11.2273
antithetical,1,11.2273
antitrust,1,11.2273
antlers,3,10.5342
antlophobia,1,11.2273
antoine,9,9.618
antoinette,14,9.2126
antoinettes,14,9.2126
anton,192,6.6612
antonello,1,11.2273
antonia,3,10.5342
antonias,3,10.5342
antonie,7,9.8411
antonina,1,11.2273
antonine,1,11.2273
antonio,28,8.5536
antonius,1,11.2273
antony,7,9.8411
antonyms,1,11.2273
antonys,7,9.8411
ants,41,8.1835
antsirabe,1,11.2273
antwan,1,11.2273
antwerp,2,10.8218
antwone,1,11.2273
antz,3,10.5342
anubis,3,10.5342
anuptaphobia,1,11.2273
anvil,2,10.8218
anwar,1,11.2273
anxiety,10,9.5227
anxious,3,10.5342
any,140,6.9742
anya,1,11.2273
anybody,8,9.7233
anymore,3,10.5342
anyone,16,9.0875
anytime,1,11.2273
anyway,4,10.3111
anyways,4,10.3111
anywhere,4,10.3111
anzac,7,9.8411
anzacs,7,9.8411
anzio,1,11.2273
ao,6,9.9746
aorta,3,10.5342
ap,21,8.8298
apache,7,9.8411
apalachin,1,11.2273
apana,1,11.2273
apanchomene,1,11.2273
aparatchik,1,11.2273
aparicio,1,11.2273
apart,49,8.0093
apartheid,1,11.2273
apartment,49,8.0093
apartments,49,8.0093
apatosauras,1,11.2273
apatosaurus,3,10.5342
apatow,8,9.7233
apatows,8,9.7233
apayao,1,11.2273
ape,21,8.8298
aped,21,8.8298
apeiron,1,11.2273
apek,1,11.2273
apennine,3,10.5342
apennines,3,10.5342
aperitif,2,10.8218
aperture,1,11.2273
apes,21,8.8298
apex,4,10.3111
aphelion,1,11.2273
aphenphosmphobia,3,10.5342
aphorist,1,11.2273
aphrodisiac,3,10.5342
aphrodite,14,9.2126
aphrodites,14,9.2126
apia,2,10.8218
apiary,1,11.2273
apio,2,10.8218
apiology,1,11.2273
apiophilia,1,11.2273
apo,3,10.5342
apocalypse,13,9.2816
apocalyptic,5,10.1288
apocalyptica,7,9.8411
apocalypticas,7,9.8411
apocriphal,1,11.2273
apollo,45,8.0926
apollonia,1,11.2273
apollos,45,8.0926
apologised,1,11.2273
apologize,4,10.3111
apologizing,4,10.3111
apology,4,10.3111
apostle,12,9.3557
apostles,12,9.3557
apostolic,3,10.5342
apotemnophobia,1,11.2273
apothecaries,4,10.3111
apothecary,4,10.3111
appa,1,11.2273
appalachia,1,11.2273
appalachian,5,10.1288
appallosa,1,11.2273
appaloosa,9,9.618
apparatus,10,9.5227
appareled,1,11.2273
apparent,7,9.8411
apparently,7,9.8411
appealed,4,10.3111
appealing,4,10.3111
appeals,4,10.3111
appear,639,5.4704
appearance,639,5.4704
appearances,639,5.4704
appeared,639,5.4704
appearing,639,5.4704
appearred,639,5.4704
appears,639,5.4704
appended,1,11.2273
appendix,1,11.2273
appert,3,10.5342
appertization,3,10.5342
appetite,6,9.9746
appetizer,2,10.8218
appetizing,2,10.8218
applaud,2,10.8218
applause,1,11.2273
apple,68,7.6875
applegate,6,9.9746
apples,68,7.6875
appleton,2,10.8218
appliances,22,8.7853
applicable,5,10.1288
application,5,10.1288
applied,22,8.7853
applies,22,8.7853
apply,22,8.7853
applying,22,8.7853
appoint,22,8.7853
appointed,22,8.7853
appointing,22,8.7853
appointments,22,8.7853
appolon,1,11.2273
appomattox,1,11.2273
appreciate,3,10.5342
appreciation,3,10.5342
apprenctices,1,11.2273
apprentice,12,9.3557
apprenticed,1,11.2273
apprentices,12,9.3557
apprenticeship,1,11.2273
approach,15,9.1481
approachable,15,9.1481
approached,15,9.1481
approaches,15,9.1481
appropriate,3,10.5342
approval,13,9.2816
approve,13,9.2816
approved,13,9.2816
approves,13,9.2816
approx,1,11.2273
approximate,114,7.1775
approximated,114,7.1775
approximately,114,7.1775
approximation,114,7.1775
apres,1,11.2273
apricot,2,10.8218
apricots,2,10.8218
april,161,6.8357
aprils,161,6.8357
apron,2,10.8218
aproximately,1,11.2273
aptly,1,11.2273
apu,5,10.1288
apulia,1,11.2273
aq,1,11.2273
aqoura,1,11.2273
aqsa,1,11.2273
aqua,5,10.1288
aqualung,1,11.2273
aquaman,9,9.618
aquamans,9,9.618
aquamarine,3,10.5342
aquaos,1,11.2273
aquarium,3,10.5342
aquarius,5,10.1288
aquatic,4,10.3111
aquatta,1,11.2273
aquila,1,11.2273
aquinas,4,10.3111
aquino,4,10.3111
aquitaine,1,11.2273
ar,12,9.3557
ara,2,10.8218
arab,70,7.659
arabella,1,11.2273
arabia,18,8.9763
arabian,14,9.2126
arabias,18,8.9763
arabic,70,7.659
arable,1,11.2273
arabs,70,7.659
arachne,1,11.2273
arachnephobia,1,11.2273
arachnida,1,11.2273
arachnology,1,11.2273
arachnophobia,5,10.1288
arafat,1,11.2273
arago,1,11.2273
aragog,1,11.2273
aragon,3,10.5342
aragorn,3,10.5342
aral,1,11.2273
araneta,1,11.2273
arango,1,11.2273
arantes,5,10.1288
arapajo,2,10.8218
ararat,2,10.8218
arbeit,1,11.2273
arbiter,1,11.2273
arbok,1,11.2273
arboles,1,11.2273
arbor,1,11.2273
arbuckle,1,11.2273
arbus,1,11.2273
arbuthnott,1,11.2273
arbys,3,10.5342
arc,19,8.925
arca,1,11.2273
arcade,7,9.8411
arcadia,2,10.8218
arcadium,1,11.2273
arcana,2,10.8218
arcane,1,11.2273
arceus,1,11.2273
arch,11,9.4357
archaeognatha,1,11.2273
archaeological,9,9.618
archaeologist,7,9.8411
archaeologists,7,9.8411
archaic,7,9.8411
archangel,4,10.3111
archbishop,5,10.1288
archduchess,1,11.2273
archduke,4,10.3111
archenemy,2,10.8218
archer,10,9.5227
archers,10,9.5227
archery,1,11.2273
arches,11,9.4357
archetype,2,10.8218
archibald,1,11.2273
archie,26,8.6251
archies,26,8.6251
archimedean,1,11.2273
archimedes,10,9.5227
archimond,1,11.2273
archipelago,9,9.618
architect,29,8.5197
architects,29,8.5197
architectural,26,8.6251
architecturally,26,8.6251
architecture,26,8.6251
archon,4,10.3111
arclite,1,11.2273
arcseconds,1,11.2273
arctic,15,9.1481
arctica,1,11.2273
arcturus,1,11.2273
arden,1,11.2273
ardent,3,10.5342
ardmacha,1,11.2273
ardmore,1,11.2273
area,166,6.8054
areal,12,9.3557
areas,166,6.8054
arecibo,1,11.2273
areida,1,11.2273
arena,13,9.2816
arenas,13,9.2816
arendt,1,11.2273
arent,1,11.2273
areology,1,11.2273
areopagitica,1,11.2273
arequipa,1,11.2273
ares,12,9.3557
aretha,21,8.8298
argenta,1,11.2273
argentina,48,8.0295
argentinasaurus,1,11.2273
argentine,5,10.1288
argentinean,2,10.8218
argentino,1,11.2273
argentum,1,11.2273
arginine,1,11.2273
argo,2,10.8218
argon,1,11.2273
argonauts,1,11.2273
arguably,22,8.7853
argue,22,8.7853
argued,22,8.7853
arguello,1,11.2273
arguing,22,8.7853
argument,22,8.7853
arguments,22,8.7853
argus,22,8.7853
argyle,2,10.8218
ari,5,10.1288
aria,6,9.9746
ariadne,3,10.5342
ariane,1,11.2273
ariary,1,11.2273
arica,1,11.2273
aricept,1,11.2273
arid,6,9.9746
ariel,13,9.2816
ariels,13,9.2816
aries,5,10.1288
arigatou,1,11.2273
arimathaea,1,11.2273
arise,2,10.8218
arista,1,11.2273
aristaeus,1,11.2273
aristarchus,3,10.5342
aristarcus,1,11.2273
aristocats,12,9.3557
aristocracy,1,11.2273
aristocrat,5,10.1288
aristocratic,5,10.1288
aristocrats,5,10.1288
aristole,1,11.2273
aristotelian,2,10.8218
aristotle,38,8.2575
aristotles,38,8.2575
arithmancy,1,11.2273
arithmetic,1,11.2273
arizas,1,11.2273
arizona,45,8.0926
ark,18,8.9763
arkadian,1,11.2273
arkadyevich,1,11.2273
arkansas,32,8.4245
arkenstone,1,11.2273
arkin,4,10.3111
arlen,3,10.5342
arlene,3,10.5342
arlington,10,9.5227
arm,63,7.7627
armada,2,10.8218
armadillo,3,10.5342
armadillos,3,10.5342
armageddon,4,10.3111
armaghobs,1,11.2273
arman,1,11.2273
armand,2,10.8218
armandhammer,1,11.2273
armando,1,11.2273
armani,2,10.8218
armature,1,11.2273
armbruster,1,11.2273
armchair,1,11.2273
armed,63,7.7627
armee,2,10.8218
armenia,13,9.2816
armenian,3,10.5342
armies,102,7.2875
armillaria,1,11.2273
armisen,1,11.2273
armistice,2,10.8218
armoire,1,11.2273
armonica,1,11.2273
armor,13,9.2816
armored,13,9.2816
armors,13,9.2816
armory,1,11.2273
armour,2,10.8218
armpit,3,10.5342
arms,63,7.7627
armstrong,34,8.3657
armstrongs,34,8.3657
army,102,7.2875
arnaz,1,11.2273
arness,12,9.3557
arnie,2,10.8218
arnold,52,7.9511
arnolds,52,7.9511
arnstein,1,11.2273
arolsen,1,11.2273
aroma,3,10.5342
aromatherapy,3,10.5342
aromatic,6,9.9746
aromatics,6,9.9746
arose,2,10.8218
around,203,6.606
arousing,1,11.2273
arp,4,10.3111
arpad,1,11.2273
arpanet,1,11.2273
arpeggio,1,11.2273
arquette,16,9.0875
arraigned,1,11.2273
arrange,20,8.8763
arranged,20,8.8763
arrangement,20,8.8763
arrangements,20,8.8763
arranger,20,8.8763
arranging,20,8.8763
arrav,1,11.2273
array,2,10.8218
arrest,47,8.0501
arrested,47,8.0501
arrestees,1,11.2273
arrhenphobia,1,11.2273
arrhythmias,1,11.2273
arrival,32,8.4245
arrive,32,8.4245
arrived,32,8.4245
arrives,32,8.4245
arriving,32,8.4245
arrogant,1,11.2273
arrow,13,9.2816
arrows,13,9.2816
arroyo,4,10.3111
arroz,3,10.5342
arsenal,28,8.5536
arsenals,28,8.5536
arsenic,28,8.5536
arsenio,1,11.2273
arson,1,11.2273
art,111,7.2039
artanis,2,10.8218
arte,111,7.2039
artemis,12,9.3557
artemisium,1,11.2273
artemiss,1,11.2273
artemus,3,10.5342
arterial,11,9.4357
arteries,11,9.4357
arteriosclerosis,2,10.8218
artery,11,9.4357
arthas,2,10.8218
arthralgia,1,11.2273
arthritic,1,11.2273
arthritis,1,11.2273
arthro,1,11.2273
arthropod,5,10.1288
arthropoda,1,11.2273
arthropods,5,10.1288
arthur,68,7.6875
arthurian,8,9.7233
arthurkraus,1,11.2273
arthurmiller,1,11.2273
arthurs,68,7.6875
artichoke,2,10.8218
artichokes,2,10.8218
article,15,9.1481
articles,15,9.1481
articulation,2,10.8218
artie,1,11.2273
artifact,7,9.8411
artifacts,7,9.8411
artificial,30,8.487
artificially,30,8.487
artillery,2,10.8218
artimas,1,11.2273
artin,2,10.8218
artio,1,11.2273
artiodactyl,1,11.2273
artist,282,6.2801
artistic,282,6.2801
artists,282,6.2801
artois,1,11.2273
arts,111,7.2039
arturian,1,11.2273
arturo,1,11.2273
artwork,5,10.1288
artworks,5,10.1288
aruba,3,10.5342
aruban,1,11.2273
arugula,1,11.2273
arum,1,11.2273
arvak,1,11.2273
arvind,1,11.2273
arvn,1,11.2273
arwen,1,11.2273
aryan,1,11.2273
arztin,1,11.2273
as2,1,11.2273
asa,1,11.2273
asana,2,10.8218
asanas,2,10.8218
asaph,3,10.5342
asbestos,1,11.2273
asbury,2,10.8218
asc,1,11.2273
ascend,10,9.5227
ascended,10,9.5227
ascending,10,9.5227
ascension,1,11.2273
ascent,3,10.5342
ascerose,1,11.2273
asceticism,1,11.2273
aschaffenburg,1,11.2273
ascheim,1,11.2273
asclepius,2,10.8218
ascorbic,1,11.2273
ascribed,1,11.2273
asem,1,11.2273
asereje,1,11.2273
asexual,7,9.8411
asexually,7,9.8411
asgard,3,10.5342
ash,19,8.925
ashamed,1,11.2273
ashanti,2,10.8218
ashdod,1,11.2273
ashe,19,8.925
asher,1,11.2273
ashes,19,8.925
ashford,1,11.2273
ashgabat,1,11.2273
ashkanazi,1,11.2273
ashkenazi,3,10.5342
ashland,1,11.2273
ashlee,1,11.2273
ashley,18,8.9763
ashoka,1,11.2273
ashtabula,9,9.618
ashtanga,1,11.2273
ashton,6,9.9746
ashtray,1,11.2273
ashville,1,11.2273
asi,2,10.8218
asia,78,7.5524
asian,56,7.8784
asians,56,7.8784
asias,78,7.5524
aside,5,10.1288
asimov,10,9.5227
asissi,1,11.2273
asked,85,7.4676
askew,1,11.2273
asking,85,7.4676
asks,85,7.4676
asl,1,11.2273
aslan,5,10.1288
asleep,7,9.8411
asmara,1,11.2273
asmus,1,11.2273
aso,1,11.2273
asp,2,10.8218
asparagus,2,10.8218
asparuh,1,11.2273
asparuhov,1,11.2273
aspect,7,9.8411
aspects,7,9.8411
aspen,2,10.8218
asper,1,11.2273
aspera,2,10.8218
aspern,2,10.8218
asphalt,1,11.2273
asphaug,1,11.2273
aspiration,9,9.618
aspirations,9,9.618
aspire,9,9.618
aspirin,2,10.8218
aspiring,9,9.618
asriel,1,11.2273
ass,2,10.8218
assal,1,11.2273
assasination,2,10.8218
assassin,52,7.9511
assassinate,52,7.9511
assassinated,52,7.9511
assassination,52,7.9511
assassinations,52,7.9511
assassinator,52,7.9511
assassins,52,7.9511
assault,14,9.2126
assaulted,14,9.2126
assaulting,14,9.2126
assaults,14,9.2126
assembly,7,9.8411
assemblyman,1,11.2273
asserted,1,11.2273
assia,2,10.8218
assiette,1,11.2273
assigned,10,9.5227
assiniboine,1,11.2273
assis,2,10.8218
assisi,1,11.2273
assist,46,8.0711
assistance,46,8.0711
assistant,46,8.0711
assistants,46,8.0711
assisted,46,8.0711
assists,46,8.0711
associate,156,6.867
associated,156,6.867
associates,156,6.867
association,156,6.867
associations,156,6.867
associative,156,6.867
asst,1,11.2273
assume,31,8.4552
assumed,31,8.4552
assumes,31,8.4552
assuming,31,8.4552
assumption,2,10.8218
assured,1,11.2273
assuredly,1,11.2273
astaire,13,9.2816
astaires,13,9.2816
astana,1,11.2273
aster,3,10.5342
asteraceae,1,11.2273
asterciary,1,11.2273
asteria,1,11.2273
asterism,3,10.5342
asterix,1,11.2273
asteroid,13,9.2816
asteroids,13,9.2816
asthma,6,9.9746
astles,1,11.2273
aston,3,10.5342
astor,3,10.5342
astoria,2,10.8218
astra,3,10.5342
astral,3,10.5342
astro,8,9.7233
astrolgelogy,1,11.2273
astrolobe,1,11.2273
astrological,22,8.7853
astrology,22,8.7853
astronaut,36,8.3102
astronauts,36,8.3102
astronomer,26,8.6251
astronomers,26,8.6251
astronomical,26,8.6251
astronomy,4,10.3111
astrophobia,1,11.2273
astrophysical,3,10.5342
astrophysics,3,10.5342
astros,8,9.7233
asturiana,1,11.2273
asunci,1,11.2273
asuncion,2,10.8218
asuras,1,11.2273
asylum,2,10.8218
asymmetric,3,10.5342
asymmetrical,3,10.5342
asynchronous,1,11.2273
ata,2,10.8218
atac,1,11.2273
atacama,2,10.8218
atanasoff,1,11.2273
atari,2,10.8218
atat,2,10.8218
ataxiophobia,1,11.2273
ataxophobia,1,11.2273
ate,19,8.925
atelophobia,1,11.2273
aten,2,10.8218
atf,1,11.2273
athabasca,1,11.2273
athabaskan,1,11.2273
atheism,3,10.5342
atheist,2,10.8218
athena,16,9.0875
athenas,16,9.0875
athenian,5,10.1288
athenians,5,10.1288
athens,33,8.3947
athina,2,10.8218
athlete,68,7.6875
athletes,68,7.6875
athletic,68,7.6875
athletics,68,7.6875
athos,2,10.8218
athropod,1,11.2273
athrty,1,11.2273
atilla,1,11.2273
ativan,1,11.2273
atkins,2,10.8218
atkinson,11,9.4357
atkinsons,11,9.4357
atland,1,11.2273
atlanta,50,7.9895
atlantic,70,7.659
atlantis,12,9.3557
atlas,8,9.7233
atlases,1,11.2273
atle,1,11.2273
atletico,2,10.8218
atm,1,11.2273
atmosphere,30,8.487
atmospheric,30,8.487
atoll,5,10.1288
atom,77,7.5651
atomic,77,7.5651
atomism,77,7.5651
atomos,1,11.2273
atoms,77,7.5651
atonal,2,10.8218
atop,1,11.2273
atorvastatin,1,11.2273
atp,2,10.8218
atrabilious,1,11.2273
atreyu,2,10.8218
atreyus,2,10.8218
atrium,1,11.2273
atrocious,1,11.2273
atron,1,11.2273
atrophy,2,10.8218
atropos,1,11.2273
ats,19,8.925
att,1,11.2273
attach,12,9.3557
attached,12,9.3557
attaches,12,9.3557
attack,114,7.1775
attacked,114,7.1775
attacker,114,7.1775
attacking,114,7.1775
attacks,114,7.1775
attain,8,9.7233
attainable,8,9.7233
attained,8,9.7233
attempt,70,7.659
attempted,70,7.659
attempting,70,7.659
attempts,70,7.659
attend,104,7.2683
attendance,104,7.2683
attendant,104,7.2683
attended,104,7.2683
attending,104,7.2683
attends,104,7.2683
attention,13,9.2816
attic,8,9.7233
attica,1,11.2273
attics,8,9.7233
atticus,4,10.3111
attila,8,9.7233
attilas,8,9.7233
attinger,1,11.2273
attire,3,10.5342
attitude,7,9.8411
attitudes,7,9.8411
attlee,1,11.2273
attorney,14,9.2126
attorneyes,1,11.2273
attorneys,14,9.2126
attorny,1,11.2273
attract,38,8.2575
attracted,38,8.2575
attracting,38,8.2575
attraction,38,8.2575
attractions,38,8.2575
attractive,38,8.2575
attracts,38,8.2575
attrell,1,11.2273
attribute,17,9.0304
attributed,17,9.0304
attributes,17,9.0304
attrition,1,11.2273
atum,2,10.8218
atwood,1,11.2273
au,7,9.8411
au1,1,11.2273
aubergine,1,11.2273
aubrey,2,10.8218
aubrun,1,11.2273
auburn,4,10.3111
auburns,4,10.3111
auckland,1,11.2273
auction,9,9.618
auctioneer,9,9.618
aud,1,11.2273
audacity,1,11.2273
audi,24,8.702
audible,3,10.5342
audie,24,8.702
audience,24,8.702
audiences,24,8.702
audio,50,7.9895
audionet,1,11.2273
audition,8,9.7233
auditioned,8,9.7233
auditor,1,11.2273
auditory,1,11.2273
audra,1,11.2273
audrey,26,8.6251
audry,1,11.2273
auger,1,11.2273
augie,1,11.2273
augmentin,1,11.2273
august,157,6.8607
augusta,8,9.7233
auguste,157,6.8607
augusten,1,11.2273
augustin,8,9.7233
augustine,8,9.7233
augustinian,2,10.8218
augusto,1,11.2273
augusts,157,6.8607
augustus,14,9.2126
augustusburg,1,11.2273
auld,1,11.2273
aum,1,11.2273
aunt,21,8.8298
auntie,1,11.2273
aura,1,11.2273
aurelia,1,11.2273
aurelius,3,10.5342
auric,1,11.2273
auriga,1,11.2273
aurora,16,9.0875
auroras,16,9.0875
aurore,1,11.2273
auschwitz,1,11.2273
auscultate,2,10.8218
auscultation,2,10.8218
austarlia,1,11.2273
austen,14,9.2126
austens,14,9.2126
austere,1,11.2273
austerlitz,2,10.8218
austin,38,8.2575
austins,38,8.2575
austrailia,1,11.2273
austral,2,10.8218
australe,2,10.8218
australia,134,7.0176
australian,84,7.4793
australians,84,7.4793
australias,134,7.0176
australo,1,11.2273
australopithecanthropus,1,11.2273
australopithecus,3,10.5342
australorp,1,11.2273
austria,59,7.8271
austrian,19,8.925
austrias,59,7.8271
autecology,1,11.2273
authenticate,1,11.2273
author,344,6.0831
authored,344,6.0831
authoring,344,6.0831
authoritative,2,10.8218
authorities,344,6.0831
authority,344,6.0831
authorization,344,6.0831
authorized,344,6.0831
authors,344,6.0831
autism,1,11.2273
autistic,3,10.5342
auto,16,9.0875
autobiographical,15,9.1481
autobiography,17,9.0304
autobot,3,10.5342
autobots,3,10.5342
autochrome,1,11.2273
autocratic,1,11.2273
autoeroticism,1,11.2273
autograph,1,11.2273
automaker,1,11.2273
automated,2,10.8218
automatic,12,9.3557
automation,2,10.8218
automaton,1,11.2273
automobile,38,8.2575
automobiles,38,8.2575
automobili,1,11.2273
automotive,2,10.8218
automysophobia,1,11.2273
autonomous,6,9.9746
autophobia,3,10.5342
autopilot,1,11.2273
autopsy,1,11.2273
autotrophic,1,11.2273
autovitalic,1,11.2273
autry,3,10.5342
autumn,18,8.9763
autumnal,18,8.9763
auvergne,1,11.2273
auville,2,10.8218
aux,4,10.3111
auxiliary,1,11.2273
auxiolophobia,1,11.2273
auxologist,1,11.2273
av,5,10.1288
ava,7,9.8411
availability,16,9.0875
available,16,9.0875
aval,1,11.2273
avalanche,9,9.618
avalloc,1,11.2273
avalon,4,10.3111
avalophobia,1,11.2273
avanital,1,11.2273
avarua,1,11.2273
avast,1,11.2273
avatar,8,9.7233
avaunt,1,11.2273
ave,5,10.1288
avec,1,11.2273
avedon,1,11.2273
avenged,14,9.2126
avenger,14,9.2126
avengers,14,9.2126
aventine,1,11.2273
avenue,9,9.618
aveo,1,11.2273
average,97,7.3372
averback,1,11.2273
averted,1,11.2273
avery,3,10.5342
aves,5,10.1288
avian,1,11.2273
aviary,1,11.2273
aviation,13,9.2816
aviator,13,9.2816
avid,7,9.8411
avifauna,1,11.2273
avila,1,11.2273
aviophobia,1,11.2273
avis,13,9.2816
avital,1,11.2273
avium,1,11.2273
aviv,9,9.618
avocado,3,10.5342
avocados,3,10.5342
avogadro,2,10.8218
avogadros,2,10.8218
avoid,11,9.4357
avoidable,11,9.4357
avoided,11,9.4357
avoirdupois,1,11.2273
avon,1,11.2273
avsyuk,1,11.2273
avuncular,1,11.2273
avuncularian,1,11.2273
aw,3,10.5342
awa,1,11.2273
awaitin,1,11.2273
awaits,1,11.2273
awake,6,9.9746
awaken,9,9.618
awakened,9,9.618
awakening,9,9.618
awakens,9,9.618
awakes,6,9.9746
award,777,5.2776
awarded,777,5.2776
awarding,777,5.2776
awards,777,5.2776
aware,13,9.2816
awareness,13,9.2816
away,106,7.2495
awclward,1,11.2273
awesomely,2,10.8218
awful,3,10.5342
awhile,1,11.2273
awkward,2,10.8218
awoke,4,10.3111
ax,2,10.8218
ax1,1,11.2273
axa,1,11.2273
axe,2,10.8218
axel,8,9.7233
axelrod,1,11.2273
axial,12,9.3557
axilla,1,11.2273
axillary,1,11.2273
axiom,5,10.1288
axis,12,9.3557
axl,3,10.5342
ay,13,9.2816
ayam,1,11.2273
aye,13,9.2816
ayers,1,11.2273
aygel,1,11.2273
aykroyd,3,10.5342
ayla,1,11.2273
aymara,1,11.2273
ayn,1,11.2273
ayres,1,11.2273
ayrton,1,11.2273
ayurveda,3,10.5342
ayutthaya,1,11.2273
az,1,11.2273
azadi,1,11.2273
azazel,1,11.2273
azelma,1,11.2273
azerbaijain,1,11.2273
azerbaijan,7,9.8411
azerbaijani,1,11.2273
aziz,1,11.2273
aziziyah,1,11.2273
azkaban,15,9.1481
azores,1,11.2273
azov,2,10.8218
aztec,11,9.4357
aztecs,11,9.4357
azzura,1,11.2273
b,269,6.3269
b1,3,10.5342
b10,1,11.2273
b12,8,9.7233
b2,5,10.1288
b29,1,11.2273
b2k,1,11.2273
b3,4,10.3111
b5,5,10.1288
b6,5,10.1288
b7,1,11.2273
b9,5,10.1288
ba,2,10.8218
baa,1,11.2273
baade,6,9.9746
baader,1,11.2273
baal,2,10.8218
baalbek,1,11.2273
baator,1,11.2273
baba,6,9.9746
babadzhanyan,1,11.2273
babalou,1,11.2273
babbage,8,9.7233
babbages,8,9.7233
babbin,1,11.2273
babcocks,1,11.2273
babe,41,8.1835
babel,13,9.2816
babershop,1,11.2273
babies,201,6.6158
babkina,1,11.2273
baboon,1,11.2273
babs,41,8.1835
babu,1,11.2273
babushka,1,11.2273
baby,201,6.6158
babylon,6,9.9746
babylonian,5,10.1288
babylonians,5,10.1288
babyruth,1,11.2273
babys,201,6.6158
babysat,1,11.2273
babysits,10,9.5227
babysitter,11,9.4357
babysitters,11,9.4357
babysitting,10,9.5227
bac,2,10.8218
bacall,2,10.8218
bacardi,2,10.8218
bacchanalian,1,11.2273
bacchus,1,11.2273
bach,24,8.702
bacharach,18,8.9763
bacharachs,18,8.9763
bachata,1,11.2273
bachelor,13,9.2816
bachelorette,2,10.8218
bachelors,13,9.2816
bachman,3,10.5342
bachs,24,8.702
bacillophobia,1,11.2273
bacillus,1,11.2273
back,299,6.222
backbiter,1,11.2273
backboard,1,11.2273
backbone,2,10.8218
backcourt,1,11.2273
backdraft,1,11.2273
backed,299,6.222
backfield,1,11.2273
background,11,9.4357
backgrounds,11,9.4357
backhand,1,11.2273
backing,299,6.222
backlund,3,10.5342
backlunda,1,11.2273
backs,299,6.222
backstage,3,10.5342
backstairs,2,10.8218
backstreet,4,10.3111
backstroke,1,11.2273
backswing,1,11.2273
backup,6,9.9746
backus,1,11.2273
backward,7,9.8411
backwards,7,9.8411
backwoods,2,10.8218
backyard,3,10.5342
backyards,3,10.5342
bacon,22,8.7853
bacons,22,8.7853
bacteria,12,9.3557
bacterial,1,11.2273
bacteriophages,1,11.2273
bacteriophobia,1,11.2273
bacterium,3,10.5342
bactria,1,11.2273
bactrian,1,11.2273
bad,99,7.317
baddest,1,11.2273
baddie,1,11.2273
bader,2,10.8218
badfinger,3,10.5342
badge,9,9.618
badger,13,9.2816
badgering,13,9.2816
badgers,13,9.2816
badly,5,10.1288
badman,1,11.2273
badmotorfinger,1,11.2273
badness,99,7.317
bads,99,7.317
badu,3,10.5342
baduns,1,11.2273
badwater,1,11.2273
baffin,1,11.2273
bafta,1,11.2273
bag,18,8.9763
baggage,3,10.5342
bagged,18,8.9763
bagger,1,11.2273
baggins,3,10.5342
baghdad,5,10.1288
bagheera,1,11.2273
baghide,1,11.2273
bags,18,8.9763
bagshot,1,11.2273
baguette,1,11.2273
baguio,1,11.2273
bagwell,1,11.2273
bah,2,10.8218
bahai,2,10.8218
bahamas,7,9.8411
bahamian,2,10.8218
bahay,2,10.8218
bahia,2,10.8218
bahrain,3,10.5342
bahraini,1,11.2273
baht,2,10.8218
bai,38,8.2575
baidicheng,1,11.2273
baigent,1,11.2273
baihua,1,11.2273
baikal,2,10.8218
baikonur,2,10.8218
bail,4,10.3111
bailey,14,9.2126
baileygates,2,10.8218
baileys,14,9.2126
bailiff,2,10.8218
bain,4,10.3111
baines,4,10.3111
baios,1,11.2273
baird,2,10.8218
bait,2,10.8218
baiting,2,10.8218
baitoh,1,11.2273
baja,1,11.2273
bajor,1,11.2273
baked,14,9.2126
baker,24,8.702
bakers,24,8.702
bakery,2,10.8218
baking,14,9.2126
bakk,1,11.2273
baklava,1,11.2273
bakr,1,11.2273
baku,5,10.1288
bakulev,1,11.2273
bakunin,3,10.5342
balance,5,10.1288
balboa,17,9.0304
balboas,17,9.0304
balcony,1,11.2273
bald,18,8.9763
balding,18,8.9763
baldness,18,8.9763
baldurs,4,10.3111
baldwin,26,8.6251
bale,3,10.5342
balearic,2,10.8218
baled,3,10.5342
baleen,1,11.2273
balfour,1,11.2273
bali,9,9.618
balin,1,11.2273
balinology,1,11.2273
balitaw,1,11.2273
balkan,8,9.7233
balkans,8,9.7233
balki,1,11.2273
ball,95,7.3578
ballack,1,11.2273
ballad,60,7.8106
balladeer,60,7.8106
ballads,60,7.8106
ballard,4,10.3111
ballerina,6,9.9746
ballerinas,6,9.9746
ballet,31,8.4552
ballets,31,8.4552
ballgame,1,11.2273
ballistic,5,10.1288
ballistics,5,10.1288
ballistite,1,11.2273
ballonette,1,11.2273
balloon,12,9.3557
balloonfish,1,11.2273
balloonists,1,11.2273
balloons,12,9.3557
balloting,1,11.2273
ballpark,3,10.5342
ballplayers,3,10.5342
ballroom,6,9.9746
ballrooms,6,9.9746
balls,95,7.3578
balm,1,11.2273
balmoral,1,11.2273
baloo,1,11.2273
balsac,1,11.2273
balsam,1,11.2273
balsamo,1,11.2273
balsom,1,11.2273
baltar,1,11.2273
baltazar,1,11.2273
baltic,20,8.8763
baltica,1,11.2273
baltimore,19,8.925
balut,1,11.2273
balzac,2,10.8218
balzary,3,10.5342
bam,2,10.8218
bamako,3,10.5342
bamba,2,10.8218
bambi,17,9.0304
bambinidipraga,1,11.2273
bambino,3,10.5342
bambis,17,9.0304
bamboo,6,9.9746
bamboos,6,9.9746
bamma,1,11.2273
bammy,2,10.8218
bams,2,10.8218
ban,68,7.6875
bana,2,10.8218
banana,27,8.5887
bananarama,2,10.8218
bananas,27,8.5887
banane,1,11.2273
banaue,1,11.2273
bancroft,2,10.8218
band,861,5.1766
bandages,1,11.2273
bandar,3,10.5342
bandaranaike,1,11.2273
bandeira,1,11.2273
banderas,14,9.2126
bandido,1,11.2273
bandit,17,9.0304
bandito,2,10.8218
banditos,2,10.8218
bandits,17,9.0304
bandleader,4,10.3111
bandmember,1,11.2273
bandolier,1,11.2273
bands,861,5.1766
bandstand,10,9.5227
bandung,1,11.2273
bandwagon,2,10.8218
bandy,1,11.2273
banes,68,7.6875
banff,1,11.2273
bang,22,8.7853
bangkok,4,10.3111
bangladesh,10,9.5227
bangladeshi,1,11.2273
bangles,7,9.8411
bangs,22,8.7853
bangui,2,10.8218
bangweulu,2,10.8218
banjo,12,9.3557
banjul,2,10.8218
bank,59,7.8271
banker,9,9.618
bankers,9,9.618
banking,59,7.8271
banknotes,4,10.3111
bankrolled,1,11.2273
bankrupt,2,10.8218
bankruptcy,5,10.1288
banks,59,7.8271
banned,68,7.6875
banner,8,9.7233
banning,68,7.6875
bannister,4,10.3111
banquero,1,11.2273
banquet,1,11.2273
banshee,3,10.5342
banshees,3,10.5342
banta,1,11.2273
banting,1,11.2273
bantu,1,11.2273
banty,1,11.2273
banyan,1,11.2273
bao,2,10.8218
baobab,1,11.2273
baptised,1,11.2273
baptism,1,11.2273
baptist,15,9.1481
baptiste,15,9.1481
baptists,15,9.1481
baptized,3,10.5342
bar,63,7.7627
bara,1,11.2273
barabas,1,11.2273
barack,20,8.8763
baracus,2,10.8218
barak,1,11.2273
baraka,1,11.2273
barani,1,11.2273
baratynsky,1,11.2273
barb,4,10.3111
barbadian,2,10.8218
barbados,13,9.2816
barbara,28,8.5536
barbaradoore,1,11.2273
barbaras,28,8.5536
barbarella,1,11.2273
barbarian,5,10.1288
barbarians,5,10.1288
barbaric,1,11.2273
barbarino,2,10.8218
barbaro,1,11.2273
barbarossa,6,9.9746
barbary,4,10.3111
barbeau,1,11.2273
barbed,4,10.3111
barber,12,9.3557
barbera,7,9.8411
barbers,12,9.3557
barbershop,4,10.3111
barbie,21,8.8298
barbieri,1,11.2273
barbies,21,8.8298
barbra,20,8.8763
barbuda,2,10.8218
barcalounger,1,11.2273
barcelona,6,9.9746
barcode,3,10.5342
bard,1,11.2273
bardejov,1,11.2273
bardems,1,11.2273
bardock,1,11.2273
bare,63,7.7627
barefoot,1,11.2273
barely,63,7.7627
barenaked,4,10.3111
barend,1,11.2273
barenfang,1,11.2273
barents,1,11.2273
baretta,1,11.2273
barfly,1,11.2273
bargain,2,10.8218
barista,1,11.2273
baritone,7,9.8411
baritones,7,9.8411
barium,1,11.2273
bark,4,10.3111
barker,13,9.2816
barkers,13,9.2816
barkhatova,1,11.2273
barkin,1,11.2273
barkley,8,9.7233
barkleys,8,9.7233
barlia,1,11.2273
barlin,1,11.2273
barloli,1,11.2273
barlow,4,10.3111
barmaid,2,10.8218
barman,1,11.2273
barn,7,9.8411
barnabus,1,11.2273
barnaby,10,9.5227
barnacle,1,11.2273
barnard,2,10.8218
barnes,7,9.8411
barney,22,8.7853
barneys,22,8.7853
barnie,1,11.2273
barnum,3,10.5342
barnums,3,10.5342
barnyard,1,11.2273
baron,8,9.7233
barone,8,9.7233
barong,1,11.2273
barongan,1,11.2273
barophobia,2,10.8218
baroque,17,9.0304
barr,2,10.8218
barracks,2,10.8218
barracuda,1,11.2273
barrage,1,11.2273
barranquilla,2,10.8218
barre,2,10.8218
barred,63,7.7627
barrel,8,9.7233
barrels,8,9.7233
barren,2,10.8218
barret,2,10.8218
barrets,2,10.8218
barrett,5,10.1288
barrettduff,1,11.2273
barricade,1,11.2273
barrie,47,8.0501
barrier,47,8.0501
barring,63,7.7627
barris,47,8.0501
barrister,1,11.2273
barrow,4,10.3111
barrows,4,10.3111
barry,47,8.0501
barrymore,12,9.3557
barrymores,12,9.3557
barrys,47,8.0501
bars,63,7.7627
bart,30,8.487
bartender,18,8.9763
barthelemy,1,11.2273
bartholdi,1,11.2273
bartholomea,1,11.2273
bartholomew,4,10.3111
bartholomews,4,10.3111
bartleby,1,11.2273
bartlet,2,10.8218
bartlets,2,10.8218
bartlett,5,10.1288
bartletts,5,10.1288
bartley,1,11.2273
bartolomeo,3,10.5342
barton,7,9.8411
bartonlino,1,11.2273
barts,30,8.487
baruch,1,11.2273
barycentric,1,11.2273
basashi,1,11.2273
bascetball,1,11.2273
base,334,6.1123
baseball,268,6.3305
baseballs,268,6.3305
based,334,6.1123
baseketball,1,11.2273
basel,1,11.2273
baseman,33,8.3947
basemen,1,11.2273
basement,8,9.7233
bases,334,6.1123
basf,1,11.2273
bash,4,10.3111
basher,1,11.2273
bashforth,1,11.2273
bashful,4,10.3111
bashi,1,11.2273
basic,46,8.0711
basically,46,8.0711
basicaly,1,11.2273
basiclly,1,11.2273
basicly,1,11.2273
basie,18,8.9763
basil,9,9.618
basilashvili,1,11.2273
basilic,9,9.618
basilica,8,9.7233
basilisk,4,10.3111
basillica,1,11.2273
basilone,1,11.2273
basils,9,9.618
basin,15,9.1481
basinger,4,10.3111
basins,15,9.1481
basis,18,8.9763
baskerville,2,10.8218
baskervilles,2,10.8218
basket,6,9.9746
basketball,149,6.9125
baskin,2,10.8218
basking,1,11.2273
baslan,1,11.2273
basophobia,1,11.2273
basque,4,10.3111
bass,33,8.3947
bassae,1,11.2273
basseterre,1,11.2273
bassett,2,10.8218
bassinger,1,11.2273
bassist,20,8.8763
bassists,20,8.8763
basso,1,11.2273
bastard,2,10.8218
bastards,2,10.8218
basted,2,10.8218
bastens,1,11.2273
bastian,3,10.5342
bastille,4,10.3111
basting,2,10.8218
bastion,1,11.2273
baston,1,11.2273
bastrop,1,11.2273
basutoland,2,10.8218
bat,60,7.8106
batavian,1,11.2273
bateman,1,11.2273
bates,60,7.8106
batey,1,11.2273
batgirl,2,10.8218
batgut,1,11.2273
bath,19,8.925
bathala,1,11.2273
bathe,19,8.925
bathed,19,8.925
bathilda,1,11.2273
bathilde,1,11.2273
bathing,19,8.925
bathophobia,3,10.5342
bathroom,11,9.4357
baths,19,8.925
bathtub,3,10.5342
bathyhilia,1,11.2273
batik,1,11.2273
batista,2,10.8218
batistas,2,10.8218
batll,2,10.8218
batlle,2,10.8218
batman,72,7.6313
batmans,72,7.6313
batmobile,2,10.8218
batmobiles,2,10.8218
batob,1,11.2273
baton,3,10.5342
batonga,1,11.2273
batophobia,2,10.8218
bator,1,11.2273
batrachophobia,1,11.2273
bats,60,7.8106
batsman,4,10.3111
batsmans,4,10.3111
battalion,4,10.3111
batted,60,7.8106
battenberg,3,10.5342
batter,8,9.7233
battered,8,9.7233
batters,8,9.7233
battery,8,9.7233
battier,9,9.618
batting,60,7.8106
battista,2,10.8218
battle,217,6.5398
battled,217,6.5398
battlefield,11,9.4357
battlefront,5,10.1288
battlegrounds,1,11.2273
battlements,1,11.2273
battles,217,6.5398
battleship,9,9.618
battleships,9,9.618
battlestar,6,9.9746
battling,217,6.5398
batts,1,11.2273
batwoman,1,11.2273
bau,2,10.8218
baubles,1,11.2273
baudelaire,4,10.3111
baudelaires,4,10.3111
bauer,7,9.8411
bauers,7,9.8411
bauhaus,1,11.2273
baum,5,10.1288
baumgartner,1,11.2273
baumkuchen,1,11.2273
baums,5,10.1288
bav,1,11.2273
bavaria,4,10.3111
bavarian,2,10.8218
bawdy,1,11.2273
baxendale,1,11.2273
baxter,5,10.1288
baxters,5,10.1288
bay,38,8.2575
bayadere,1,11.2273
bayamo,2,10.8218
bayanova,1,11.2273
baychimo,1,11.2273
bayer,1,11.2273
bayern,2,10.8218
bayhawks,1,11.2273
baylin,1,11.2273
baylor,1,11.2273
bayonne,1,11.2273
bayou,4,10.3111
bayside,9,9.618
baysides,9,9.618
baywatch,6,9.9746
baz,1,11.2273
bazaar,1,11.2273
bazhenov,1,11.2273
bazooka,2,10.8218
bb,3,10.5342
bbc,18,8.9763
bbcs,18,8.9763
bbq,1,11.2273
bc,32,8.4245
bc1,1,11.2273
bce,4,10.3111
bcs,32,8.4245
bday,1,11.2273
bea,5,10.1288
beach,63,7.7627
beaches,63,7.7627
beachhead,1,11.2273
beachs,63,7.7627
beachside,2,10.8218
beachwatch,1,11.2273
beachy,1,11.2273
beacon,1,11.2273
bead,2,10.8218
beaded,2,10.8218
beagle,15,9.1481
beagles,15,9.1481
beaked,1,11.2273
beal,4,10.3111
beale,4,10.3111
beam,11,9.4357
beamed,11,9.4357
beamer,1,11.2273
beamish,1,11.2273
bean,30,8.487
beans,30,8.487
bear,146,6.9326
bearcats,1,11.2273
beard,10,9.5227
bearded,10,9.5227
bearer,2,10.8218
bearers,2,10.8218
bearing,146,6.9326
bearpack,1,11.2273
bears,146,6.9326
beast,23,8.7428
beastiality,5,10.1288
beastiallity,1,11.2273
beastie,5,10.1288
beastmaster,1,11.2273
beasts,23,8.7428
beat,75,7.591
beata,1,11.2273
beaten,5,10.1288
beaters,1,11.2273
beatha,1,11.2273
beating,75,7.591
beatle,112,7.1951
beatles,112,7.1951
beatrice,4,10.3111
beatrix,9,9.618
beats,75,7.591
beatty,1,11.2273
beau,14,9.2126
beauclerc,1,11.2273
beaufort,1,11.2273
beaumarchais,1,11.2273
beaumont,4,10.3111
beauregarde,1,11.2273
beaus,14,9.2126
beauties,163,6.8235
beautiful,163,6.8235
beautifull,1,11.2273
beauty,163,6.8235
beautyful,1,11.2273
beautyfull,1,11.2273
beautys,163,6.8235
beaux,1,11.2273
beaver,51,7.9701
beavers,51,7.9701
beavis,4,10.3111
bebes,1,11.2273
bebop,3,10.5342
became,493,5.7268
becas,1,11.2273
because,233,6.4693
becca,1,11.2273
bechet,1,11.2273
beck,3,10.5342
becka,2,10.8218
beckenbauer,2,10.8218
becker,2,10.8218
becket,3,10.5342
beckett,5,10.1288
becketts,5,10.1288
beckford,1,11.2273
beckham,21,8.8298
beckhams,21,8.8298
beckinsale,4,10.3111
beckinsales,4,10.3111
beckman,1,11.2273
beckoning,1,11.2273
beckwith,2,10.8218
becky,8,9.7233
become,265,6.3417
becomes,265,6.3417
becoming,265,6.3417
becque,1,11.2273
becquerel,2,10.8218
bed,30,8.487
bedard,1,11.2273
bedazzled,2,10.8218
bedeveres,1,11.2273
bedford,2,10.8218
bedingfield,1,11.2273
bedlam,1,11.2273
bedloe,1,11.2273
bedpan,1,11.2273
bedposts,1,11.2273
bedridden,2,10.8218
bedrock,2,10.8218
bedroom,4,10.3111
beds,30,8.487
bedtime,1,11.2273
bee,58,7.8439
beechwood,1,11.2273
beef,13,9.2816
beefeater,1,11.2273
beefs,13,9.2816
beehive,4,10.3111
beeks,1,11.2273
beelzebub,1,11.2273
beenie,1,11.2273
beer,66,7.7169
beers,66,7.7169
bees,58,7.8439
beesley,1,11.2273
beesly,1,11.2273
beet,3,10.5342
beethovan,1,11.2273
beethoven,40,8.2076
beethovens,40,8.2076
beetle,15,9.1481
beetlejuice,1,11.2273
beetles,15,9.1481
beets,3,10.5342
before,398,5.9386
befriend,11,9.4357
befriended,11,9.4357
befriends,11,9.4357
befuddle,2,10.8218
befuddled,2,10.8218
beg,4,10.3111
began,172,6.7702
begawan,2,10.8218
beggar,1,11.2273
begged,4,10.3111
begginer,2,10.8218
begginers,2,10.8218
begging,4,10.3111
begginner,1,11.2273
begin,242,6.4317
beginer,242,6.4317
beginner,3,10.5342
beginners,3,10.5342
beginning,242,6.4317
beginnings,242,6.4317
begins,242,6.4317
begs,4,10.3111
beguin,1,11.2273
begun,5,10.1288
behalf,2,10.8218
behan,1,11.2273
behaved,3,10.5342
behaves,3,10.5342
behaving,3,10.5342
behavior,15,9.1481
behavioral,15,9.1481
behaviors,15,9.1481
behaviour,4,10.3111
beheaded,7,9.8411
behemoths,1,11.2273
behind,60,7.8106
behistun,1,11.2273
behold,1,11.2273
beijing,12,9.3557
beilieve,1,11.2273
beings,58,7.8439
beira,2,10.8218
beirut,4,10.3111
beit,2,10.8218
bejing,1,11.2273
beka,1,11.2273
bekheyr,1,11.2273
bel,21,8.8298
bela,2,10.8218
belafonte,2,10.8218
belagana,1,11.2273
belarus,9,9.618
belarusian,1,11.2273
belchen,1,11.2273
belches,1,11.2273
belding,2,10.8218
beleaguered,2,10.8218
beleive,21,8.8298
belfast,3,10.5342
belgariad,1,11.2273
belgian,12,9.3557
belgians,12,9.3557
belgica,1,11.2273
belgium,23,8.7428
belgrade,7,9.8411
belguim,1,11.2273
belicheck,1,11.2273
belief,25,8.6628
beliefs,25,8.6628
believe,175,6.7531
believed,175,6.7531
believer,175,6.7531
believers,175,6.7531
believes,175,6.7531
believing,175,6.7531
belina,1,11.2273
belinda,4,10.3111
belindas,4,10.3111
belinski,1,11.2273
belittle,1,11.2273
belize,9,9.618
beljawskya,1,11.2273
belke,1,11.2273
belkin,1,11.2273
bell,136,7.0029
bella,9,9.618
bellamy,3,10.5342
bellas,9,9.618
bellatrix,3,10.5342
belle,136,7.0029
belleau,1,11.2273
belleayre,1,11.2273
belles,136,7.0029
bellhop,2,10.8218
bellhorn,1,11.2273
bellies,7,9.8411
belligerent,3,10.5342
belligerents,3,10.5342
bellmans,1,11.2273
belloq,1,11.2273
bellows,1,11.2273
bells,136,7.0029
bellum,1,11.2273
bellweather,1,11.2273
bellwether,1,11.2273
belly,7,9.8411
belmont,1,11.2273
belmopan,1,11.2273
belo,1,11.2273
belomophobia,1,11.2273
belonephobia,2,10.8218
belong,196,6.6408
belonged,196,6.6408
belonging,196,6.6408
belongs,196,6.6408
belopolskya,1,11.2273
belorussian,1,11.2273
beloved,17,9.0304
below,44,8.1146
belshazzar,1,11.2273
belt,18,8.9763
beltane,1,11.2273
belteshazzar,1,11.2273
belthazor,4,10.3111
belthazors,4,10.3111
belton,1,11.2273
beltran,1,11.2273
belugas,1,11.2273
belushi,5,10.1288
belvedere,2,10.8218
belvin,1,11.2273
belweather,1,11.2273
belwether,1,11.2273
belyavsky,18,8.9763
ben,71,7.645
benatar,3,10.5342
benazir,1,11.2273
bench,7,9.8411
benchly,1,11.2273
benchwarmers,7,9.8411
bend,7,9.8411
bender,6,9.9746
bendigo,1,11.2273
bending,7,9.8411
bendix,1,11.2273
bends,7,9.8411
beneath,7,9.8411
benedict,8,9.7233
benediction,8,9.7233
beneficial,16,9.0875
beneficiary,1,11.2273
benefit,10,9.5227
benefiting,10,9.5227
benefits,10,9.5227
benelux,1,11.2273
benes,71,7.645
benetton,1,11.2273
benevolence,2,10.8218
benevolent,2,10.8218
bengal,2,10.8218
bengali,2,10.8218
bengals,2,10.8218
bengt,2,10.8218
benham,1,11.2273
benicia,1,11.2273
benicio,1,11.2273
benigni,3,10.5342
benigno,1,11.2273
benin,2,10.8218
benitez,1,11.2273
benito,5,10.1288
benjamin,67,7.7021
benjamins,67,7.7021
benji,3,10.5342
benko,1,11.2273
bennet,6,9.9746
bennets,6,9.9746
bennett,6,9.9746
bennie,19,8.925
bennington,3,10.5342
benny,19,8.925
bennys,19,8.925
benoit,1,11.2273
bens,71,7.645
benson,6,9.9746
bent,5,10.1288
bentley,2,10.8218
benton,1,11.2273
bentonville,1,11.2273
benua,1,11.2273
benz,8,9.7233
benzene,1,11.2273
beograd,1,11.2273
beothuk,1,11.2273
beowulf,1,11.2273
beraishees,1,11.2273
berber,1,11.2273
berecyntia,1,11.2273
bereft,1,11.2273
beren,1,11.2273
berenger,2,10.8218
beret,2,10.8218
berets,2,10.8218
berezhnoy,1,11.2273
berezov,1,11.2273
berg,3,10.5342
bergamot,1,11.2273
bergen,5,10.1288
bergerac,2,10.8218
bergeron,1,11.2273
bergkamp,2,10.8218
bergman,6,9.9746
bergmann,1,11.2273
bergmans,6,9.9746
bergson,1,11.2273
bering,6,9.9746
beringa,1,11.2273
berjaya,1,11.2273
berkeley,3,10.5342
berkelium,1,11.2273
berkely,1,11.2273
berkley,4,10.3111
berkly,1,11.2273
berkowitz,4,10.3111
berkshire,1,11.2273
berle,2,10.8218
berlin,36,8.3102
berliner,36,8.3102
berlioz,4,10.3111
berliozs,4,10.3111
berlitz,1,11.2273
berlusconi,10,9.5227
bermensch,1,11.2273
bermuda,14,9.2126
bermudian,1,11.2273
bern,9,9.618
bernadette,5,10.1288
bernadino,1,11.2273
bernalillo,1,11.2273
bernard,11,9.4357
bernardino,1,11.2273
bernardo,12,9.3557
bernays,5,10.1288
berne,9,9.618
berners,9,9.618
bernhard,2,10.8218
bernhardt,2,10.8218
bernice,1,11.2273
bernie,23,8.7428
bernini,2,10.8218
bernoulli,2,10.8218
bernstein,5,10.1288
berounka,1,11.2273
berra,20,8.8763
berras,20,8.8763
berries,30,8.487
berring,6,9.9746
berry,30,8.487
berrys,30,8.487
berserk,4,10.3111
berserker,4,10.3111
bersuda,1,11.2273
bert,4,10.3111
bertha,5,10.1288
bertinelli,2,10.8218
bertolt,3,10.5342
bertolucci,10,9.5227
bertoluccis,10,9.5227
bertrand,6,9.9746
berwanger,1,11.2273
berwick,2,10.8218
berying,1,11.2273
beryl,2,10.8218
beryllium,1,11.2273
bes,58,7.8439
beside,47,8.0501
besides,47,8.0501
besieged,5,10.1288
beskidy,1,11.2273
beskydy,1,11.2273
beslan,2,10.8218
besmirch,1,11.2273
besov,1,11.2273
bespectacled,1,11.2273
bespin,2,10.8218
bess,8,9.7233
besser,1,11.2273
bessie,3,10.5342
besss,1,11.2273
best,651,5.4521
bestial,2,10.8218
bestiality,2,10.8218
bestiallyity,1,11.2273
bestiary,1,11.2273
bestow,4,10.3111
bestowed,4,10.3111
bests,651,5.4521
bestseller,4,10.3111
bestselling,4,10.3111
beszel,1,11.2273
bet,15,9.1481
beta,4,10.3111
betamax,1,11.2273
betankur,1,11.2273
betar,1,11.2273
betelgeuse,2,10.8218
beth,8,9.7233
bethany,3,10.5342
bethel,2,10.8218
bethemmons,1,11.2273
bethesda,1,11.2273
bethlehem,16,9.0875
bethpage,1,11.2273
bethseda,1,11.2273
betoluccis,1,11.2273
betray,8,9.7233
betrayal,1,11.2273
betrayed,8,9.7233
betraying,8,9.7233
betrays,8,9.7233
betrothed,1,11.2273
betsey,1,11.2273
betsy,2,10.8218
bette,12,9.3557
better,76,7.578
betting,15,9.1481
betty,45,8.0926
bettys,45,8.0926
between,322,6.1486
betwixt,1,11.2273
betz,1,11.2273
beuf,1,11.2273
beulah,3,10.5342
bev,1,11.2273
beverage,34,8.3657
beverages,34,8.3657
beverley,1,11.2273
beverly,88,7.4334
bevy,3,10.5342
beware,4,10.3111
bewildered,2,10.8218
bewitch,33,8.3947
bewitched,33,8.3947
bewitches,33,8.3947
bewulf,1,11.2273
beyonce,40,8.2076
beyonces,40,8.2076
beyond,9,9.618
bezukov,1,11.2273
bg,1,11.2273
bh,3,10.5342
bhakti,1,11.2273
bhang,1,11.2273
bhanji,1,11.2273
bhat,1,11.2273
bhatt,1,11.2273
bhed,1,11.2273
bhinneka,1,11.2273
bhola,1,11.2273
bhumipol,3,10.5342
bhumipols,3,10.5342
bhutan,5,10.1288
bhuto,1,11.2273
bi,4,10.3111
bialik,2,10.8218
bianca,3,10.5342
biasone,1,11.2273
bibby,1,11.2273
bibendum,1,11.2273
biberman,1,11.2273
bibiana,1,11.2273
bibingka,1,11.2273
bible,102,7.2875
bibles,102,7.2875
biblical,53,7.9324
biblically,53,7.9324
bibliobibuli,1,11.2273
bibliophobia,3,10.5342
bibliopole,1,11.2273
bibliothek,1,11.2273
bicameralism,1,11.2273
bicentennial,1,11.2273
biceps,1,11.2273
bichons,1,11.2273
bicirrhis,1,11.2273
bick,1,11.2273
bickering,1,11.2273
bickerstaff,2,10.8218
bickley,1,11.2273
bicycle,9,9.618
bicycles,9,9.618
bicyclist,2,10.8218
bid,13,9.2816
bidding,13,9.2816
biddle,1,11.2273
biden,10,9.5227
bidens,10,9.5227
bidice,1,11.2273
bidin,1,11.2273
bieber,5,10.1288
biebers,5,10.1288
bien,2,10.8218
bierce,6,9.9746
bierces,6,9.9746
biff,3,10.5342
bifocal,1,11.2273
bifrost,1,11.2273
big,363,6.0298
bigamist,1,11.2273
bigelow,1,11.2273
bigfoot,7,9.8411
bigger,26,8.6251
biggest,537,5.6422
biggin,1,11.2273
bighorn,2,10.8218
bigot,1,11.2273
bigwig,2,10.8218
bike,8,9.7233
biker,8,9.7233
bikers,8,9.7233
biking,8,9.7233
bikini,5,10.1288
bilady,1,11.2273
bilateeral,1,11.2273
bilateral,1,11.2273
bilbo,1,11.2273
bilby,1,11.2273
bilderberg,1,11.2273
bileive,1,11.2273
bilius,1,11.2273
bill,187,6.6874
billboard,34,8.3657
billed,187,6.6874
billiard,12,9.3557
billiards,12,9.3557
billie,146,6.9326
billingham,1,11.2273
billings,187,6.6874
billingsley,1,11.2273
billion,29,8.5197
billionaire,10,9.5227
billionaires,10,9.5227
billions,29,8.5197
billiss,1,11.2273
billius,1,11.2273
billmclaughlin,1,11.2273
billoboards,1,11.2273
billroth,1,11.2273
bills,187,6.6874
billy,146,6.9326
bin,8,9.7233
binary,4,10.3111
binaural,1,11.2273
bind,7,9.8411
binding,7,9.8411
bindlestiff,1,11.2273
bindo,2,10.8218
binds,7,9.8411
bing,20,8.8763
bingham,1,11.2273
bingley,1,11.2273
bingo,3,10.5342
bings,20,8.8763
binns,1,11.2273
binoche,2,10.8218
bio,4,10.3111
biochemist,1,11.2273
biodegrade,1,11.2273
biodiversity,3,10.5342
biofelds,1,11.2273
biographers,15,9.1481
biographic,15,9.1481
biographical,15,9.1481
biography,5,10.1288
biohazard,2,10.8218
biological,25,8.6628
biologist,7,9.8411
biologists,7,9.8411
biology,25,8.6628
bionic,7,9.8411
biopic,3,10.5342
bioregenerative,1,11.2273
bios,4,10.3111
biosphere,1,11.2273
biotechnology,1,11.2273
biotin,1,11.2273
bip,1,11.2273
bipedal,1,11.2273
biplane,1,11.2273
bipolar,4,10.3111
bir,1,11.2273
birch,2,10.8218
bird,142,6.9601
birdie,2,10.8218
birdman,3,10.5342
birdo,3,10.5342
birds,142,6.9601
birdsong,2,10.8218
birdwell,1,11.2273
birdwing,1,11.2273
birkin,1,11.2273
birkirkara,1,11.2273
birmingham,14,9.2126
birna,1,11.2273
biro,1,11.2273
birth,172,6.7702
birthdate,1,11.2273
birthday,59,7.8271
birthdays,59,7.8271
birthname,2,10.8218
birthplace,19,8.925
birthplaces,19,8.925
birthright,1,11.2273
births,172,6.7702
birthstone,9,9.618
biruni,2,10.8218
biscuit,8,9.7233
biscuits,8,9.7233
bisects,2,10.8218
bisexual,1,11.2273
bishkek,1,11.2273
bishop,15,9.1481
bishops,15,9.1481
bishtop,1,11.2273
bismarck,4,10.3111
bismuth,1,11.2273
bison,3,10.5342
bispo,1,11.2273
bissau,2,10.8218
bissell,1,11.2273
bit,37,8.2835
bitch,6,9.9746
bitches,6,9.9746
bite,37,8.2835
bites,37,8.2835
biting,37,8.2835
bits,37,8.2835
bitsy,1,11.2273
bittan,1,11.2273
bitten,3,10.5342
bitter,11,9.4357
bitters,11,9.4357
bittersweet,1,11.2273
bittesini,1,11.2273
bius,2,10.8218
bivalves,1,11.2273
bivoj,1,11.2273
bixler,1,11.2273
biya,2,10.8218
bizarre,4,10.3111
bizet,2,10.8218
bj,2,10.8218
bjoern,1,11.2273
bjork,3,10.5342
bjorks,3,10.5342
bjorn,1,11.2273
bk,1,11.2273
bkl,1,11.2273
bl,1,11.2273
black,406,5.9189
blackbeard,9,9.618
blackbeards,9,9.618
blackberries,5,10.1288
blackberry,5,10.1288
blackbird,2,10.8218
blackburn,1,11.2273
blackcomb,1,11.2273
blackenstein,1,11.2273
blackest,1,11.2273
blackfoot,1,11.2273
blackhawk,2,10.8218
blackhawks,2,10.8218
blackhearts,2,10.8218
blacking,406,5.9189
blackjack,20,8.8763
blackledge,1,11.2273
blacklight,1,11.2273
blacklist,7,9.8411
blacklisted,7,9.8411
blackman,1,11.2273
blackmon,1,11.2273
blackmore,3,10.5342
blackout,2,10.8218
blacks,406,5.9189
blacksmith,2,10.8218
blacksmiths,2,10.8218
blackstar,5,10.1288
blackthrone,1,11.2273
blackwell,6,9.9746
blackwells,6,9.9746
blackworm,1,11.2273
bladder,2,10.8218
blade,22,8.7853
blades,22,8.7853
bladud,1,11.2273
blagoevgrad,1,11.2273
blahnik,1,11.2273
blaine,3,10.5342
blair,25,8.6628
blairs,25,8.6628
blaisdell,1,11.2273
blaise,6,9.9746
blake,22,8.7853
blakes,22,8.7853
blame,8,9.7233
blamed,8,9.7233
blaming,8,9.7233
blanc,11,9.4357
blanca,2,10.8218
blanchard,1,11.2273
blanche,6,9.9746
blanchet,1,11.2273
blanchett,3,10.5342
blanching,6,9.9746
blancos,1,11.2273
blancs,11,9.4357
blanda,1,11.2273
blandick,1,11.2273
blandishment,1,11.2273
blank,12,9.3557
blanket,2,10.8218
blankly,1,11.2273
blanquette,1,11.2273
blarney,1,11.2273
blase,2,10.8218
blasphemous,1,11.2273
blasphemy,1,11.2273
blast,8,9.7233
blaster,4,10.3111
blasters,4,10.3111
blasting,8,9.7233
blatantly,1,11.2273
blatta,1,11.2273
blattaria,1,11.2273
blattella,1,11.2273
blau,1,11.2273
blave,1,11.2273
blaxploitation,1,11.2273
blaylock,1,11.2273
blayze,1,11.2273
blaze,43,8.137
blazer,3,10.5342
blazers,3,10.5342
blazing,43,8.137
bleach,5,10.1288
bleachers,1,11.2273
bleak,3,10.5342
bleda,1,11.2273
bleed,11,9.4357
bleeder,1,11.2273
bleeding,11,9.4357
bleeds,11,9.4357
bleery,1,11.2273
blefuscu,1,11.2273
bleibner,1,11.2273
bleier,1,11.2273
bleiwe,1,11.2273
blend,5,10.1288
blended,5,10.1288
blender,2,10.8218
blending,5,10.1288
blepharitis,1,11.2273
blepharo,1,11.2273
blepharoplasty,1,11.2273
bleriot,1,11.2273
bless,12,9.3557
blessed,12,9.3557
blesses,12,9.3557
blessing,12,9.3557
blessings,12,9.3557
blew,2,10.8218
bliadhna,1,11.2273
blige,11,9.4357
bliges,11,9.4357
blight,1,11.2273
blimpie,1,11.2273
blind,28,8.5536
blinded,28,8.5536
blindfolded,3,10.5342
blindfolds,3,10.5342
blindly,1,11.2273
blindness,28,8.5536
blink,4,10.3111
blinks,4,10.3111
blinky,3,10.5342
blipverts,1,11.2273
bliskunov,1,11.2273
bliss,4,10.3111
blissful,4,10.3111
blister,1,11.2273
blithe,2,10.8218
blitz,2,10.8218
blitzball,2,10.8218
blitzen,1,11.2273
blitzes,2,10.8218
blitzkrieg,6,9.9746
blix,1,11.2273
blizzard,2,10.8218
bloat,3,10.5342
bloated,3,10.5342
blob,1,11.2273
block,22,8.7853
blockade,5,10.1288
blockaded,5,10.1288
blockbuster,17,9.0304
blockbusters,17,9.0304
blocked,22,8.7853
blocker,1,11.2273
blocking,22,8.7853
blocks,22,8.7853
blofeld,6,9.9746
blofelds,6,9.9746
blond,32,8.4245
blonde,32,8.4245
blondes,32,8.4245
blondie,7,9.8411
blondin,1,11.2273
bloo,1,11.2273
blood,213,6.5583
blooded,213,6.5583
bloodhound,3,10.5342
bloodiest,4,10.3111
bloodless,1,11.2273
bloodline,1,11.2273
bloodpack,1,11.2273
bloodsport,1,11.2273
bloodstone,1,11.2273
bloodstream,1,11.2273
bloodthirsty,1,11.2273
bloody,17,9.0304
bloom,35,8.3375
bloomed,35,8.3375
blooming,35,8.3375
bloomington,1,11.2273
blooms,35,8.3375
bloomsbury,1,11.2273
bloomsday,3,10.5342
bloor,1,11.2273
blore,1,11.2273
blossom,22,8.7853
blossoms,22,8.7853
blotches,1,11.2273
blott,2,10.8218
blotts,2,10.8218
blount,3,10.5342
blow,22,8.7853
blowfish,20,8.8763
blowfishs,20,8.8763
blowin,3,10.5342
blowing,22,8.7853
blown,3,10.5342
blownapart,1,11.2273
blowout,2,10.8218
blowpop,1,11.2273
blows,22,8.7853
blu,293,6.2421
bludger,1,11.2273
blue,293,6.2421
blueberries,1,11.2273
bluebird,2,10.8218
bluefurs,1,11.2273
bluegrass,7,9.8411
bluenotes,1,11.2273
bluepaw,4,10.3111
blueprint,2,10.8218
blues,293,6.2421
bluestar,14,9.2126
bluestars,14,9.2126
bluetooth,1,11.2273
bluff,2,10.8218
bluish,2,10.8218
blume,1,11.2273
blunt,2,10.8218
blur,1,11.2273
blus,293,6.2421
blush,4,10.3111
bluster,1,11.2273
blustery,1,11.2273
bluths,1,11.2273
bluto,3,10.5342
bly,2,10.8218
blythe,3,10.5342
blyton,7,9.8411
blytons,7,9.8411
bm,1,11.2273
bmi,1,11.2273
bmw,3,10.5342
bn,2,10.8218
bnai,2,10.8218
bo,24,8.702
boa,2,10.8218
boar,6,9.9746
board,56,7.8784
boarded,56,7.8784
boarding,56,7.8784
boards,56,7.8784
boardwalk,1,11.2273
boars,6,9.9746
boas,2,10.8218
boast,8,9.7233
boasted,8,9.7233
boasts,8,9.7233
boat,56,7.8784
boating,56,7.8784
boatmen,1,11.2273
boats,56,7.8784
boaz,5,10.1288
boazs,5,10.1288
bob,163,6.8235
boba,1,11.2273
bobbie,65,7.7319
bobby,65,7.7319
bobbys,65,7.7319
bobcats,7,9.8411
bobo,2,10.8218
bobrov,1,11.2273
bobs,163,6.8235
bobsleds,1,11.2273
boccaccio,1,11.2273
bocce,2,10.8218
boccherini,1,11.2273
bocephus,1,11.2273
bochco,1,11.2273
bock,2,10.8218
bocks,2,10.8218
bocuse,1,11.2273
bodacious,1,11.2273
boddicker,1,11.2273
bode,1,11.2273
bodell,1,11.2273
bodenheimer,1,11.2273
bodh,1,11.2273
bodhi,5,10.1288
bodhis,5,10.1288
bodhisattva,1,11.2273
bodice,2,10.8218
bodied,300,6.2187
bodies,300,6.2187
bodily,4,10.3111
bodine,1,11.2273
bodrum,2,10.8218
body,300,6.2187
bodybuilder,4,10.3111
bodybuilding,4,10.3111
bodyguard,10,9.5227
bodyguards,10,9.5227
bodys,300,6.2187
bodysuit,1,11.2273
bodywork,1,11.2273
boeing,24,8.702
boer,3,10.5342
boerewors,1,11.2273
bog,2,10.8218
bogart,10,9.5227
bogey,2,10.8218
boggart,2,10.8218
boggs,2,10.8218
boggy,2,10.8218
bogomilova,1,11.2273
bogot,1,11.2273
bogota,3,10.5342
bogues,2,10.8218
boh,2,10.8218
boheme,1,11.2273
bohemia,5,10.1288
bohemian,3,10.5342
bohr,1,11.2273
bohune,1,11.2273
boil,14,9.2126
boiled,14,9.2126
boiler,2,10.8218
boilermaker,2,10.8218
boilermakers,2,10.8218
boiling,14,9.2126
bois,225,6.5039
boise,6,9.9746
boisterous,1,11.2273
bojangles,4,10.3111
bok,1,11.2273
bol,1,11.2273
bola,1,11.2273
bolan,2,10.8218
bold,5,10.1288
boldest,1,11.2273
boldly,2,10.8218
bolero,1,11.2273
boley,1,11.2273
boleyn,8,9.7233
boleyns,8,9.7233
bolin,1,11.2273
bolitar,1,11.2273
boliva,1,11.2273
bolivar,3,10.5342
bolivia,21,8.8298
bolivian,2,10.8218
boliviano,1,11.2273
bolivias,21,8.8298
boll,3,10.5342
bollard,1,11.2273
bollea,1,11.2273
bolles,3,10.5342
bollettieri,1,11.2273
bollocks,1,11.2273
bollywood,2,10.8218
bologna,2,10.8218
bolotov,1,11.2273
bolshephobia,1,11.2273
bolshevik,2,10.8218
bolsheviks,2,10.8218
bolshoi,1,11.2273
bolso,1,11.2273
bolt,15,9.1481
bolton,3,10.5342
bolts,15,9.1481
boltshot,1,11.2273
bolyai,2,10.8218
bom,2,10.8218
bomb,52,7.9511
bombarded,3,10.5342
bombardier,1,11.2273
bombardment,3,10.5342
bombastic,1,11.2273
bombay,3,10.5342
bombe,52,7.9511
bombed,52,7.9511
bomber,8,9.7233
bombero,2,10.8218
bombers,8,9.7233
bombing,52,7.9511
bombings,52,7.9511
bombs,52,7.9511
bomfunk,1,11.2273
bomp,1,11.2273
bon,101,7.2973
bona,2,10.8218
bonanno,2,10.8218
bonannos,2,10.8218
bonano,1,11.2273
bonanza,3,10.5342
bonaparte,20,8.8763
bonapartes,20,8.8763
bonaventura,1,11.2273
bonaventure,1,11.2273
bond,100,7.3071
bondarenko,1,11.2273
bonded,100,7.3071
bondry,1,11.2273
bonds,100,7.3071
bone,101,7.2973
bonehead,1,11.2273
boneless,1,11.2273
boneparte,1,11.2273
boner,1,11.2273
bonerz,2,10.8218
bones,101,7.2973
bonesteel,1,11.2273
bonestell,1,11.2273
bonet,1,11.2273
boney,4,10.3111
bonfire,3,10.5342
bonfires,3,10.5342
bongo,2,10.8218
bonham,3,10.5342
bonheur,1,11.2273
bonhomme,1,11.2273
boniface,1,11.2273
bonified,1,11.2273
bonita,1,11.2273
bonjour,1,11.2273
bonn,10,9.5227
bonne,10,9.5227
bonnet,1,11.2273
bonney,1,11.2273
bonnie,26,8.6251
bonny,26,8.6251
bono,11,9.4357
bonsai,1,11.2273
bonus,1,11.2273
bonuses,2,10.8218
bony,2,10.8218
bonz,1,11.2273
boo,1,11.2273
boob,2,10.8218
boobs,2,10.8218
boobsll,1,11.2273
boog,1,11.2273
booga,1,11.2273
booger,1,11.2273
boogeyman,1,11.2273
boogie,16,9.0875
book,714,5.361
bookcrasher,1,11.2273
booked,714,5.361
booker,3,10.5342
bookie,1,11.2273
bookkeeper,2,10.8218
books,714,5.361
bookshelf,1,11.2273
bookstore,1,11.2273
bookworm,2,10.8218
boom,11,9.4357
boomed,11,9.4357
boomerang,2,10.8218
boomhaurs,1,11.2273
booming,11,9.4357
booms,11,9.4357
boon,10,9.5227
boone,10,9.5227
boons,10,9.5227
boop,1,11.2273
boorg,1,11.2273
boorman,2,10.8218
boormans,2,10.8218
boost,2,10.8218
booster,1,11.2273
boosting,2,10.8218
boot,16,9.0875
booth,6,9.9746
boothe,6,9.9746
bootheel,1,11.2273
bootlegger,1,11.2273
boots,16,9.0875
bootsy,1,11.2273
booty,1,11.2273
bootylicious,1,11.2273
booze,1,11.2273
bop,5,10.1288
bopper,5,10.1288
boppers,5,10.1288
bora,3,10.5342
boran,1,11.2273
borax,1,11.2273
borchardt,1,11.2273
bordeaux,1,11.2273
bordens,1,11.2273
border,106,7.2495
bordered,106,7.2495
bordering,106,7.2495
borders,106,7.2495
bore,11,9.4357
borealis,1,11.2273
boreanaz,1,11.2273
boreas,1,11.2273
bored,11,9.4357
borg,3,10.5342
borgnine,8,9.7233
borgonovo,1,11.2273
boring,11,9.4357
borinquena,1,11.2273
boris,20,8.8763
borispetrov,1,11.2273
born,1004,5.0257
borne,1004,5.0257
borneo,12,9.3557
borobudur,1,11.2273
borodin,3,10.5342
boromir,2,10.8218
boron,3,10.5342
borough,13,9.2816
boroughs,13,9.2816
borrow,5,10.1288
borrowed,5,10.1288
borrowing,5,10.1288
borrows,5,10.1288
borscht,1,11.2273
borstein,1,11.2273
borucki,1,11.2273
bosch,2,10.8218
bosche,2,10.8218
bosco,2,10.8218
boscorelli,1,11.2273
bosley,2,10.8218
bosnia,4,10.3111
bosnian,1,11.2273
bosom,10,9.5227
boson,2,10.8218
bosphorus,2,10.8218
boss,75,7.591
bossa,4,10.3111
bosses,75,7.591
bossier,4,10.3111
bosss,2,10.8218
bossy,4,10.3111
bostaph,1,11.2273
bosten,1,11.2273
boston,105,7.2589
bostonians,1,11.2273
bostwick,1,11.2273
bosworth,2,10.8218
botanic,7,9.8411
botanical,7,9.8411
botanically,7,9.8411
botanico,1,11.2273
botanist,4,10.3111
botanophobia,1,11.2273
botany,2,10.8218
both,237,6.4524
bother,3,10.5342
bothered,3,10.5342
boto,1,11.2273
botophobia,2,10.8218
botox,2,10.8218
bots,1,11.2273
botswana,5,10.1288
botticelli,3,10.5342
botticello,1,11.2273
bottle,23,8.7428
bottled,23,8.7428
bottlenose,1,11.2273
bottles,23,8.7428
bottling,23,8.7428
bottom,13,9.2816
bottomless,1,11.2273
bottoms,13,9.2816
botulinum,2,10.8218
boublil,1,11.2273
boucher,1,11.2273
boudu,1,11.2273
bougainville,1,11.2273
bought,42,8.16
bouguer,1,11.2273
bouillabaisse,1,11.2273
bouillon,1,11.2273
boulder,2,10.8218
boules,2,10.8218
boulevard,2,10.8218
bounce,4,10.3111
bounced,4,10.3111
bouncer,1,11.2273
bounciness,1,11.2273
bound,14,9.2126
boundarie,7,9.8411
boundaries,7,9.8411
boundary,7,9.8411
boundless,2,10.8218
boundry,1,11.2273
bounds,14,9.2126
bounty,19,8.925
bouquet,1,11.2273
bourbon,4,10.3111
bourdon,1,11.2273
bourgeoisie,1,11.2273
bourguet,1,11.2273
bourne,16,9.0875
bournes,16,9.0875
boursin,1,11.2273
bout,10,9.5227
boutique,5,10.1288
boutiques,5,10.1288
boutros,1,11.2273
bouts,10,9.5227
bouvier,2,10.8218
bouzouki,1,11.2273
bovid,1,11.2273
bovine,1,11.2273
bow,47,8.0501
bowden,3,10.5342
bowdens,3,10.5342
bowdler,1,11.2273
bowdlerization,1,11.2273
bowdlerize,1,11.2273
bowe,47,8.0501
bowed,47,8.0501
bowen,1,11.2273
bower,2,10.8218
bowerman,1,11.2273
bowes,47,8.0501
bowfinger,1,11.2273
bowflex,1,11.2273
bowie,20,8.8763
bowies,20,8.8763
bowing,47,8.0501
bowl,113,7.1863
bowled,113,7.1863
bowlen,1,11.2273
bowler,1,11.2273
bowles,113,7.1863
bowling,113,7.1863
bowls,113,7.1863
bowman,2,10.8218
bowmans,2,10.8218
bows,47,8.0501
bowser,4,10.3111
bowsers,4,10.3111
box,90,7.4112
boxcar,1,11.2273
boxed,90,7.4112
boxer,30,8.487
boxers,30,8.487
boxes,90,7.4112
boxing,90,7.4112
boxology,1,11.2273
boxscore,1,11.2273
boxtops,1,11.2273
boxty,1,11.2273
boy,225,6.5039
boyband,2,10.8218
boycott,7,9.8411
boycotted,1,11.2273
boyd,6,9.9746
boyds,6,9.9746
boyer,1,11.2273
boyfriend,47,8.0501
boyfriends,47,8.0501
boyhood,1,11.2273
boyle,4,10.3111
boys,225,6.5039
boyz,11,9.4357
boyzone,2,10.8218
boz,1,11.2273
boza,1,11.2273
bozhenkova,1,11.2273
bozo,1,11.2273
br,4,10.3111
bra,12,9.3557
bracci,1,11.2273
braccio,1,11.2273
brace,4,10.3111
bracelet,2,10.8218
bracelets,2,10.8218
braces,4,10.3111
brachiosaurus,1,11.2273
brackenfur,2,10.8218
brackett,1,11.2273
brad,64,7.7472
bradbury,13,9.2816
bradburys,13,9.2816
braddock,4,10.3111
brades,64,7.7472
bradford,6,9.9746
bradley,10,9.5227
brads,64,7.7472
bradshaw,2,10.8218
bradstreet,1,11.2273
brady,85,7.4676
bradycardia,1,11.2273
bradys,85,7.4676
braemar,1,11.2273
brag,5,10.1288
bragadin,1,11.2273
bragg,2,10.8218
bragged,5,10.1288
brahe,3,10.5342
brahma,4,10.3111
brahmaputra,1,11.2273
brahmas,4,10.3111
brahmin,1,11.2273
brahms,4,10.3111
braided,1,11.2273
brailey,1,11.2273
braille,2,10.8218
brain,65,7.7319
brainchild,1,11.2273
brained,65,7.7319
brainiac,1,11.2273
brainin,1,11.2273
brainless,1,11.2273
brains,65,7.7319
brainstem,2,10.8218
brainwashing,1,11.2273
brainy,1,11.2273
braising,1,11.2273
brake,3,10.5342
brakes,3,10.5342
bram,7,9.8411
bramah,1,11.2273
brambleclaw,3,10.5342
bramblekit,1,11.2273
bramhall,1,11.2273
braminus,1,11.2273
bramlett,1,11.2273
bran,1,11.2273
branch,38,8.2575
branches,38,8.2575
branchii,1,11.2273
branco,1,11.2273
brand,69,7.6732
branded,69,7.6732
brandeis,1,11.2273
branden,1,11.2273
brandenburg,1,11.2273
brandenburger,1,11.2273
brandis,13,9.2816
brando,18,8.9763
brandon,16,9.0875
brandons,16,9.0875
brandos,18,8.9763
brands,69,7.6732
brandschatzung,1,11.2273
brandt,1,11.2273
brandy,13,9.2816
brang,1,11.2273
branigan,1,11.2273
branka,1,11.2273
brannon,1,11.2273
branson,2,10.8218
bras,12,9.3557
brasa,1,11.2273
braselton,1,11.2273
brasil,3,10.5342
brasilia,2,10.8218
brass,4,10.3111
brat,4,10.3111
bratislava,7,9.8411
brats,4,10.3111
bratwurst,1,11.2273
braun,4,10.3111
braunerov,1,11.2273
bravados,1,11.2273
brave,40,8.2076
braveheart,7,9.8411
braveland,1,11.2273
braver,2,10.8218
bravery,2,10.8218
braves,40,8.2076
bravest,1,11.2273
bravo,18,8.9763
bravos,18,8.9763
brawl,8,9.7233
brawler,1,11.2273
brawn,2,10.8218
brawne,2,10.8218
braxton,6,9.9746
braxtons,6,9.9746
bray,1,11.2273
brazil,56,7.8784
brazilian,26,8.6251
brazill,56,7.8784
brazzaville,2,10.8218
brd,1,11.2273
breach,2,10.8218
bread,54,7.9141
breadfruit,1,11.2273
breads,54,7.9141
breadwinner,1,11.2273
break,129,7.0552
breakcharacter,1,11.2273
breakdance,1,11.2273
breakdown,3,10.5342
breaker,2,10.8218
breakey,1,11.2273
breakfast,46,8.0711
breaking,129,7.0552
breakout,2,10.8218
breakpoint,1,11.2273
breaks,129,7.0552
breakthrough,5,10.1288
breakup,5,10.1288
breaky,1,11.2273
breast,16,9.0875
breastbone,1,11.2273
breasts,16,9.0875
breaststroke,1,11.2273
breath,44,8.1146
breathalyzer,1,11.2273
breathe,44,8.1146
breathing,44,8.1146
breathless,2,10.8218
breatkthru,1,11.2273
brecht,3,10.5342
breck,1,11.2273
brecken,1,11.2273
bred,5,10.1288
bree,1,11.2273
breeches,1,11.2273
breed,78,7.5524
breeder,2,10.8218
breeding,78,7.5524
breedlove,2,10.8218
breeds,78,7.5524
breeze,5,10.1288
breliant,1,11.2273
brelliant,1,11.2273
bremen,1,11.2273
bren,1,11.2273
brenda,16,9.0875
brendan,1,11.2273
brendas,16,9.0875
brendel,1,11.2273
brennan,4,10.3111
brenner,2,10.8218
brent,4,10.3111
brentwood,1,11.2273
breslau,2,10.8218
breslin,1,11.2273
brest,1,11.2273
bret,9,9.618
brethed,1,11.2273
brethren,1,11.2273
brett,64,7.7472
bretts,64,7.7472
breuer,1,11.2273
brevity,1,11.2273
brew,13,9.2816
brewed,13,9.2816
brewer,8,9.7233
breweries,7,9.8411
brewers,8,9.7233
brewery,7,9.8411
brewing,13,9.2816
brews,13,9.2816
brewster,8,9.7233
brewsters,8,9.7233
brian,59,7.8271
brians,59,7.8271
briar,1,11.2273
briarcliff,1,11.2273
bribe,2,10.8218
bribed,2,10.8218
brice,1,11.2273
brick,13,9.2816
bricker,1,11.2273
brickman,1,11.2273
bricks,13,9.2816
brickyard,2,10.8218
bridal,1,11.2273
bridalveil,1,11.2273
bride,38,8.2575
brides,38,8.2575
brideshead,1,11.2273
bridesmaid,2,10.8218
bridesmaids,2,10.8218
bridge,76,7.578
bridgeport,4,10.3111
bridges,76,7.578
bridget,3,10.5342
bridgeton,1,11.2273
bridgetown,1,11.2273
bridgettine,1,11.2273
brie,1,11.2273
brief,11,9.4357
briefcase,1,11.2273
briefing,11,9.4357
briefly,8,9.7233
briefs,11,9.4357
brienne,1,11.2273
brig,1,11.2273
brigade,2,10.8218
brigadier,4,10.3111
brigante,1,11.2273
briggs,2,10.8218
brigham,1,11.2273
bright,17,9.0304
brighter,2,10.8218
brightest,9,9.618
brightly,2,10.8218
brightman,1,11.2273
brightness,17,9.0304
brights,17,9.0304
brigitta,2,10.8218
brigitte,5,10.1288
briliant,1,11.2273
brilliant,10,9.5227
brim,1,11.2273
brimley,1,11.2273
brindle,1,11.2273
brine,1,11.2273
bring,41,8.1835
bringer,3,10.5342
bringers,3,10.5342
bringing,41,8.1835
brings,41,8.1835
brinjal,1,11.2273
brinkley,2,10.8218
brinks,1,11.2273
brisbane,1,11.2273
briscoe,2,10.8218
brisebois,1,11.2273
bristlecone,1,11.2273
bristol,6,9.9746
brit,1,11.2273
britain,56,7.8784
britains,56,7.8784
britannian,1,11.2273
britannica,1,11.2273
brith,1,11.2273
britian,1,11.2273
british,292,6.2455
britney,12,9.3557
briton,2,10.8218
britons,2,10.8218
britt,2,10.8218
brittany,13,9.2816
brittens,1,11.2273
brittingham,1,11.2273
brittle,1,11.2273
brlusconi,1,11.2273
brno,1,11.2273
broa,1,11.2273
broach,1,11.2273
broad,8,9.7233
broadbent,1,11.2273
broadcast,31,8.4552
broadcasted,31,8.4552
broadcaster,31,8.4552
broadcasting,31,8.4552
broadcasts,31,8.4552
broader,1,11.2273
broadest,1,11.2273
broadsides,1,11.2273
broadway,71,7.645
brocade,2,10.8218
brocas,1,11.2273
brocchi,1,11.2273
brocciu,1,11.2273
broccoli,12,9.3557
brocious,1,11.2273
brocius,1,11.2273
brock,3,10.5342
brockdale,1,11.2273
brockman,1,11.2273
brockovich,2,10.8218
brocks,3,10.5342
brockton,1,11.2273
brocoli,1,11.2273
brod,1,11.2273
broderick,14,9.2126
brodericks,14,9.2126
broduer,1,11.2273
brodway,1,11.2273
brody,5,10.1288
brodys,5,10.1288
broil,2,10.8218
broiling,2,10.8218
brokaw,1,11.2273
broke,71,7.645
broken,26,8.6251
brokenhearted,3,10.5342
brokering,2,10.8218
brokers,2,10.8218
brolin,4,10.3111
brolly,1,11.2273
brom,1,11.2273
bromelain,1,11.2273
bromwell,1,11.2273
bronc,1,11.2273
bronchial,1,11.2273
broncho,1,11.2273
broncons,1,11.2273
broncos,8,9.7233
bronson,5,10.1288
bronsted,1,11.2273
bront,6,9.9746
bronte,6,9.9746
bronto,1,11.2273
brontophobia,2,10.8218
brontosaurus,3,10.5342
bronx,32,8.4245
bronxite,6,9.9746
bronze,13,9.2816
bronzebeard,2,10.8218
brooch,1,11.2273
brood,6,9.9746
brooding,6,9.9746
brook,58,7.8439
brooke,58,7.8439
brookline,3,10.5342
brooklyn,42,8.16
brooklyns,42,8.16
brooks,58,7.8439
broom,2,10.8218
broome,2,10.8218
broons,1,11.2273
brorsen,1,11.2273
bros,24,8.702
brosnan,1,11.2273
broth,3,10.5342
brothel,1,11.2273
brother,316,6.1672
brotherhood,5,10.1288
brotherly,1,11.2273
brothers,316,6.1672
brought,70,7.659
brow,2,10.8218
brown,209,6.5771
browne,209,6.5771
brownian,1,11.2273
brownie,3,10.5342
brownies,3,10.5342
browning,209,6.5771
brownish,2,10.8218
browns,209,6.5771
brownstone,5,10.1288
brownsville,1,11.2273
browser,6,9.9746
browsers,6,9.9746
broxnite,1,11.2273
broyles,1,11.2273
bru,1,11.2273
brubeck,2,10.8218
bruce,108,7.231
brucegoldberg,1,11.2273
brucemurray,1,11.2273
bruces,108,7.231
bruckheimer,1,11.2273
bruford,1,11.2273
bruinen,1,11.2273
bruins,3,10.5342
brunei,4,10.3111
brunelleschi,1,11.2273
brunette,3,10.5342
brunettes,3,10.5342
bruni,1,11.2273
brunners,1,11.2273
bruno,4,10.3111
brunswick,7,9.8411
brush,6,9.9746
brusier,1,11.2273
brussels,13,9.2816
brutal,7,9.8411
brutality,7,9.8411
brutally,7,9.8411
brute,2,10.8218
brw,1,11.2273
bryan,24,8.702
bryant,37,8.2835
bryants,37,8.2835
bryn,3,10.5342
bryndza,1,11.2273
bryson,1,11.2273
brzezinski,1,11.2273
bs,2,10.8218
bt,1,11.2273
btdt,1,11.2273
bub,1,11.2273
bubba,5,10.1288
bubble,11,9.4357
bubblegum,4,10.3111
bubonic,1,11.2273
buccaneer,2,10.8218
buccaneers,2,10.8218
buccinator,1,11.2273
bucco,1,11.2273
buccula,1,11.2273
bucephalus,2,10.8218
buchanan,10,9.5227
buchannon,2,10.8218
buchar,1,11.2273
bucharest,4,10.3111
buchinsky,1,11.2273
buchman,2,10.8218
buchmans,2,10.8218
buck,26,8.6251
buckbeak,2,10.8218
buckcherry,1,11.2273
bucket,3,10.5342
buckethead,1,11.2273
buckeye,4,10.3111
buckhimer,1,11.2273
bucking,26,8.6251
buckingham,1,11.2273
buckinghamshire,1,11.2273
buckland,4,10.3111
buckle,1,11.2273
buckner,3,10.5342
bucks,26,8.6251
buckshot,1,11.2273
buckskin,1,11.2273
bucky,2,10.8218
bucolianist,1,11.2273
bucs,1,11.2273
bucuresti,1,11.2273
bud,18,8.9763
buda,1,11.2273
budapest,7,9.8411
budd,2,10.8218
buddha,16,9.0875
buddhas,16,9.0875
buddhism,29,8.5197
buddhist,21,8.8298
buddhists,21,8.8298
buddies,37,8.2835
buddy,37,8.2835
buddys,37,8.2835
budge,1,11.2273
budget,7,9.8411
budgets,7,9.8411
budgie,1,11.2273
buds,18,8.9763
budweiser,2,10.8218
bueang,2,10.8218
bueller,11,9.4357
buellers,11,9.4357
buena,2,10.8218
buenos,8,9.7233
buff,1,11.2273
buffalo,40,8.2076
buffaloes,40,8.2076
buffay,1,11.2273
buffett,49,8.0093
buffetts,49,8.0093
buffoonish,1,11.2273
buffy,129,7.0552
buffys,129,7.0552
bufonophilia,1,11.2273
buford,4,10.3111
bug,11,9.4357
bugaboo,1,11.2273
bugatti,1,11.2273
buggles,1,11.2273
buggy,3,10.5342
bugle,3,10.5342
bugler,1,11.2273
bugs,11,9.4357
bugsy,1,11.2273
buick,3,10.5342
build,131,7.04
builder,4,10.3111
builders,4,10.3111
building,131,7.04
buildings,131,7.04
builds,131,7.04
built,129,7.0552
buisness,1,11.2273
bujac,1,11.2273
bujumbura,2,10.8218
bukowski,1,11.2273
bulaklak,1,11.2273
bulb,7,9.8411
bulba,1,11.2273
bulbous,2,10.8218
bulbs,7,9.8411
bulbul,1,11.2273
bulgaria,14,9.2126
bulgarian,13,9.2816
bulge,3,10.5342
bulgur,1,11.2273
bulimia,1,11.2273
bulk,5,10.1288
bulking,5,10.1288
bulky,1,11.2273
bull,61,7.7944
bulldog,7,9.8411
bulldogs,7,9.8411
bullet,15,9.1481
bulletin,2,10.8218
bulletproof,1,11.2273
bullets,15,9.1481
bullfight,8,9.7233
bullfighter,8,9.7233
bullfighting,8,9.7233
bullfights,8,9.7233
bullfrog,3,10.5342
bullied,11,9.4357
bullies,11,9.4357
bullitt,2,10.8218
bullock,13,9.2816
bullocks,13,9.2816
bulls,61,7.7944
bully,11,9.4357
bullying,11,9.4357
bulova,2,10.8218
bulow,1,11.2273
bulsara,2,10.8218
bulwer,1,11.2273
bum,2,10.8218
bumblebee,2,10.8218
bumbler,1,11.2273
bumbleton,1,11.2273
bumbling,1,11.2273
bump,2,10.8218
bumpkin,1,11.2273
bumps,2,10.8218
bumpy,1,11.2273
bun,6,9.9746
bunad,1,11.2273
bunch,73,7.6177
bundchen,1,11.2273
bundestag,1,11.2273
bundle,6,9.9746
bundled,6,9.9746
bundles,6,9.9746
bundy,10,9.5227
bundys,10,9.5227
bungalow,1,11.2273
bungee,2,10.8218
bungle,3,10.5342
bungy,1,11.2273
bunk,1,11.2273
bunker,21,8.8298
bunkers,21,8.8298
bunn,1,11.2273
bunnies,16,9.0875
bunny,16,9.0875
bunnymen,2,10.8218
bunnys,16,9.0875
buns,6,9.9746
bunting,2,10.8218
bunyan,1,11.2273
buoniconti,1,11.2273
buono,1,11.2273
buoyancy,1,11.2273
buoyant,2,10.8218
buoying,1,11.2273
bupkis,1,11.2273
burbank,2,10.8218
burbs,1,11.2273
burckhardt,1,11.2273
burdenko,1,11.2273
burdon,1,11.2273
bureau,10,9.5227
bureaucracy,1,11.2273
bureaucrat,2,10.8218
bureaucratic,2,10.8218
buren,10,9.5227
burens,10,9.5227
burg,1,11.2273
burger,9,9.618
burgess,4,10.3111
burgesses,4,10.3111
burghs,1,11.2273
burglars,4,10.3111
burglary,1,11.2273
burgons,1,11.2273
burgundian,2,10.8218
burgundy,5,10.1288
burial,40,8.2076
buried,40,8.2076
buring,1,11.2273
burj,2,10.8218
burke,10,9.5227
burkes,10,9.5227
burkina,4,10.3111
burks,10,9.5227
burl,2,10.8218
burlesqued,1,11.2273
burlington,2,10.8218
burma,6,9.9746
burmese,1,11.2273
burn,69,7.6732
burnard,1,11.2273
burned,69,7.6732
burnett,10,9.5227
burnham,2,10.8218
burning,69,7.6732
burnishing,1,11.2273
burnout,1,11.2273
burns,69,7.6732
burnside,3,10.5342
burnss,1,11.2273
burnt,3,10.5342
burov,1,11.2273
burr,3,10.5342
burrell,2,10.8218
burried,1,11.2273
burrino,1,11.2273
burritos,1,11.2273
burroughs,3,10.5342
burrowdale,1,11.2273
burrowing,4,10.3111
burrows,4,10.3111
burst,5,10.1288
burstyn,1,11.2273
burt,43,8.137
burtnik,2,10.8218
burton,25,8.6628
burtons,25,8.6628
burundi,2,10.8218
burundian,1,11.2273
bury,40,8.2076
burying,40,8.2076
bus,27,8.5887
busby,1,11.2273
busch,8,9.7233
buses,1,11.2273
busey,1,11.2273
bush,39,8.2322
bushel,5,10.1288
bushelfur,1,11.2273
bushels,5,10.1288
bushido,1,11.2273
bushmaster,1,11.2273
bushnell,1,11.2273
bushs,39,8.2322
bushwhackers,1,11.2273
bushwood,1,11.2273
bushy,1,11.2273
busiest,4,10.3111
business,59,7.8271
businessman,14,9.2126
businessmans,14,9.2126
businessmen,1,11.2273
businessperson,1,11.2273
busker,1,11.2273
bussines,1,11.2273
bussiness,1,11.2273
bust,18,8.9763
busta,1,11.2273
bustard,1,11.2273
busted,18,8.9763
buster,19,8.925
busters,19,8.925
bustin,1,11.2273
busy,59,7.8271
busybody,1,11.2273
butakov,1,11.2273
butch,14,9.2126
butcher,9,9.618
butchs,14,9.2126
butenandt,1,11.2273
butkus,2,10.8218
butler,30,8.487
butlers,30,8.487
butov,1,11.2273
butt,8,9.7233
butte,8,9.7233
butter,21,8.8298
buttercup,4,10.3111
buttered,21,8.8298
butterfield,3,10.5342
butterfingers,1,11.2273
butterflies,52,7.9511
butterfly,52,7.9511
butters,21,8.8298
butterscotch,1,11.2273
butthead,1,11.2273
buttocks,1,11.2273
button,9,9.618
buttonless,1,11.2273
buttons,9,9.618
buxom,1,11.2273
buy,43,8.137
buyers,1,11.2273
buying,43,8.137
buys,43,8.137
buzinov,1,11.2273
buzious,1,11.2273
buzz,16,9.0875
buzzi,1,11.2273
buzzword,1,11.2273
buzzwords,1,11.2273
bv1,1,11.2273
bvd,1,11.2273
bvds,1,11.2273
bw1,1,11.2273
bwk,1,11.2273
byblis,1,11.2273
byblos,1,11.2273
bye,7,9.8411
byline,2,10.8218
byner,1,11.2273
byrd,5,10.1288
byrds,5,10.1288
byrne,6,9.9746
byrnes,6,9.9746
byron,13,9.2816
byronic,13,9.2816
bystanders,2,10.8218
byth,1,11.2273
byu,1,11.2273
byzantine,12,9.3557
byzantium,2,10.8218
c,222,6.5173
c12,2,10.8218
c2,1,11.2273
c3,2,10.8218
c3h8,1,11.2273
c3po,1,11.2273
c4,1,11.2273
c47,1,11.2273
ca,13,9.2816
ca1,1,11.2273
caan,3,10.5342
cab,15,9.1481
cabala,1,11.2273
caballero,2,10.8218
caballeros,2,10.8218
cabana,1,11.2273
cabaret,7,9.8411
cabbage,8,9.7233
cabdriver,1,11.2273
cabell,1,11.2273
cabernet,1,11.2273
cabin,7,9.8411
cabinda,1,11.2273
cabinet,7,9.8411
cabins,7,9.8411
cabira,1,11.2273
cable,13,9.2816
cables,13,9.2816
cabo,1,11.2273
cabotos,1,11.2273
cabral,2,10.8218
cabrara,1,11.2273
cabret,1,11.2273
cacahuate,1,11.2273
cacao,4,10.3111
cacatua,1,11.2273
cachaca,1,11.2273
cache,1,11.2273
caciocavallo,1,11.2273
cacius,1,11.2273
cackle,1,11.2273
cacomorphobia,1,11.2273
cacophilia,1,11.2273
cacophony,1,11.2273
cacti,4,10.3111
cactis,4,10.3111
cactus,9,9.618
cad,3,10.5342
cadabra,1,11.2273
cadbury,1,11.2273
caddie,5,10.1288
caddies,5,10.1288
caddo,1,11.2273
caddy,5,10.1288
caddyshack,11,9.4357
cade,3,10.5342
cadence,1,11.2273
cadet,2,10.8218
cadets,2,10.8218
cadillac,6,9.9746
cadmium,1,11.2273
cadres,1,11.2273
caducity,1,11.2273
cady,3,10.5342
cadys,3,10.5342
caecilians,1,11.2273
caesar,37,8.2835
caesarean,1,11.2273
caesars,37,8.2835
caesium,1,11.2273
caf,14,9.2126
cafe,14,9.2126
cafeteria,2,10.8218
caff,1,11.2273
caffeine,16,9.0875
caffeines,16,9.0875
caffellatte,1,11.2273
cagayan,1,11.2273
cage,42,8.16
caged,42,8.16
cages,42,8.16
cagle,1,11.2273
cagney,2,10.8218
cagneys,2,10.8218
cahill,1,11.2273
cai,3,10.5342
caid,1,11.2273
caillebotte,1,11.2273
caiman,1,11.2273
cain,8,9.7233
caine,8,9.7233
cainophobia,2,10.8218
caipirinha,1,11.2273
cairo,20,8.8763
caitlin,2,10.8218
caitlins,2,10.8218
caitlyn,2,10.8218
cajamarca,1,11.2273
cajan,1,11.2273
caje,1,11.2273
cajun,1,11.2273
cake,42,8.16
cakes,42,8.16
cakesniffers,1,11.2273
caking,42,8.16
cal,9,9.618
calabi,2,10.8218
calabria,1,11.2273
calamity,1,11.2273
calatafimi,1,11.2273
calaveras,1,11.2273
calcaneal,1,11.2273
calcaneus,1,11.2273
calcified,1,11.2273
calcite,1,11.2273
calcium,9,9.618
calculate,16,9.0875
calculated,16,9.0875
calculating,16,9.0875
calculation,16,9.0875
calculations,16,9.0875
calculator,16,9.0875
calculus,11,9.4357
calcutta,1,11.2273
caldeiras,1,11.2273
calder,1,11.2273
caldera,2,10.8218
calderon,2,10.8218
caldwell,1,11.2273
cale,9,9.618
caleb,3,10.5342
caledonian,1,11.2273
caledonii,1,11.2273
calendar,29,8.5197
calendars,29,8.5197
calender,1,11.2273
calendula,3,10.5342
calf,9,9.618
calfornia,1,11.2273
calgary,3,10.5342
calgene,1,11.2273
calhoun,2,10.8218
cali,2,10.8218
caliban,2,10.8218
caliber,3,10.5342
calibrated,2,10.8218
calibre,2,10.8218
calici,1,11.2273
calico,2,10.8218
california,187,6.6874
californias,187,6.6874
californication,1,11.2273
californium,1,11.2273
caligula,14,9.2126
caligulas,14,9.2126
caligynephobia,3,10.5342
calingasta,1,11.2273
caliph,3,10.5342
caliphate,3,10.5342
calista,1,11.2273
calixa,1,11.2273
call,985,5.0444
calla,8,9.7233
callaghan,1,11.2273
callahan,3,10.5342
callander,1,11.2273
callas,8,9.7233
called,985,5.0444
callen,1,11.2273
caller,2,10.8218
callie,2,10.8218
calligraphy,1,11.2273
calling,985,5.0444
calliope,1,11.2273
calliphoridae,1,11.2273
callisto,2,10.8218
callous,1,11.2273
calloway,3,10.5342
calls,985,5.0444
callsign,1,11.2273
calm,12,9.3557
calming,12,9.3557
calogero,5,10.1288
calogeros,5,10.1288
calor,4,10.3111
calores,4,10.3111
caloric,4,10.3111
calories,19,8.925
caloris,19,8.925
calphite,1,11.2273
caludia,1,11.2273
calumet,2,10.8218
calvada,1,11.2273
calvary,1,11.2273
calvera,1,11.2273
calves,4,10.3111
calvin,44,8.1146
calvinism,44,8.1146
calvins,44,8.1146
calypso,5,10.1288
camarguaise,7,9.8411
camaro,2,10.8218
cambell,1,11.2273
cambiadiscos,1,11.2273
cambodia,16,9.0875
cambodian,4,10.3111
cambria,1,11.2273
cambrian,16,9.0875
cambridge,9,9.618
cambyses,1,11.2273
camcorder,1,11.2273
camden,3,10.5342
camdens,3,10.5342
came,145,6.9394
camel,13,9.2816
camelia,1,11.2273
camellia,2,10.8218
camelot,4,10.3111
camels,13,9.2816
camembert,1,11.2273
camembertie,1,11.2273
cameo,22,8.7853
cameos,22,8.7853
camera,23,8.7428
cameraman,3,10.5342
cameras,23,8.7428
cameron,44,8.1146
camerons,44,8.1146
cameroon,5,10.1288
camilla,1,11.2273
camille,5,10.1288
camilleri,1,11.2273
caminada,1,11.2273
camonte,1,11.2273
camouflage,1,11.2273
camp,34,8.3657
campaign,44,8.1146
campaigned,44,8.1146
campaigning,44,8.1146
campaigns,44,8.1146
campanella,1,11.2273
campanile,1,11.2273
campanology,1,11.2273
campbell,28,8.5536
campbells,28,8.5536
campdrafting,1,11.2273
campesino,1,11.2273
campfire,2,10.8218
campobello,1,11.2273
camps,34,8.3657
campus,9,9.618
campuses,1,11.2273
camra,1,11.2273
camryn,2,10.8218
camulatz,1,11.2273
camus,1,11.2273
cana,2,10.8218
canaan,1,11.2273
canada,114,7.1775
canadas,114,7.1775
canadian,97,7.3372
canadians,97,7.3372
canadiens,8,9.7233
canaidan,1,11.2273
canal,14,9.2126
canale,14,9.2126
canali,1,11.2273
canaria,1,11.2273
canary,7,9.8411
canaveral,2,10.8218
canberra,6,9.9746
cancel,10,9.5227
canceled,10,9.5227
cancellation,10,9.5227
cancelled,10,9.5227
cancer,51,7.9701
cancerian,2,10.8218
cancerophobia,1,11.2273
cancers,51,7.9701
canci,2,10.8218
cancrivorus,1,11.2273
candaces,3,10.5342
candelabras,1,11.2273
candian,1,11.2273
candice,3,10.5342
candid,11,9.4357
candidacy,1,11.2273
candidate,11,9.4357
candiru,1,11.2273
candle,31,8.4552
candleberry,2,10.8218
candlelight,1,11.2273
candlemas,1,11.2273
candlenut,1,11.2273
candles,31,8.4552
candlesnuffer,1,11.2273
candlestick,3,10.5342
candrell,1,11.2273
candy,39,8.2322
candyland,1,11.2273
candyman,3,10.5342
candys,39,8.2322
cane,13,9.2816
canes,13,9.2816
canh,1,11.2273
canidae,1,11.2273
canina,1,11.2273
canine,8,9.7233
canis,2,10.8218
cannabis,2,10.8218
canned,13,9.2816
cannery,2,10.8218
cannes,4,10.3111
cannibal,19,8.925
cannibalistic,3,10.5342
cannibals,19,8.925
canning,13,9.2816
cannon,9,9.618
cannons,9,9.618
cannot,43,8.137
canoe,1,11.2273
canoli,1,11.2273
canon,8,9.7233
canonical,8,9.7233
canonized,8,9.7233
canopy,1,11.2273
canova,1,11.2273
cans,13,9.2816
canseco,2,10.8218
cansecos,2,10.8218
cansino,1,11.2273
cansinos,1,11.2273
cant,72,7.6313
cantal,1,11.2273
canteen,2,10.8218
canterbury,9,9.618
canterburys,9,9.618
canterville,1,11.2273
canto,3,10.5342
canton,3,10.5342
cantons,3,10.5342
cantor,1,11.2273
cantrell,1,11.2273
canute,1,11.2273
canutt,2,10.8218
canvas,3,10.5342
canyon,8,9.7233
canyoning,8,9.7233
canyons,8,9.7233
cap,53,7.9324
capabilities,17,9.0304
capability,17,9.0304
capablanca,1,11.2273
capable,17,9.0304
capacious,1,11.2273
capacitance,1,11.2273
capacity,4,10.3111
capcom,1,11.2273
cape,53,7.9324
caped,53,7.9324
capello,2,10.8218
capetian,1,11.2273
capetown,1,11.2273
capita,4,10.3111
capital,695,5.3876
capitalise,1,11.2273
capitalist,2,10.8218
capitalistic,2,10.8218
capitalized,695,5.3876
capitals,695,5.3876
capitanes,1,11.2273
capitanio,1,11.2273
capitated,695,5.3876
capitol,4,10.3111
capitoline,1,11.2273
capo,2,10.8218
capodanno,1,11.2273
capoeira,2,10.8218
capone,17,9.0304
capones,17,9.0304
capote,2,10.8218
capp,7,9.8411
capped,53,7.9324
capps,7,9.8411
cappuccino,2,10.8218
capra,2,10.8218
caprese,1,11.2273
capri,2,10.8218
caprice,1,11.2273
capricorn,8,9.7233
capricorns,8,9.7233
caps,53,7.9324
capshaw,1,11.2273
capsicum,1,11.2273
capsizes,1,11.2273
capsule,2,10.8218
capt,7,9.8411
captain,138,6.9884
captained,138,6.9884
captains,138,6.9884
captat,1,11.2273
captian,1,11.2273
caption,1,11.2273
captivating,7,9.8411
captive,7,9.8411
captivity,7,9.8411
capture,43,8.137
captured,43,8.137
captures,43,8.137
capturing,43,8.137
capuano,1,11.2273
capulet,1,11.2273
capybara,4,10.3111
car,461,5.7932
cara,2,10.8218
carabosse,1,11.2273
caracas,3,10.5342
caramel,2,10.8218
caramelization,2,10.8218
carangi,1,11.2273
carasau,1,11.2273
carasso,1,11.2273
carat,4,10.3111
carats,4,10.3111
caravaggio,2,10.8218
caravel,1,11.2273
carb,3,10.5342
carbamazepine,1,11.2273
carbine,1,11.2273
carbohydrate,7,9.8411
carbohydrates,7,9.8411
carbon,27,8.5887
carbonate,27,8.5887
carbonated,27,8.5887
carbonell,1,11.2273
carboniferous,3,10.5342
carbonite,1,11.2273
carbonneau,1,11.2273
carbonyl,2,10.8218
carbuncle,1,11.2273
carbunkle,1,11.2273
carburetor,2,10.8218
carcass,1,11.2273
carcharoth,1,11.2273
carcino,1,11.2273
carcinogen,1,11.2273
carcinology,1,11.2273
carcinophobia,1,11.2273
carcuses,1,11.2273
card,82,7.5031
cardalda,1,11.2273
cardboard,2,10.8218
cardiac,5,10.1288
cardiff,2,10.8218
cardigans,11,9.4357
cardinal,35,8.3375
cardinale,1,11.2273
cardinals,35,8.3375
cardio,1,11.2273
cardiovascular,3,10.5342
cards,82,7.5031
care,461,5.7932
cared,461,5.7932
career,461,5.7932
careers,461,5.7932
careful,461,5.7932
carefully,2,10.8218
careless,1,11.2273
carell,16,9.0875
carells,16,9.0875
cares,461,5.7932
caretaker,4,10.3111
carew,2,10.8218
carey,47,8.0501
careys,47,8.0501
cargo,3,10.5342
carhenge,1,11.2273
caribbean,50,7.9895
caribe,4,10.3111
caribou,4,10.3111
caricaturist,2,10.8218
caries,9,9.618
carillo,2,10.8218
carjacked,1,11.2273
carl,54,7.9141
carla,16,9.0875
carlahayden,1,11.2273
carlas,16,9.0875
carleton,1,11.2273
carley,2,10.8218
carlin,12,9.3557
carlins,12,9.3557
carlisle,2,10.8218
carlo,38,8.2575
carlos,38,8.2575
carlotta,1,11.2273
carlson,4,10.3111
carlsons,4,10.3111
carlton,12,9.3557
carly,24,8.702
carlyle,1,11.2273
carlys,24,8.702
carmaker,1,11.2273
carmarthenshire,1,11.2273
carmel,2,10.8218
carmelita,1,11.2273
carmelite,1,11.2273
carmella,2,10.8218
carmelo,1,11.2273
carmen,17,9.0304
carmens,17,9.0304
carmenta,1,11.2273
carmichael,1,11.2273
carmine,3,10.5342
carmingo,1,11.2273
carnaology,1,11.2273
carnation,4,10.3111
carnegie,3,10.5342
carnelian,1,11.2273
carner,1,11.2273
carnes,3,10.5342
carney,2,10.8218
carnitine,1,11.2273
carnival,12,9.3557
carnivore,28,8.5536
carnivores,28,8.5536
carnivorous,28,8.5536
carol,47,8.0501
carole,47,8.0501
carolina,71,7.645
carolinas,71,7.645
caroline,5,10.1288
carolinesmith,1,11.2273
carolingian,2,10.8218
caroll,47,8.0501
carols,47,8.0501
carolus,1,11.2273
carolyn,3,10.5342
caroselli,1,11.2273
carosi,1,11.2273
carota,1,11.2273
carotene,1,11.2273
carotenoids,2,10.8218
carothers,1,11.2273
carotid,2,10.8218
carousel,2,10.8218
carp,2,10.8218
carpals,1,11.2273
carpathia,4,10.3111
carpathian,1,11.2273
carpe,2,10.8218
carpenter,13,9.2816
carpenters,13,9.2816
carpet,6,9.9746
carpets,6,9.9746
carpintero,2,10.8218
carpo,1,11.2273
carr,4,10.3111
carrack,1,11.2273
carradine,12,9.3557
carradines,12,9.3557
carrara,2,10.8218
carraway,1,11.2273
carrell,1,11.2273
carrey,24,8.702
carreys,24,8.702
carriage,4,10.3111
carriages,4,10.3111
carribou,1,11.2273
carrie,147,6.9259
carried,147,6.9259
carrier,147,6.9259
carriers,147,6.9259
carries,147,6.9259
carrion,4,10.3111
carroll,9,9.618
carrolls,9,9.618
carrot,13,9.2816
carrots,13,9.2816
carruthers,1,11.2273
carry,147,6.9259
carrying,147,6.9259
cars,461,5.7932
carsharing,1,11.2273
carson,21,8.8298
carsons,21,8.8298
cart,5,10.1288
carta,1,11.2273
cartagena,1,11.2273
carte,5,10.1288
cartel,3,10.5342
carter,45,8.0926
carters,45,8.0926
cartesian,2,10.8218
carthaginian,3,10.5342
cartier,3,10.5342
cartilage,5,10.1288
cartilages,5,10.1288
cartman,12,9.3557
cartmans,12,9.3557
cartographer,1,11.2273
cartoon,115,7.1689
cartoonist,6,9.9746
cartoons,115,7.1689
cartridge,2,10.8218
cartridges,2,10.8218
cartwheel,1,11.2273
cartwright,3,10.5342
carumba,1,11.2273
caruso,1,11.2273
carve,13,9.2816
carved,13,9.2816
carver,4,10.3111
carvey,3,10.5342
carving,13,9.2816
carvings,13,9.2816
cary,9,9.618
caryhuang,1,11.2273
caryn,3,10.5342
caryophyllus,1,11.2273
casa,1,11.2273
casablanca,25,8.6628
casablancas,25,8.6628
casanova,14,9.2126
casanovas,14,9.2126
cascia,1,11.2273
case,56,7.8784
caselotti,1,11.2273
cases,56,7.8784
casey,9,9.618
cash,34,8.3657
cashed,34,8.3657
cashew,2,10.8218
cashflow,1,11.2273
cashiers,1,11.2273
cashmere,7,9.8411
cashs,34,8.3657
casing,56,7.8784
casino,22,8.7853
casinos,22,8.7853
casio,2,10.8218
casiodoro,1,11.2273
cask,2,10.8218
casmere,1,11.2273
caspar,1,11.2273
casper,2,10.8218
caspian,15,9.1481
caspians,15,9.1481
cass,1,11.2273
cassadine,1,11.2273
cassandra,1,11.2273
cassavetess,1,11.2273
cassette,1,11.2273
cassidy,12,9.3557
cassie,4,10.3111
cassims,1,11.2273
cassini,9,9.618
cassiopeiae,1,11.2273
cassius,2,10.8218
cassoulet,1,11.2273
cast,118,7.1434
casta,1,11.2273
castalia,1,11.2273
castaway,4,10.3111
castaways,4,10.3111
caste,118,7.1434
castel,1,11.2273
castellaneta,2,10.8218
castellanetas,2,10.8218
castellano,1,11.2273
castelo,1,11.2273
caster,2,10.8218
casterbridge,1,11.2273
castiel,1,11.2273
castigate,1,11.2273
castillo,2,10.8218
casting,118,7.1434
castle,45,8.0926
castled,45,8.0926
castles,45,8.0926
castmember,1,11.2273
castor,7,9.8411
castorini,2,10.8218
castration,1,11.2273
castries,1,11.2273
castro,20,8.8763
castros,20,8.8763
casts,118,7.1434
casuals,1,11.2273
casualties,10,9.5227
casualty,10,9.5227
casuistry,1,11.2273
cat,229,6.4865
cataclysm,2,10.8218
cataclysmic,2,10.8218
catacombs,1,11.2273
catagelophilia,2,10.8218
catalan,4,10.3111
catalano,1,11.2273
catalina,1,11.2273
catalog,4,10.3111
cataloged,4,10.3111
catalogue,2,10.8218
catalogued,2,10.8218
catalonia,1,11.2273
catalyze,1,11.2273
catapulted,1,11.2273
cataract,2,10.8218
cataracts,2,10.8218
catastrophe,3,10.5342
catch,55,7.8961
catcher,33,8.3947
catchers,33,8.3947
catches,55,7.8961
catching,55,7.8961
catchphrase,22,8.7853
catchphrases,22,8.7853
catchy,4,10.3111
cate,229,6.4865
categorical,4,10.3111
categories,35,8.3375
categorized,4,10.3111
categorizes,4,10.3111
category,35,8.3375
catered,1,11.2273
caterpillar,4,10.3111
cates,229,6.4865
catfights,1,11.2273
catfish,8,9.7233
catfishes,8,9.7233
catgut,2,10.8218
catharine,1,11.2273
catharsis,1,11.2273
cathedral,12,9.3557
catherall,1,11.2273
catherine,37,8.2835
catherines,37,8.2835
cathers,1,11.2273
cathisophobia,2,10.8218
cathode,1,11.2273
cathodoluminescence,1,11.2273
catholic,44,8.1146
catholicism,8,9.7233
catholics,44,8.1146
cathouse,1,11.2273
cathrine,5,10.1288
cathy,3,10.5342
catkin,1,11.2273
catmint,1,11.2273
catnip,3,10.5342
catoptrophobia,1,11.2273
cats,229,6.4865
catskill,2,10.8218
catt,1,11.2273
cattaraugus,1,11.2273
cattle,7,9.8411
catton,1,11.2273
catwalk,1,11.2273
catwoman,6,9.9746
caucasas,1,11.2273
caucasian,2,10.8218
caucasus,2,10.8218
cauchy,4,10.3111
caudillo,1,11.2273
caught,40,8.2076
caul,5,10.1288
cauldron,1,11.2273
caulerpa,1,11.2273
caulfield,5,10.1288
caulfields,5,10.1288
cauliflower,4,10.3111
cauls,5,10.1288
causa,1,11.2273
causality,2,10.8218
causation,1,11.2273
cause,222,6.5173
caused,222,6.5173
causes,222,6.5173
causin,1,11.2273
causing,222,6.5173
cauterize,1,11.2273
cautious,1,11.2273
cava,3,10.5342
cavae,3,10.5342
cavalier,5,10.1288
cavaliere,1,11.2273
cavaliers,5,10.1288
cavalry,5,10.1288
cavatappi,1,11.2273
cave,21,8.8298
cavelier,1,11.2273
caveman,1,11.2273
cavendish,1,11.2273
caverns,1,11.2273
caves,21,8.8298
cavett,1,11.2273
caviar,2,10.8218
cavil,2,10.8218
cavill,2,10.8218
cavities,7,9.8411
cavity,7,9.8411
cavy,1,11.2273
caw,1,11.2273
cayce,1,11.2273
cayetano,1,11.2273
cayman,3,10.5342
cazale,9,9.618
cazzie,1,11.2273
cb,49,8.0093
cbc,1,11.2273
cbe,1,11.2273
cbs,49,8.0093
cc,1,11.2273
ccr,8,9.7233
ccrs,8,9.7233
ccx,1,11.2273
cd,12,9.3557
cddc,1,11.2273
cdma2000,2,10.8218
cds,12,9.3557
ce,2,10.8218
ceara,1,11.2273
ceasar,2,10.8218
ceasars,2,10.8218
cease,3,10.5342
ceasefire,1,11.2273
ceases,3,10.5342
cebu,2,10.8218
cecaelia,1,11.2273
cecil,2,10.8218
cecilia,4,10.3111
cecotropes,1,11.2273
cecropia,1,11.2273
cecum,2,10.8218
cedar,3,10.5342
cede,2,10.8218
ceded,2,10.8218
cedi,1,11.2273
cedric,3,10.5342
ceilidh,1,11.2273
ceiling,4,10.3111
celabrated,1,11.2273
celebi,1,11.2273
celebral,222,6.5173
celebrants,222,6.5173
celebrate,222,6.5173
celebrated,222,6.5173
celebrates,222,6.5173
celebrating,222,6.5173
celebration,222,6.5173
celebrations,222,6.5173
celebre,222,6.5173
celebrities,222,6.5173
celebrity,222,6.5173
celera,1,11.2273
celery,3,10.5342
celesta,1,11.2273
celeste,2,10.8218
celestia,2,10.8218
celestial,17,9.0304
celia,3,10.5342
celibacy,1,11.2273
celie,4,10.3111
celies,4,10.3111
celine,16,9.0875
cell,74,7.6043
cellar,2,10.8218
cellars,2,10.8218
cellist,2,10.8218
cellmate,2,10.8218
cellmates,2,10.8218
cello,4,10.3111
cellogy,1,11.2273
cellos,4,10.3111
cellphone,1,11.2273
cells,74,7.6043
cellular,7,9.8411
cellulite,1,11.2273
celluloid,1,11.2273
cellulose,1,11.2273
cels,1,11.2273
celsius,10,9.5227
celtic,38,8.2575
celtics,38,8.2575
celts,1,11.2273
cementville,1,11.2273
cemetary,1,11.2273
cemeteries,12,9.3557
cemetery,12,9.3557
cena,3,10.5342
cenacle,1,11.2273
cenarius,1,11.2273
cenophilia,1,11.2273
cenosillicaphobia,1,11.2273
cenozoic,10,9.5227
censored,5,10.1288
censors,5,10.1288
censorship,2,10.8218
census,19,8.925
censuses,1,11.2273
cent,9,9.618
centarine,2,10.8218
centaur,2,10.8218
centaurea,1,11.2273
centauri,2,10.8218
centenarian,1,11.2273
centennial,4,10.3111
center,125,7.0864
centered,125,7.0864
centerfold,3,10.5342
centering,125,7.0864
centers,125,7.0864
centimeter,3,10.5342
centimeters,3,10.5342
central,129,7.0552
centrally,129,7.0552
centrals,129,7.0552
centre,11,9.4357
centred,11,9.4357
centrepoint,1,11.2273
centrifugal,2,10.8218
centripetal,1,11.2273
centrolenidae,1,11.2273
centry,1,11.2273
cents,9,9.618
centuori,1,11.2273
centuries,259,6.3644
centurion,1,11.2273
century,259,6.3644
ceo,4,10.3111
ceph,2,10.8218
cephalic,1,11.2273
cephalopod,1,11.2273
cer,15,9.1481
cerato,1,11.2273
ceraunophobia,2,10.8218
cerberus,4,10.3111
cereal,15,9.1481
cereals,15,9.1481
cerebellum,1,11.2273
cerebral,3,10.5342
cerebrospinal,1,11.2273
ceremonial,70,7.659
ceremonies,70,7.659
ceremony,70,7.659
ceres,15,9.1481
cern,5,10.1288
cernuschi,1,11.2273
cerrajero,2,10.8218
cerrano,1,11.2273
cerritos,1,11.2273
cerro,2,10.8218
cert,1,11.2273
certain,38,8.2575
certainly,6,9.9746
certificate,2,10.8218
certificates,2,10.8218
certified,9,9.618
cerulean,1,11.2273
cervantes,3,10.5342
cesar,4,10.3111
cesarean,2,10.8218
cesco,10,9.5227
cesian,1,11.2273
cessation,1,11.2273
cesternino,1,11.2273
cetacean,7,9.8411
cetaceans,7,9.8411
cetera,1,11.2273
ceteris,1,11.2273
cetologist,1,11.2273
cetology,2,10.8218
cettie,1,11.2273
ceuta,1,11.2273
ceviche,1,11.2273
ceylon,3,10.5342
cezanne,1,11.2273
cf62,1,11.2273
cfa,14,9.2126
cfp,1,11.2273
cga,1,11.2273
cgi,2,10.8218
ch,6,9.9746
cha,5,10.1288
chabad,2,10.8218
chabana,1,11.2273
chachi,2,10.8218
chaco,2,10.8218
chaconne,1,11.2273
chacun,1,11.2273
chad,13,9.2816
chado,1,11.2273
chadwick,1,11.2273
chaerea,1,11.2273
chaga,1,11.2273
chagaev,1,11.2273
chagal,1,11.2273
chaim,6,9.9746
chain,39,8.2322
chains,39,8.2322
chainsaw,6,9.9746
chair,31,8.4552
chairman,9,9.618
chairo,1,11.2273
chairs,31,8.4552
chaise,1,11.2273
chaka,6,9.9746
chakin,1,11.2273
chakra,3,10.5342
chakras,3,10.5342
chakrum,1,11.2273
chalazion,1,11.2273
chalet,1,11.2273
chalfonte,1,11.2273
chaliapin,1,11.2273
chalice,1,11.2273
chalk,1,11.2273
challenge,21,8.8298
challenged,21,8.8298
challenger,21,8.8298
challenges,21,8.8298
challenging,21,8.8298
chamber,41,8.1835
chambered,41,8.1835
chamberlain,15,9.1481
chamberlains,15,9.1481
chamberlin,1,11.2273
chambers,41,8.1835
chamdo,1,11.2273
chameleon,7,9.8411
chameleons,7,9.8411
chamer,1,11.2273
chamomile,1,11.2273
champ,9,9.618
champagne,8,9.7233
champion,84,7.4793
championat,1,11.2273
champions,84,7.4793
championship,112,7.1951
championships,112,7.1951
champlain,1,11.2273
champurrado,1,11.2273
chamrosh,1,11.2273
chan,12,9.3557
chanakya,1,11.2273
chance,33,8.3947
chancellor,6,9.9746
chancellors,6,9.9746
chancellorsville,3,10.5342
chances,33,8.3947
chancho,1,11.2273
chandelier,2,10.8218
chandler,44,8.1146
chandlers,44,8.1146
chandra,3,10.5342
chanel,14,9.2126
chanels,14,9.2126
chang,132,7.0325
change,132,7.0325
changed,132,7.0325
changeling,3,10.5342
changelings,3,10.5342
changes,132,7.0325
changing,132,7.0325
chanh,1,11.2273
chankaochang,1,11.2273
channel,26,8.6251
channelers,26,8.6251
channeling,26,8.6251
channels,26,8.6251
channing,12,9.3557
channukah,3,10.5342
chanson,1,11.2273
chants,1,11.2273
chaos,6,9.9746
chaotic,1,11.2273
chapel,9,9.618
chapelles,9,9.618
chaperon,1,11.2273
chapin,1,11.2273
chaplin,29,8.5197
chaplins,29,8.5197
chaplygin,1,11.2273
chapman,11,9.4357
chapmans,11,9.4357
chappe,1,11.2273
chappell,5,10.1288
chappelle,5,10.1288
chappelles,5,10.1288
chapter,42,8.16
chapters,42,8.16
chapultepec,2,10.8218
char,1,11.2273
character,2006,4.3517
characterised,9,9.618
characteristic,46,8.0711
characteristics,46,8.0711
characterized,37,8.2835
characterizes,37,8.2835
characters,2006,4.3517
charchari,1,11.2273
charcot,3,10.5342
charcter,1,11.2273
charge,51,7.9701
charged,51,7.9701
charger,10,9.5227
chargers,10,9.5227
charges,51,7.9701
charging,51,7.9701
chargoggagoggmanchauggauggagoggchaubunagungamaugg,1,11.2273
chariot,4,10.3111
chariots,4,10.3111
charis,1,11.2273
charismatic,2,10.8218
charitable,2,10.8218
charity,10,9.5227
charkhi,1,11.2273
charlaine,1,11.2273
charlemagne,3,10.5342
charlemange,1,11.2273
charlene,1,11.2273
charles,250,6.3995
charless,1,11.2273
charleston,8,9.7233
charlestown,1,11.2273
charleton,2,10.8218
charley,4,10.3111
charlie,133,7.025
charlies,133,7.025
charlize,2,10.8218
charlotte,32,8.4245
charlottesville,1,11.2273
charlottetown,1,11.2273
charlton,5,10.1288
charm,62,7.7784
charmander,1,11.2273
charmed,62,7.7784
charming,62,7.7784
charms,62,7.7784
charo,2,10.8218
charpak,1,11.2273
charro,1,11.2273
chart,68,7.6875
charted,68,7.6875
charter,9,9.618
chartered,9,9.618
charts,68,7.6875
chartwell,1,11.2273
chas,5,10.1288
chase,38,8.2575
chased,38,8.2575
chaser,1,11.2273
chases,38,8.2575
chasing,38,8.2575
chasms,1,11.2273
chassid,4,10.3111
chassidic,4,10.3111
chassidism,4,10.3111
chastity,1,11.2273
chat,15,9.1481
chatang,1,11.2273
chateaubriand,1,11.2273
chatsworth,1,11.2273
chattanooga,4,10.3111
chatterley,1,11.2273
chatting,15,9.1481
chaturanga,1,11.2273
chaucer,2,10.8218
chauffeur,1,11.2273
chaussette,1,11.2273
chauvet,1,11.2273
chauvinism,1,11.2273
chavez,4,10.3111
chawton,1,11.2273
chayefsky,1,11.2273
chaz,1,11.2273
chazz,1,11.2273
che,16,9.0875
cheadle,13,9.2816
cheap,3,10.5342
cheaper,5,10.1288
cheat,12,9.3557
cheated,12,9.3557
cheater,1,11.2273
cheatin,1,11.2273
cheating,12,9.3557
cheats,12,9.3557
cheb,1,11.2273
chechen,4,10.3111
check,16,9.0875
checked,16,9.0875
checkers,2,10.8218
checkin,1,11.2273
checking,16,9.0875
checkmate,1,11.2273
checks,16,9.0875
checotah,2,10.8218
cheddar,2,10.8218
cheech,13,9.2816
cheechs,13,9.2816
cheeh,1,11.2273
cheek,8,9.7233
cheeks,8,9.7233
cheeky,1,11.2273
cheer,52,7.9511
cheerful,52,7.9511
cheerio,1,11.2273
cheerleader,4,10.3111
cheerleading,4,10.3111
cheerless,1,11.2273
cheers,52,7.9511
cheese,56,7.8784
cheeseburger,3,10.5342
cheesecakes,1,11.2273
cheesecloth,1,11.2273
cheeseface,1,11.2273
cheeses,56,7.8784
cheesy,1,11.2273
cheetah,15,9.1481
cheetahs,15,9.1481
chef,17,9.0304
chefs,17,9.0304
chegwidden,1,11.2273
chehel,1,11.2273
cheif,1,11.2273
cheimaphobia,1,11.2273
cheirognomy,1,11.2273
cheiromancy,1,11.2273
chekhov,1,11.2273
chelsea,6,9.9746
chem,2,10.8218
chemical,81,7.5152
chemically,81,7.5152
chemicals,81,7.5152
chemiluminescence,1,11.2273
chemist,12,9.3557
chemistry,11,9.4357
chemists,12,9.3557
chemophobia,1,11.2273
chemoreceptors,1,11.2273
chemtrail,1,11.2273
chen,1,11.2273
cheney,2,10.8218
cheng,1,11.2273
chenrenzig,1,11.2273
cheops,1,11.2273
cheque,1,11.2273
cher,29,8.5197
cherbourg,3,10.5342
cheri,1,11.2273
cherill,1,11.2273
cherish,2,10.8218
cherishes,2,10.8218
cherkasov,1,11.2273
chernenko,2,10.8218
chernetenko,1,11.2273
chernobyl,1,11.2273
cherokee,8,9.7233
cherokees,8,9.7233
cherries,22,8.7853
cherrills,1,11.2273
cherry,22,8.7853
chers,29,8.5197
cherub,1,11.2273
cherubino,1,11.2273
cheryl,2,10.8218
cheryls,2,10.8218
chesapeake,1,11.2273
chesbro,1,11.2273
cheshire,5,10.1288
chesney,1,11.2273
chess,39,8.2322
chess960,1,11.2273
chessman,1,11.2273
chest,15,9.1481
chester,11,9.4357
chesters,11,9.4357
chesterton,2,10.8218
chestnut,12,9.3557
chestnuts,12,9.3557
chests,15,9.1481
chesty,1,11.2273
chet,2,10.8218
cheval,1,11.2273
chevalier,1,11.2273
chevelle,2,10.8218
chevrolet,9,9.618
chevrotin,1,11.2273
chevy,16,9.0875
chew,7,9.8411
chewbacca,5,10.1288
chewed,7,9.8411
chewie,3,10.5342
chewing,7,9.8411
chewy,3,10.5342
cheyenne,13,9.2816
chi,9,9.618
chiang,3,10.5342
chianti,2,10.8218
chiara,1,11.2273
chiaroscuro,2,10.8218
chibasai,1,11.2273
chic,3,10.5342
chicago,136,7.0029
chicagoland,1,11.2273
chicgao,1,11.2273
chichiro,1,11.2273
chick,15,9.1481
chickamauga,3,10.5342
chicken,46,8.0711
chickenpox,1,11.2273
chickens,46,8.0711
chickopobic,1,11.2273
chicks,15,9.1481
chiclayo,1,11.2273
chicos,1,11.2273
chidori,2,10.8218
chieco,1,11.2273
chief,65,7.7319
chiefly,3,10.5342
chiefs,65,7.7319
chieftain,3,10.5342
chieko,2,10.8218
chiekos,2,10.8218
chiemsee,1,11.2273
chien,4,10.3111
chiffon,2,10.8218
chigi,1,11.2273
chigorin,1,11.2273
chigurh,1,11.2273
chihuahua,12,9.3557
chihuahuan,1,11.2273
chihuahuas,12,9.3557
chiilg,1,11.2273
child,186,6.6927
childbirth,3,10.5342
childe,186,6.6927
childhood,22,8.7853
childhoods,22,8.7853
childlike,2,10.8218
children,271,6.3195
childrens,271,6.3195
childress,2,10.8218
childs,186,6.6927
chile,19,8.925
chilean,3,10.5342
chiles,19,8.925
chili,15,9.1481
chilis,15,9.1481
chill,8,9.7233
chilli,2,10.8218
chillicothe,2,10.8218
chilling,8,9.7233
chillingworth,1,11.2273
chills,8,9.7233
chilton,1,11.2273
chim,4,10.3111
chimborazo,1,11.2273
chime,4,10.3111
chiming,4,10.3111
chimney,2,10.8218
chimneys,2,10.8218
chimp,6,9.9746
chimpanzee,14,9.2126
chimpanzees,14,9.2126
chimpmunks,1,11.2273
chin,7,9.8411
china,170,6.7818
chinatown,10,9.5227
chincha,1,11.2273
chinchilla,24,8.702
chinchillas,24,8.702
chinensis,1,11.2273
chinese,178,6.7362
ching,1,11.2273
chino,1,11.2273
chinook,1,11.2273
chinophobia,1,11.2273
chins,7,9.8411
chip,18,8.9763
chipmunk,10,9.5227
chipmunks,10,9.5227
chipper,2,10.8218
chips,18,8.9763
chipset,1,11.2273
chiquita,1,11.2273
chiraptophobia,1,11.2273
chiricahua,2,10.8218
chirology,1,11.2273
chiromancy,1,11.2273
chirophobia,1,11.2273
chiropractic,1,11.2273
chiropractor,1,11.2273
chiseled,1,11.2273
chisenbop,1,11.2273
chisholm,2,10.8218
chisinau,2,10.8218
chit,1,11.2273
chita,1,11.2273
chitchat,1,11.2273
chitlin,2,10.8218
chitlins,2,10.8218
chitty,2,10.8218
chivalry,1,11.2273
chivas,1,11.2273
chive,1,11.2273
chladni,1,11.2273
chloe,5,10.1288
chlorella,1,11.2273
chloride,2,10.8218
chlorination,3,10.5342
chlorine,3,10.5342
chloris,1,11.2273
chloroform,1,11.2273
chloroplast,2,10.8218
chloroplasts,2,10.8218
chlothar,1,11.2273
cho,10,9.5227
choam,1,11.2273
chocatrice,1,11.2273
chocolat,3,10.5342
chocolate,70,7.659
chocolaterie,1,11.2273
choctaw,5,10.1288
choctaws,5,10.1288
chodesh,1,11.2273
chogyam,1,11.2273
choice,40,8.2076
choices,40,8.2076
choir,3,10.5342
chojnice,1,11.2273
choke,6,9.9746
choked,6,9.9746
choking,6,9.9746
cholelithiasis,1,11.2273
cholera,2,10.8218
cholesterol,12,9.3557
cholly,1,11.2273
chomolungma,1,11.2273
chomping,1,11.2273
chomsky,11,9.4357
chonco,1,11.2273
chong,11,9.4357
chongqing,1,11.2273
chongs,11,9.4357
chonmage,1,11.2273
choo,4,10.3111
choose,43,8.137
chooses,43,8.137
choosing,43,8.137
choosy,1,11.2273
chop,10,9.5227
chopin,5,10.1288
chopped,10,9.5227
chopper,1,11.2273
chopping,10,9.5227
chopsticks,1,11.2273
choral,1,11.2273
chord,9,9.618
chordata,1,11.2273
chords,9,9.618
choreographed,8,9.7233
choreographer,8,9.7233
chores,1,11.2273
chorizo,1,11.2273
chortle,2,10.8218
chortled,2,10.8218
chorus,21,8.8298
chos,10,9.5227
chose,16,9.0875
chosen,38,8.2575
chossen,1,11.2273
choustn,1,11.2273
chow,4,10.3111
chowder,1,11.2273
chowla,1,11.2273
chows,4,10.3111
chozo,2,10.8218
chracter,2,10.8218
chridheil,1,11.2273
chris,118,7.1434
chrisclark,1,11.2273
chrissy,4,10.3111
christ,32,8.4245
christa,2,10.8218
christened,2,10.8218
christening,2,10.8218
christensen,2,10.8218
christi,36,8.3102
christiaan,6,9.9746
christian,168,6.7936
christianisation,1,11.2273
christianity,168,6.7936
christians,168,6.7936
christiansen,5,10.1288
christie,36,8.3102
christies,36,8.3102
christina,25,8.6628
christine,22,8.7853
christines,22,8.7853
christkind,1,11.2273
christmas,215,6.549
christoffel,1,11.2273
christoper,1,11.2273
christoph,90,7.4112
christopher,90,7.4112
christophers,90,7.4112
christs,32,8.4245
christy,36,8.3102
christyljohnson,1,11.2273
chromatics,1,11.2273
chromatin,1,11.2273
chromatology,1,11.2273
chromatophores,1,11.2273
chrome,1,11.2273
chromium,2,10.8218
chromosome,6,9.9746
chromosomes,6,9.9746
chromosphere,1,11.2273
chronic,4,10.3111
chronically,4,10.3111
chronicle,20,8.8763
chronicler,20,8.8763
chronicles,20,8.8763
chronicling,20,8.8763
chrono,6,9.9746
chronograph,1,11.2273
chronologically,5,10.1288
chronology,5,10.1288
chronomentrophobia,2,10.8218
chronus,1,11.2273
chrool,1,11.2273
chrysantheme,3,10.5342
chrysanthemum,1,11.2273
chrysaor,1,11.2273
chryse,1,11.2273
chrysler,4,10.3111
chrystomus,1,11.2273
chthonic,1,11.2273
chual,1,11.2273
chubby,1,11.2273
chuck,43,8.137
chuckie,4,10.3111
chucks,43,8.137
chuckwagon,1,11.2273
chucky,4,10.3111
chud,1,11.2273
chudskoye,1,11.2273
chugugh,1,11.2273
chujkovia,1,11.2273
chula,1,11.2273
chum,3,10.5342
chumbawamba,1,11.2273
chung,13,9.2816
chungs,13,9.2816
chunk,6,9.9746
chunks,6,9.9746
chunky,1,11.2273
churanta,1,11.2273
church,74,7.6043
churches,74,7.6043
churchill,16,9.0875
churchills,16,9.0875
churned,2,10.8218
chymicum,1,11.2273
cia,12,9.3557
cibreo,1,11.2273
cicada,1,11.2273
ciccone,1,11.2273
cicero,2,10.8218
cid,1,11.2273
cider,1,11.2273
ciderella,1,11.2273
cie,1,11.2273
cien,1,11.2273
cigar,9,9.618
cigarette,8,9.7233
cigarettes,8,9.7233
cigars,9,9.618
cilantro,1,11.2273
cilla,2,10.8218
cillaphene,1,11.2273
cimarron,1,11.2273
cimbrian,1,11.2273
cincinnati,30,8.487
cinco,2,10.8218
cinderella,31,8.4552
cinderellas,31,8.4552
cinderpaw,1,11.2273
cindi,32,8.4245
cindy,32,8.4245
cindys,32,8.4245
cindyschulz,1,11.2273
cinema,6,9.9746
cinemas,6,9.9746
cinematic,1,11.2273
cinematography,3,10.5342
cinemaware,1,11.2273
cinnamon,1,11.2273
cio,2,10.8218
cipriano,1,11.2273
circle,39,8.2322
circled,39,8.2322
circles,39,8.2322
circling,39,8.2322
circuit,11,9.4357
circuits,11,9.4357
circular,5,10.1288
circulate,15,9.1481
circulated,15,9.1481
circulating,15,9.1481
circulation,15,9.1481
circulatory,3,10.5342
circumcision,2,10.8218
circumcisions,2,10.8218
circumcisor,1,11.2273
circumference,7,9.8411
circumnavigate,5,10.1288
circumnavigation,5,10.1288
circumstance,5,10.1288
circumstances,5,10.1288
circus,29,8.5197
cirkus,1,11.2273
cirque,1,11.2273
cirrus,1,11.2273
cisco,11,9.4357
cissy,2,10.8218
citadel,3,10.5342
citaltepetl,1,11.2273
citation,3,10.5342
citations,3,10.5342
cited,4,10.3111
citicorp,1,11.2273
cities,1042,4.9892
citius,1,11.2273
citizen,35,8.3375
citizens,35,8.3375
citizenship,3,10.5342
citroen,2,10.8218
citrus,3,10.5342
city,1042,4.9892
citys,1042,4.9892
ciudad,2,10.8218
civatateo,1,11.2273
civic,2,10.8218
civil,104,7.2683
civilian,4,10.3111
civilians,4,10.3111
civility,104,7.2683
civilization,104,7.2683
civilizations,104,7.2683
cj,1,11.2273
ck3,1,11.2273
cker,1,11.2273
clad,3,10.5342
claddagh,1,11.2273
claiborne,2,10.8218
claibornes,2,10.8218
claim,91,7.4003
claimant,1,11.2273
claimed,91,7.4003
claiming,91,7.4003
claims,91,7.4003
clair,27,8.5887
claire,27,8.5887
claires,27,8.5887
clairol,2,10.8218
clairvoyance,2,10.8218
clairvoyant,2,10.8218
clam,3,10.5342
clambake,1,11.2273
clampett,7,9.8411
clampetts,7,9.8411
clams,3,10.5342
clan,11,9.4357
clancy,3,10.5342
clannad,1,11.2273
clans,11,9.4357
clapton,28,8.5536
claptons,28,8.5536
clara,16,9.0875
clare,5,10.1288
claremont,1,11.2273
clarence,12,9.3557
clarences,12,9.3557
clarice,6,9.9746
clarinda,1,11.2273
clarinet,5,10.1288
clarinetist,3,10.5342
clarissa,1,11.2273
clarisse,2,10.8218
clarity,1,11.2273
clark,53,7.9324
clarke,53,7.9324
clarks,53,7.9324
clarkson,5,10.1288
clarksons,5,10.1288
clarksville,1,11.2273
clash,3,10.5342
clasic,1,11.2273
clasp,1,11.2273
class,73,7.6177
classes,73,7.6177
classic,211,6.5676
classical,211,6.5676
classics,211,6.5676
classification,11,9.4357
classifications,11,9.4357
classified,28,8.5536
classifies,28,8.5536
classify,28,8.5536
classifying,28,8.5536
classmate,5,10.1288
classmates,5,10.1288
classophobia,1,11.2273
classroom,8,9.7233
classy,1,11.2273
clatter,1,11.2273
claude,20,8.8763
claudette,1,11.2273
claudia,6,9.9746
claudian,3,10.5342
claudio,1,11.2273
claudius,6,9.9746
claus,29,8.5197
clause,12,9.3557
clauses,12,9.3557
clauson,1,11.2273
clauss,1,11.2273
claustrophobia,4,10.3111
clav,1,11.2273
clavells,2,10.8218
clavels,2,10.8218
clavi,2,10.8218
clavichord,1,11.2273
clavicle,1,11.2273
clavier,2,10.8218
clavin,7,9.8411
clavins,7,9.8411
claw,6,9.9746
clawgrip,1,11.2273
claws,6,9.9746
clawson,1,11.2273
clay,12,9.3557
claybourne,1,11.2273
claymation,1,11.2273
claymore,1,11.2273
claypool,1,11.2273
clayton,6,9.9746
clean,18,8.9763
cleaned,18,8.9763
cleaner,3,10.5342
cleaning,18,8.9763
cleanliness,1,11.2273
cleansing,1,11.2273
clear,17,9.0304
cleared,17,9.0304
clearing,17,9.0304
clearly,2,10.8218
clearwater,6,9.9746
cleary,6,9.9746
clearys,6,9.9746
cleats,1,11.2273
cleaver,7,9.8411
cleavers,7,9.8411
cleavon,1,11.2273
cleese,15,9.1481
cleeses,15,9.1481
cleland,1,11.2273
clem,1,11.2273
clemenceau,1,11.2273
clemency,1,11.2273
clemens,8,9.7233
clement,3,10.5342
clementine,3,10.5342
clements,3,10.5342
clemson,1,11.2273
clendenon,1,11.2273
cleo,1,11.2273
cleon,2,10.8218
cleopatra,26,8.6251
cleopatras,26,8.6251
clergy,2,10.8218
clergymen,1,11.2273
cleric,3,10.5342
clerics,3,10.5342
clerigo,1,11.2273
clerk,9,9.618
clerks,9,9.618
clerow,1,11.2273
cletus,5,10.1288
cleveland,50,7.9895
clevelands,50,7.9895
clever,5,10.1288
cleves,1,11.2273
clich,9,9.618
cliche,9,9.618
click,2,10.8218
clicking,2,10.8218
client,7,9.8411
clients,7,9.8411
cliff,18,8.9763
cliffhanger,1,11.2273
cliffs,18,8.9763
clift,1,11.2273
cliftons,1,11.2273
climate,16,9.0875
climates,16,9.0875
climatic,16,9.0875
climax,3,10.5342
climb,26,8.6251
climbed,26,8.6251
climber,3,10.5342
climbers,3,10.5342
climbing,26,8.6251
climbs,26,8.6251
clinching,2,10.8218
cline,6,9.9746
clinic,4,10.3111
clinically,4,10.3111
clink,1,11.2273
clint,27,8.5887
clinton,22,8.7853
clintons,22,8.7853
clio,1,11.2273
clip,91,7.4003
clipped,91,7.4003
clipper,5,10.1288
clippers,5,10.1288
clique,17,9.0304
cliquers,17,9.0304
clive,16,9.0875
cloak,4,10.3111
cloaked,4,10.3111
cloche,1,11.2273
clock,29,8.5197
clocks,29,8.5197
clockwatchers,1,11.2273
clockwise,2,10.8218
clockwork,5,10.1288
clog,4,10.3111
clogged,4,10.3111
clogging,4,10.3111
clogs,4,10.3111
clone,19,8.925
cloned,19,8.925
clones,19,8.925
cloning,19,8.925
clooney,16,9.0875
clooneys,16,9.0875
cloony,1,11.2273
clopton,1,11.2273
cloris,1,11.2273
clorox,1,11.2273
close,124,7.0943
closed,124,7.0943
closely,124,7.0943
closer,6,9.9746
closes,124,7.0943
closest,32,8.4245
closet,5,10.1288
closeup,1,11.2273
closin,2,10.8218
closing,124,7.0943
clostridium,1,11.2273
clot,7,9.8411
cloth,63,7.7627
clothes,63,7.7627
clothing,63,7.7627
clotilde,1,11.2273
clots,7,9.8411
clotting,7,9.8411
cloud,26,8.6251
clouds,26,8.6251
cloudy,4,10.3111
cloudzillaaaaa,1,11.2273
clove,2,10.8218
cloven,1,11.2273
clover,6,9.9746
clovers,6,9.9746
clovis,2,10.8218
clown,18,8.9763
clownfish,1,11.2273
clownish,1,11.2273
clownism,1,11.2273
clowns,18,8.9763
club,130,7.0476
clubs,130,7.0476
clue,18,8.9763
clueless,8,9.7233
cluelessness,8,9.7233
clues,18,8.9763
clumsy,1,11.2273
clurman,1,11.2273
cluster,8,9.7233
clustered,8,9.7233
clutch,4,10.3111
clutter,2,10.8218
clyde,14,9.2126
clydesdale,10,9.5227
clytemnestra,1,11.2273
cm,16,9.0875
cmdr,4,10.3111
cms,16,9.0875
cmt,2,10.8218
cmts,2,10.8218
cnapean,1,11.2273
cnbc,1,11.2273
cnidaria,1,11.2273
cniht,1,11.2273
cnn,1,11.2273
cns,1,11.2273
co,187,6.6874
co3,1,11.2273
coach,123,7.1024
coached,123,7.1024
coaches,123,7.1024
coaching,123,7.1024
coachs,123,7.1024
coade,1,11.2273
coal,7,9.8411
coalbrookdale,1,11.2273
coalfield,1,11.2273
coalition,5,10.1288
coarse,1,11.2273
coast,48,8.0295
coastal,5,10.1288
coaster,15,9.1481
coasters,15,9.1481
coastline,2,10.8218
coasts,48,8.0295
coat,27,8.5887
coated,27,8.5887
coates,27,8.5887
coats,27,8.5887
cobain,6,9.9746
cobains,6,9.9746
cobalt,3,10.5342
cobb,4,10.3111
cobbler,3,10.5342
cobbs,4,10.3111
cobegos,1,11.2273
coben,1,11.2273
cobert,1,11.2273
cobh,1,11.2273
cobija,1,11.2273
cobnut,1,11.2273
cobra,16,9.0875
cobras,16,9.0875
coburg,2,10.8218
coburn,1,11.2273
coca,20,8.8763
cocaine,14,9.2126
coccyx,1,11.2273
cochabamba,1,11.2273
cochin,3,10.5342
cochineal,3,10.5342
cochise,2,10.8218
cochrane,3,10.5342
cocido,1,11.2273
cock,1,11.2273
cockade,1,11.2273
cockatoo,4,10.3111
cockatoos,4,10.3111
cocker,5,10.1288
cockerpoo,1,11.2273
cockles,1,11.2273
cockpit,3,10.5342
cockroach,14,9.2126
cockroaches,14,9.2126
cocktail,42,8.16
cocktails,42,8.16
coco,16,9.0875
cocoa,11,9.4357
cocoanuts,1,11.2273
coconut,6,9.9746
coconuts,6,9.9746
cocoon,1,11.2273
cod,67,7.7021
code,67,7.7021
codebreakerr,1,11.2273
coded,67,7.7021
codename,8,9.7233
codenamed,8,9.7233
codes,67,7.7021
codified,1,11.2273
codpiece,1,11.2273
cods,67,7.7021
cody,19,8.925
codys,19,8.925
coehlo,1,11.2273
coelho,1,11.2273
coen,3,10.5342
coenraad,1,11.2273
coenzyme,1,11.2273
coerce,1,11.2273
coeur,1,11.2273
coexist,1,11.2273
coffee,57,7.861
coffees,57,7.861
coffer,1,11.2273
coffey,1,11.2273
coffin,3,10.5342
cog,1,11.2273
coggie,1,11.2273
cogito,1,11.2273
cognac,2,10.8218
cognitive,3,10.5342
cognoscente,1,11.2273
cohan,1,11.2273
coheed,1,11.2273
cohen,10,9.5227
cohens,10,9.5227
coherence,1,11.2273
cohesion,1,11.2273
cohns,1,11.2273
coiffeur,1,11.2273
coiffures,2,10.8218
coil,3,10.5342
coiled,3,10.5342
coimetrophobia,1,11.2273
coin,43,8.137
coincided,6,9.9746
coincidence,6,9.9746
coincides,6,9.9746
coined,43,8.137
coing,187,6.6874
coining,43,8.137
coins,43,8.137
coitophobia,1,11.2273
coke,5,10.1288
col,40,8.2076
cola,23,8.7428
colada,4,10.3111
coladas,4,10.3111
colas,23,8.7428
colash,1,11.2273
colbert,1,11.2273
colby,1,11.2273
colcannon,1,11.2273
cold,60,7.8106
colder,2,10.8218
coldest,1,11.2273
coldheart,1,11.2273
coldly,1,11.2273
coldness,60,7.8106
colds,60,7.8106
cole,40,8.2076
coleen,1,11.2273
coleman,5,10.1288
coleoid,1,11.2273
coleopterology,2,10.8218
coleridge,4,10.3111
coleridges,4,10.3111
coles,40,8.2076
colgate,3,10.5342
coli,1,11.2273
colic,1,11.2273
colimore,1,11.2273
colin,13,9.2816
coliseum,1,11.2273
collaborate,23,8.7428
collaborated,23,8.7428
collaborating,23,8.7428
collaboration,23,8.7428
collaborative,23,8.7428
collaborator,23,8.7428
collagen,1,11.2273
collapse,8,9.7233
collapsed,8,9.7233
collapsible,8,9.7233
collar,5,10.1288
collarless,1,11.2273
collateral,1,11.2273
collect,79,7.5398
collected,79,7.5398
collectible,79,7.5398
collecting,79,7.5398
collection,79,7.5398
collections,79,7.5398
collective,79,7.5398
collectively,79,7.5398
collectivist,1,11.2273
collector,8,9.7233
collectors,8,9.7233
collects,79,7.5398
college,173,6.7645
colleges,173,6.7645
collegiate,4,10.3111
collette,1,11.2273
collide,13,9.2816
collided,13,9.2816
collider,13,9.2816
collie,3,10.5342
collin,31,8.4552
collins,31,8.4552
collision,3,10.5342
collocation,2,10.8218
collocations,2,10.8218
colloquial,6,9.9746
colloquially,6,9.9746
colloquy,6,9.9746
colmar,1,11.2273
cologne,1,11.2273
colombia,26,8.6251
colombian,5,10.1288
colombians,5,10.1288
colombo,4,10.3111
colon,10,9.5227
colonel,40,8.2076
colonels,40,8.2076
colonial,66,7.7169
colonialism,66,7.7169
colonies,66,7.7169
colonists,5,10.1288
colonization,10,9.5227
colonized,10,9.5227
colonizers,10,9.5227
colonizing,10,9.5227
colonnade,1,11.2273
colony,66,7.7169
color,377,5.9923
colorado,62,7.7784
colorants,377,5.9923
coloration,377,5.9923
coloratura,1,11.2273
colorblind,1,11.2273
colored,377,5.9923
colorful,377,5.9923
coloritics,1,11.2273
colorization,377,5.9923
colorless,3,10.5342
colorology,1,11.2273
colors,377,5.9923
colossal,15,9.1481
colosseum,3,10.5342
colossi,1,11.2273
colossus,4,10.3111
colour,26,8.6251
coloured,26,8.6251
colourful,26,8.6251
colourless,2,10.8218
colours,26,8.6251
colt,13,9.2816
colton,1,11.2273
coltrane,1,11.2273
colts,13,9.2816
colucci,1,11.2273
colugos,1,11.2273
columba,1,11.2273
columbia,33,8.3947
columbian,4,10.3111
columbias,33,8.3947
columbine,3,10.5342
columbo,3,10.5342
columbus,47,8.0501
column,15,9.1481
columna,2,10.8218
columnist,3,10.5342
columnists,3,10.5342
columns,15,9.1481
com,409,5.9116
coma,9,9.618
comanche,2,10.8218
comancheros,1,11.2273
comanches,2,10.8218
comandante,1,11.2273
comaneci,3,10.5342
comas,9,9.618
comb,3,10.5342
combat,17,9.0304
combination,57,7.861
combinations,57,7.861
combine,57,7.861
combined,57,7.861
combines,57,7.861
combining,57,7.861
combo,2,10.8218
combos,2,10.8218
combustion,7,9.8411
come,409,5.9116
comeback,2,10.8218
comedian,149,6.9125
comedians,149,6.9125
comedic,6,9.9746
comedienne,5,10.1288
comedies,436,5.8483
comedown,1,11.2273
comedy,436,5.8483
comes,409,5.9116
comet,17,9.0304
cometh,1,11.2273
comets,17,9.0304
comfort,9,9.618
comfortably,9,9.618
comforting,9,9.618
comic,134,7.0176
comical,134,7.0176
comics,134,7.0176
comin,5,10.1288
coming,409,5.9116
comittee,1,11.2273
comma,2,10.8218
command,102,7.2875
commandant,102,7.2875
commanded,102,7.2875
commander,102,7.2875
commanders,102,7.2875
commanding,102,7.2875
commandments,102,7.2875
commando,3,10.5342
commands,102,7.2875
commare,1,11.2273
commas,2,10.8218
commemorate,27,8.5887
commemorated,27,8.5887
commemorates,27,8.5887
commemorating,27,8.5887
comment,8,9.7233
commentari,2,10.8218
commentaries,2,10.8218
commentator,8,9.7233
commented,8,9.7233
comments,8,9.7233
commerce,2,10.8218
commercial,76,7.578
commercially,76,7.578
commercials,76,7.578
commission,13,9.2816
commissioned,13,9.2816
commissioner,20,8.8763
commissioners,20,8.8763
commissions,13,9.2816
commit,44,8.1146
commiting,44,8.1146
commitment,44,8.1146
commits,44,8.1146
committed,44,8.1146
committee,24,8.702
committees,24,8.702
committing,44,8.1146
committment,1,11.2273
commodity,2,10.8218
commodore,4,10.3111
commodores,4,10.3111
commodus,2,10.8218
common,217,6.5398
commoners,217,6.5398
commonly,88,7.4334
commonplace,4,10.3111
commons,217,6.5398
commonwealth,14,9.2126
communal,60,7.8106
commune,60,7.8106
communes,60,7.8106
communicate,60,7.8106
communicated,60,7.8106
communicates,60,7.8106
communicating,60,7.8106
communication,60,7.8106
communications,60,7.8106
communism,60,7.8106
communist,26,8.6251
communistic,26,8.6251
communists,26,8.6251
communities,60,7.8106
community,60,7.8106
commutative,5,10.1288
commuted,5,10.1288
commuting,5,10.1288
como,3,10.5342
comorian,1,11.2273
comoros,3,10.5342
comosus,1,11.2273
compact,7,9.8411
compacted,7,9.8411
companies,250,6.3995
companion,10,9.5227
companions,10,9.5227
company,250,6.3995
companys,250,6.3995
comparable,35,8.3375
compare,35,8.3375
compared,35,8.3375
compares,35,8.3375
comparing,35,8.3375
comparison,1,11.2273
compartment,2,10.8218
compartments,2,10.8218
compass,18,8.9763
compasses,18,8.9763
compassion,18,8.9763
compassionate,2,10.8218
compatriots,1,11.2273
compete,27,8.5887
competed,27,8.5887
competence,27,8.5887
competes,27,8.5887
competing,27,8.5887
competition,36,8.3102
competitions,36,8.3102
competitive,36,8.3102
competitor,8,9.7233
competitors,8,9.7233
compiegne,1,11.2273
compilation,6,9.9746
complacent,1,11.2273
complain,8,9.7233
complained,8,9.7233
complaining,8,9.7233
complains,8,9.7233
complaint,3,10.5342
complement,5,10.1288
complements,5,10.1288
complete,282,6.2801
completed,282,6.2801
completely,282,6.2801
completes,282,6.2801
completing,282,6.2801
completion,282,6.2801
complex,37,8.2835
complexes,37,8.2835
complexion,1,11.2273
complexity,37,8.2835
compliant,2,10.8218
complicated,6,9.9746
complications,6,9.9746
compliments,2,10.8218
compnay,1,11.2273
component,16,9.0875
components,16,9.0875
compose,149,6.9125
composed,149,6.9125
composer,149,6.9125
composers,149,6.9125
composes,149,6.9125
composing,149,6.9125
composite,15,9.1481
composition,15,9.1481
compositions,15,9.1481
compost,2,10.8218
compound,24,8.702
compounding,24,8.702
compounds,24,8.702
comprehend,3,10.5342
comprehended,3,10.5342
comprehensive,2,10.8218
compress,4,10.3111
compressed,4,10.3111
compris,1,11.2273
comprise,39,8.2322
comprised,39,8.2322
comprises,39,8.2322
comprising,39,8.2322
compsognathus,1,11.2273
compsons,1,11.2273
compton,3,10.5342
computability,145,6.9394
computation,145,6.9394
computational,145,6.9394
computed,145,6.9394
computer,145,6.9394
computers,145,6.9394
computing,145,6.9394
compuware,2,10.8218
comrade,3,10.5342
comrades,3,10.5342
comte,2,10.8218
con,15,9.1481
conakry,5,10.1288
conan,18,8.9763
concave,2,10.8218
conceal,5,10.1288
concealed,5,10.1288
concealments,1,11.2273
concede,1,11.2273
conceited,1,11.2273
conceive,5,10.1288
conceived,6,9.9746
conceiving,6,9.9746
concentrate,14,9.2126
concentrated,14,9.2126
concentration,14,9.2126
concentrations,14,9.2126
concentric,14,9.2126
concepcion,2,10.8218
concept,23,8.7428
conception,23,8.7428
concepts,23,8.7428
concern,52,7.9511
concerned,52,7.9511
concerning,52,7.9511
concerns,52,7.9511
concert,21,8.8298
concertino,1,11.2273
concerto,4,10.3111
concertos,4,10.3111
concerts,21,8.8298
concetta,1,11.2273
conching,1,11.2273
conchology,1,11.2273
concidered,1,11.2273
conciliatory,1,11.2273
conclave,1,11.2273
conclude,5,10.1288
concluded,5,10.1288
conclusion,6,9.9746
conclusive,6,9.9746
concord,7,9.8411
concordance,7,9.8411
concorde,7,9.8411
concrete,1,11.2273
concubines,2,10.8218
condemnation,7,9.8411
condemned,7,9.8411
condensed,2,10.8218
condign,1,11.2273
condiments,1,11.2273
condition,87,7.4447
conditioned,87,7.4447
conditioner,1,11.2273
conditioning,87,7.4447
conditions,87,7.4447
condoleezza,5,10.1288
condom,2,10.8218
condon,1,11.2273
condor,1,11.2273
conduce,1,11.2273
conduct,24,8.702
conducted,24,8.702
conducting,24,8.702
conductivity,24,8.702
conductor,5,10.1288
conducts,24,8.702
cone,15,9.1481
cones,15,9.1481
conestoga,1,11.2273
coney,1,11.2273
confectioner,1,11.2273
confederacy,4,10.3111
confederate,23,8.7428
confederation,23,8.7428
conference,39,8.2322
confess,29,8.5197
confessed,29,8.5197
confesses,29,8.5197
confession,29,8.5197
confessions,29,8.5197
confessor,2,10.8218
confiance,1,11.2273
confidant,7,9.8411
confidante,1,11.2273
confided,7,9.8411
confidence,7,9.8411
confident,7,9.8411
confidential,3,10.5342
configuration,1,11.2273
confined,3,10.5342
confinement,3,10.5342
confirm,7,9.8411
confirmation,7,9.8411
confirmed,7,9.8411
confiscated,2,10.8218
conflict,28,8.5536
conflicting,28,8.5536
conflicts,28,8.5536
confluence,2,10.8218
confoederatio,1,11.2273
conformist,1,11.2273
confront,6,9.9746
confrontation,6,9.9746
confrontational,6,9.9746
confronted,6,9.9746
confronts,6,9.9746
confucianism,1,11.2273
confucius,5,10.1288
confuse,12,9.3557
confused,12,9.3557
confuses,12,9.3557
confusion,12,9.3557
cong,1,11.2273
conga,1,11.2273
congeniality,1,11.2273
congenital,1,11.2273
conger,1,11.2273
congestive,1,11.2273
conglomerate,1,11.2273
congo,10,9.5227
congolese,1,11.2273
congratulate,1,11.2273
congregation,1,11.2273
congress,22,8.7853
congressional,9,9.618
congressman,4,10.3111
congressmen,1,11.2273
congruence,1,11.2273
conic,11,9.4357
conical,11,9.4357
conies,1,11.2273
conilogy,1,11.2273
conjecture,5,10.1288
conjoined,2,10.8218
conjugate,2,10.8218
conjugated,2,10.8218
conjunctiva,2,10.8218
conjunctivitis,1,11.2273
conjure,2,10.8218
conjuring,2,10.8218
conklin,1,11.2273
conley,1,11.2273
conn,2,10.8218
connect,57,7.861
connected,57,7.861
connecticut,41,8.1835
connecticuts,41,8.1835
connecting,57,7.861
connection,57,7.861
connections,57,7.861
connective,57,7.861
connector,3,10.5342
connectors,3,10.5342
connects,57,7.861
connell,2,10.8218
connells,2,10.8218
connelly,5,10.1288
conner,5,10.1288
conners,5,10.1288
connery,22,8.7853
connerys,22,8.7853
connie,5,10.1288
connoisseur,2,10.8218
connolly,1,11.2273
connor,13,9.2816
connors,13,9.2816
connotation,2,10.8218
connotations,2,10.8218
conny,5,10.1288
conor,1,11.2273
conputer,1,11.2273
conquer,29,8.5197
conquered,29,8.5197
conquerer,1,11.2273
conquering,29,8.5197
conqueror,10,9.5227
conquerors,10,9.5227
conquers,29,8.5197
conquest,11,9.4357
conquests,11,9.4357
conquistador,1,11.2273
conrad,12,9.3557
conradhirsh,1,11.2273
conrads,12,9.3557
conreid,1,11.2273
cons,15,9.1481
conscience,8,9.7233
conscious,8,9.7233
consciously,8,9.7233
consciousness,8,9.7233
conscript,1,11.2273
consecrated,1,11.2273
consecutive,40,8.2076
consent,1,11.2273
consequence,4,10.3111
consequences,4,10.3111
conservation,18,8.9763
conservationist,2,10.8218
conservative,18,8.9763
conservatives,18,8.9763
conservatory,1,11.2273
consider,360,6.038
considerable,3,10.5342
consideration,3,10.5342
considered,360,6.038
considering,360,6.038
considers,360,6.038
considred,1,11.2273
consign,2,10.8218
consist,135,7.0102
consisted,135,7.0102
consistency,135,7.0102
consistently,135,7.0102
consisting,135,7.0102
consistorial,1,11.2273
consists,135,7.0102
consoda,1,11.2273
consolation,6,9.9746
console,6,9.9746
consonants,3,10.5342
consort,9,9.618
conspiracy,6,9.9746
conspirators,2,10.8218
conspires,2,10.8218
constable,1,11.2273
constance,2,10.8218
constant,36,8.3102
constantine,11,9.4357
constantinople,17,9.0304
constantly,16,9.0875
constanza,1,11.2273
constanze,1,11.2273
constellation,24,8.702
constellations,24,8.702
consternation,1,11.2273
constipation,1,11.2273
constituci,1,11.2273
constituent,2,10.8218
constitute,63,7.7627
constituted,63,7.7627
constitution,63,7.7627
constitutional,63,7.7627
constitutionally,1,11.2273
constrain,1,11.2273
constraint,1,11.2273
construct,51,7.9701
constructed,51,7.9701
constructing,51,7.9701
construction,51,7.9701
constructions,51,7.9701
consuela,1,11.2273
consul,1,11.2273
consuls,1,11.2273
consultant,6,9.9746
consultation,6,9.9746
consults,6,9.9746
consume,41,8.1835
consumed,41,8.1835
consumer,41,8.1835
consumerism,2,10.8218
consumers,41,8.1835
consumes,41,8.1835
consuming,41,8.1835
consummated,1,11.2273
consumption,40,8.2076
contact,20,8.8763
contacted,20,8.8763
contagion,1,11.2273
contain,361,6.0353
contained,361,6.0353
container,361,6.0353
containers,361,6.0353
containing,361,6.0353
containment,361,6.0353
contains,361,6.0353
contaminated,1,11.2273
contemplated,3,10.5342
contemplates,3,10.5342
contemplating,3,10.5342
contemporaries,3,10.5342
contemporary,3,10.5342
contempt,1,11.2273
contender,5,10.1288
contenders,5,10.1288
contending,5,10.1288
content,19,8.925
contents,19,8.925
contest,50,7.9895
contestant,50,7.9895
contestants,50,7.9895
contested,50,7.9895
contests,50,7.9895
context,9,9.618
conti,2,10.8218
contiguous,1,11.2273
continent,106,7.2495
continental,18,8.9763
continents,106,7.2495
contingency,2,10.8218
contingent,2,10.8218
continually,32,8.4245
continue,32,8.4245
continued,32,8.4245
continues,32,8.4245
continuing,32,8.4245
continuity,32,8.4245
continuous,32,8.4245
continuously,32,8.4245
contortionist,1,11.2273
contra,1,11.2273
contraceptive,1,11.2273
contract,26,8.6251
contractile,1,11.2273
contracting,26,8.6251
contraction,26,8.6251
contractions,26,8.6251
contractor,1,11.2273
contracts,26,8.6251
contradictory,1,11.2273
contraindicated,3,10.5342
contraption,1,11.2273
contrary,3,10.5342
contrast,3,10.5342
contrasting,3,10.5342
contribute,23,8.7428
contributed,23,8.7428
contributes,23,8.7428
contributing,23,8.7428
contribution,23,8.7428
contributor,3,10.5342
contributors,3,10.5342
contrive,1,11.2273
control,66,7.7169
controlled,66,7.7169
controller,66,7.7169
controlling,66,7.7169
contrology,1,11.2273
controls,66,7.7169
controversial,36,8.3102
controversially,36,8.3102
controversy,36,8.3102
convalesce,1,11.2273
convective,1,11.2273
convenience,5,10.1288
convenient,5,10.1288
convent,8,9.7233
convention,8,9.7233
conventional,8,9.7233
conversation,42,8.16
conversations,42,8.16
converse,42,8.16
conversion,42,8.16
convert,19,8.925
converted,19,8.925
convertible,19,8.925
converting,19,8.925
converts,19,8.925
convex,2,10.8218
convey,5,10.1288
conveying,5,10.1288
conveys,5,10.1288
convict,30,8.487
convicted,30,8.487
conviction,30,8.487
convicts,30,8.487
convince,15,9.1481
convinced,15,9.1481
convinces,15,9.1481
convincing,15,9.1481
conways,1,11.2273
coober,1,11.2273
coogan,1,11.2273
cook,66,7.7169
cookbook,2,10.8218
cookbooks,2,10.8218
cooke,66,7.7169
cooked,66,7.7169
cookie,13,9.2816
cookies,13,9.2816
cooking,66,7.7169
cooks,66,7.7169
cooksonia,1,11.2273
cool,29,8.5197
coola,1,11.2273
cooler,1,11.2273
coolest,1,11.2273
cooley,1,11.2273
coolidge,9,9.618
cooling,29,8.5197
coolio,4,10.3111
coolios,4,10.3111
coollidge,1,11.2273
cools,29,8.5197
coon,1,11.2273
cooney,1,11.2273
cooper,48,8.0295
cooperate,48,8.0295
cooperation,48,8.0295
cooperative,48,8.0295
coopers,48,8.0295
cooperstown,1,11.2273
coordinate,5,10.1288
coordinates,5,10.1288
coordination,5,10.1288
coordinator,5,10.1288
coover,1,11.2273
cop,22,8.7853
copa,2,10.8218
copacabana,1,11.2273
cope,22,8.7853
copeland,1,11.2273
copenhagen,13,9.2816
copia,2,10.8218
copied,25,8.6628
copies,25,8.6628
copious,25,8.6628
copland,2,10.8218
copper,18,8.9763
copperfield,14,9.2126
copperfields,14,9.2126
coppers,18,8.9763
coppertone,3,10.5342
coppola,18,8.9763
coppolas,18,8.9763
coprastasophobia,1,11.2273
cops,22,8.7853
coptic,1,11.2273
copulatory,1,11.2273
copy,25,8.6628
copyleft,1,11.2273
copyrighted,1,11.2273
coq,2,10.8218
coquelicot,1,11.2273
coquette,2,10.8218
coquettish,1,11.2273
coral,16,9.0875
corals,16,9.0875
coraz,1,11.2273
corazon,3,10.5342
corbett,3,10.5342
corbusier,2,10.8218
corby,3,10.5342
corcoran,1,11.2273
corcovado,1,11.2273
cord,6,9.9746
corda,1,11.2273
cordelia,10,9.5227
cordes,6,9.9746
cordial,1,11.2273
cordillera,2,10.8218
cordilleras,2,10.8218
cordoba,3,10.5342
cordori,1,11.2273
cordova,1,11.2273
cords,6,9.9746
core,9,9.618
corea,1,11.2273
corellis,2,10.8218
corey,11,9.4357
corfu,2,10.8218
corgi,2,10.8218
coriacea,1,11.2273
coriakins,1,11.2273
coriander,3,10.5342
corin,1,11.2273
corinne,1,11.2273
corinth,3,10.5342
corinthian,2,10.8218
corinthians,2,10.8218
corinthos,1,11.2273
cork,3,10.5342
corkscrew,1,11.2273
corky,2,10.8218
corleone,20,8.8763
corleones,20,8.8763
cormac,1,11.2273
corman,1,11.2273
cormier,1,11.2273
corn,18,8.9763
cornball,1,11.2273
cornea,1,11.2273
corneal,18,8.9763
cornelia,2,10.8218
cornelis,18,8.9763
cornelius,9,9.618
cornell,2,10.8218
corner,23,8.7428
cornerback,2,10.8218
cornered,23,8.7428
corners,23,8.7428
cornfield,1,11.2273
cornflower,1,11.2273
cornhusker,2,10.8218
corning,18,8.9763
corningstone,2,10.8218
cornish,3,10.5342
cornith,1,11.2273
cornmeal,1,11.2273
corno,1,11.2273
cornucopia,2,10.8218
cornwall,3,10.5342
cornwell,1,11.2273
corny,1,11.2273
coroebus,1,11.2273
corolla,1,11.2273
corona,3,10.5342
coronary,2,10.8218
coronated,13,9.2816
coronation,13,9.2816
coroner,13,9.2816
corosaunt,1,11.2273
coroutines,1,11.2273
corp,22,8.7853
corporal,25,8.6628
corporate,25,8.6628
corporation,25,8.6628
corporations,25,8.6628
corporeal,25,8.6628
corps,22,8.7853
corpse,21,8.8298
corpser,1,11.2273
corpses,21,8.8298
corpulent,1,11.2273
corpus,2,10.8218
corral,3,10.5342
correa,2,10.8218
correct,137,6.9956
corrective,137,6.9956
correctly,56,7.8784
correlated,2,10.8218
correlation,2,10.8218
correlations,2,10.8218
correspond,16,9.0875
correspondent,16,9.0875
corresponding,16,9.0875
corresponds,16,9.0875
corridor,1,11.2273
corrie,2,10.8218
corries,2,10.8218
corrigan,1,11.2273
corrinnes,1,11.2273
corroboree,1,11.2273
corrode,1,11.2273
corrosion,1,11.2273
corrupt,13,9.2816
corrupted,13,9.2816
corruption,13,9.2816
corsa,1,11.2273
corsair,2,10.8218
corsairs,2,10.8218
corset,1,11.2273
corsica,6,9.9746
cort,3,10.5342
cortes,3,10.5342
cortex,1,11.2273
cortez,1,11.2273
corti,1,11.2273
cortisol,1,11.2273
coruscant,1,11.2273
corvallis,1,11.2273
corvette,4,10.3111
corwin,1,11.2273
cory,15,9.1481
corys,15,9.1481
corzine,1,11.2273
cos,187,6.6874
cosby,21,8.8298
cosbys,21,8.8298
cosell,1,11.2273
cosette,1,11.2273
cosgrove,1,11.2273
cosi,1,11.2273
cosima,1,11.2273
cosine,3,10.5342
cosines,3,10.5342
coslaw,1,11.2273
cosmatos,1,11.2273
cosmetic,9,9.618
cosmetics,9,9.618
cosmic,3,10.5342
cosmo,13,9.2816
cosmodrome,2,10.8218
cosmological,3,10.5342
cosmology,3,10.5342
cosmonaut,5,10.1288
cosmopolitan,1,11.2273
cosmos,13,9.2816
cost,21,8.8298
costa,15,9.1481
costanza,12,9.3557
costanzas,12,9.3557
costar,3,10.5342
costarred,3,10.5342
costello,16,9.0875
costellos,16,9.0875
costigan,3,10.5342
costing,21,8.8298
costly,3,10.5342
costner,3,10.5342
costs,21,8.8298
costume,17,9.0304
costumed,17,9.0304
costumes,17,9.0304
cot,1,11.2273
cotangents,1,11.2273
cothran,1,11.2273
cottage,4,10.3111
cottages,4,10.3111
cotton,15,9.1481
cottonmouth,1,11.2273
cottontail,2,10.8218
coty,1,11.2273
couch,7,9.8411
coucher,1,11.2273
coues,1,11.2273
cougar,8,9.7233
cougars,8,9.7233
cough,7,9.8411
coughing,7,9.8411
coughlin,1,11.2273
coughs,7,9.8411
cougnou,1,11.2273
coulda,1,11.2273
couldnt,22,8.7853
couldve,4,10.3111
couleurs,1,11.2273
couliers,1,11.2273
coulomb,1,11.2273
coulrophilia,1,11.2273
coulrophobia,1,11.2273
coumadin,1,11.2273
council,12,9.3557
counsel,3,10.5342
counselor,3,10.5342
counselors,3,10.5342
count,46,8.0711
countdown,2,10.8218
counted,46,8.0711
counter,14,9.2126
counterclockwise,1,11.2273
counterculture,1,11.2273
countered,14,9.2126
counterfeit,2,10.8218
counterpart,10,9.5227
counterparts,10,9.5227
counterpoint,1,11.2273
counters,14,9.2126
countertop,2,10.8218
countertops,2,10.8218
countess,5,10.1288
counties,69,7.6732
counting,46,8.0711
countless,3,10.5342
countries,1349,4.7367
country,1349,4.7367
countrys,1349,4.7367
counts,46,8.0711
county,69,7.6732
countys,69,7.6732
coup,3,10.5342
coupe,3,10.5342
couple,76,7.578
coupled,76,7.578
couples,76,7.578
couplet,1,11.2273
coupon,1,11.2273
courage,10,9.5227
courgette,1,11.2273
courier,2,10.8218
course,42,8.16
coursers,1,11.2273
courses,42,8.16
coursing,42,8.16
court,78,7.5524
courtball,1,11.2273
courteney,9,9.618
courtesan,2,10.8218
courtesy,3,10.5342
courtmartialed,1,11.2273
courtney,10,9.5227
courtroom,2,10.8218
courts,78,7.5524
courtship,2,10.8218
courtyard,3,10.5342
courtyards,3,10.5342
coury,2,10.8218
couse,2,10.8218
cousin,54,7.9141
cousine,54,7.9141
cousins,54,7.9141
cousteau,3,10.5342
cousteaus,3,10.5342
couture,2,10.8218
couturier,1,11.2273
covalently,1,11.2273
cove,1,11.2273
coven,5,10.1288
covenant,5,10.1288
covent,2,10.8218
coventry,1,11.2273
cover,143,6.9532
coverage,5,10.1288
coverdale,3,10.5342
covered,143,6.9532
covering,143,6.9532
covers,143,6.9532
coveted,5,10.1288
cow,41,8.1835
cowabunga,1,11.2273
coward,8,9.7233
cowardly,3,10.5342
cowbells,1,11.2273
cowbird,1,11.2273
cowboy,59,7.8271
cowboys,59,7.8271
cowen,1,11.2273
cowher,2,10.8218
cowherd,1,11.2273
coworker,2,10.8218
cowpens,1,11.2273
cowpers,1,11.2273
cows,41,8.1835
cox,17,9.0304
coxs,17,9.0304
coyote,8,9.7233
coyotes,8,9.7233
coypu,1,11.2273
cozlowski,1,11.2273
cp,1,11.2273
cpl,3,10.5342
cpt,2,10.8218
cpu,2,10.8218
cr,3,10.5342
crab,14,9.2126
crabbe,4,10.3111
crabmans,1,11.2273
crabs,14,9.2126
crabtree,1,11.2273
crack,12,9.3557
cracked,12,9.3557
cracker,5,10.1288
crackerjack,1,11.2273
crackers,5,10.1288
cracking,12,9.3557
crackling,1,11.2273
cracks,12,9.3557
cracow,1,11.2273
craddock,1,11.2273
cradle,5,10.1288
craft,11,9.4357
crafted,11,9.4357
crafting,11,9.4357
crafts,11,9.4357
craftsmanship,1,11.2273
cragen,1,11.2273
crahan,1,11.2273
craie,3,10.5342
craig,26,8.6251
craigs,26,8.6251
cramer,2,10.8218
cramers,2,10.8218
cramp,8,9.7233
cramped,8,9.7233
cramps,8,9.7233
cranberries,12,9.3557
cranberry,12,9.3557
crandall,3,10.5342
crandell,1,11.2273
crane,12,9.3557
cranes,12,9.3557
cranial,2,10.8218
crank,4,10.3111
cranston,1,11.2273
crap,2,10.8218
crapple,1,11.2273
craps,2,10.8218
crary,1,11.2273
crash,67,7.7021
crashed,67,7.7021
crashers,17,9.0304
crashes,67,7.7021
crashing,67,7.7021
craster,1,11.2273
cratchit,2,10.8218
crate,3,10.5342
crater,19,8.925
craterface,1,11.2273
craters,19,8.925
crates,3,10.5342
cravate,1,11.2273
crave,2,10.8218
craven,2,10.8218
craves,2,10.8218
crawford,27,8.5887
crawfords,27,8.5887
crawl,6,9.9746
crawled,6,9.9746
crawler,1,11.2273
crawling,6,9.9746
cray,3,10.5342
crayola,1,11.2273
crayon,3,10.5342
crayons,3,10.5342
craze,7,9.8411
crazed,7,9.8411
craziest,1,11.2273
crazy,34,8.3657
crazylegs,1,11.2273
crazysexycool,1,11.2273
creach,1,11.2273
creadle,1,11.2273
cream,30,8.487
creams,30,8.487
creamy,4,10.3111
creases,1,11.2273
create,1614,4.5621
created,1614,4.5621
creates,1614,4.5621
creating,1614,4.5621
creation,1614,4.5621
creative,8,9.7233
creativity,8,9.7233
creator,1614,4.5621
creators,1614,4.5621
creature,134,7.0176
creatures,134,7.0176
crecy,1,11.2273
credence,1,11.2273
credentials,1,11.2273
credit,96,7.3474
credited,96,7.3474
credits,96,7.3474
creech,10,9.5227
creed,10,9.5227
creedence,5,10.1288
creeds,10,9.5227
creek,10,9.5227
creep,6,9.9746
creepers,1,11.2273
creeps,6,9.9746
creepshow,2,10.8218
creepy,2,10.8218
creevys,1,11.2273
cregg,1,11.2273
creighton,1,11.2273
crema,1,11.2273
cremated,1,11.2273
creme,5,10.1288
creole,4,10.3111
crepe,3,10.5342
crepes,3,10.5342
crept,1,11.2273
crepuscular,1,11.2273
crescent,8,9.7233
cressida,1,11.2273
crest,17,9.0304
crested,17,9.0304
cretaceous,12,9.3557
cretazoic,1,11.2273
crete,8,9.7233
cretin,1,11.2273
cretu,1,11.2273
crew,42,8.16
crewe,42,8.16
crewman,1,11.2273
crews,42,8.16
crezca,1,11.2273
crib,1,11.2273
crichton,2,10.8218
crichtons,2,10.8218
crick,1,11.2273
cricket,23,8.7428
cricketer,23,8.7428
crickets,23,8.7428
cried,5,10.1288
cries,5,10.1288
crime,64,7.7472
crimean,4,10.3111
crimefighter,1,11.2273
crimes,64,7.7472
criminal,45,8.0926
criminals,45,8.0926
criminology,1,11.2273
crimsom,1,11.2273
crimson,11,9.4357
criolla,1,11.2273
crip,1,11.2273
crippled,2,10.8218
crisis,20,8.8763
crisp,4,10.3111
cristiano,1,11.2273
cristina,5,10.1288
cristine,1,11.2273
cristobal,1,11.2273
cristofori,1,11.2273
criteria,1,11.2273
critic,43,8.137
critical,43,8.137
critically,43,8.137
criticise,4,10.3111
criticised,4,10.3111
criticism,43,8.137
criticisms,43,8.137
criticize,43,8.137
criticized,43,8.137
critics,43,8.137
critter,1,11.2273
crna,2,10.8218
cro,2,10.8218
croak,1,11.2273
croatia,6,9.9746
croce,2,10.8218
crocheted,1,11.2273
crockett,4,10.3111
crocodile,25,8.6628
crocodiles,25,8.6628
crocodilian,2,10.8218
crodaime,1,11.2273
croft,3,10.5342
cromwell,3,10.5342
cronenberg,1,11.2273
cronin,1,11.2273
cronkite,10,9.5227
cronos,1,11.2273
cronus,5,10.1288
cronuss,1,11.2273
crook,7,9.8411
crooked,7,9.8411
crookedpaw,1,11.2273
crooks,7,9.8411
crookshanks,2,10.8218
crooner,4,10.3111
croons,2,10.8218
crop,18,8.9763
cropped,18,8.9763
crops,18,8.9763
croquet,1,11.2273
crosby,19,8.925
crosbys,19,8.925
cross,104,7.2683
crossbones,1,11.2273
crossbow,1,11.2273
crossbreed,2,10.8218
crossbreeding,3,10.5342
crossed,104,7.2683
crosses,104,7.2683
crossing,104,7.2683
crossroads,6,9.9746
crosstown,1,11.2273
crotch,1,11.2273
crouch,3,10.5342
crouching,3,10.5342
crow,57,7.861
crowd,21,8.8298
crowded,21,8.8298
crowds,21,8.8298
crowe,57,7.861
crowes,57,7.861
crowfeather,1,11.2273
crowley,5,10.1288
crowleys,5,10.1288
crowmarsh,1,11.2273
crown,67,7.7021
crowned,67,7.7021
crowning,67,7.7021
crowns,67,7.7021
crows,57,7.861
croydon,1,11.2273
crp,1,11.2273
crucial,9,9.618
crucible,3,10.5342
crucified,4,10.3111
crucifies,4,10.3111
crucifix,1,11.2273
crucifixion,3,10.5342
crucifying,4,10.3111
crude,1,11.2273
crue,3,10.5342
cruel,14,9.2126
cruella,7,9.8411
cruise,55,7.8961
cruised,55,7.8961
cruiser,3,10.5342
cruises,55,7.8961
cruising,55,7.8961
crum,3,10.5342
crumpled,1,11.2273
crumps,1,11.2273
crunchy,1,11.2273
crusade,16,9.0875
crusader,16,9.0875
crusaders,16,9.0875
crusades,16,9.0875
cruses,1,11.2273
crush,32,8.4245
crushed,32,8.4245
crusher,3,10.5342
crushes,32,8.4245
crusoe,1,11.2273
crust,4,10.3111
crustaceans,1,11.2273
crustaceous,1,11.2273
cruyff,1,11.2273
cruz,6,9.9746
cruzeiro,1,11.2273
crvena,1,11.2273
crwth,1,11.2273
cry,30,8.487
cryer,2,10.8218
crying,30,8.487
cryogenics,1,11.2273
cryosurgery,1,11.2273
cryptkickers,1,11.2273
cryptographer,1,11.2273
cryptozoology,3,10.5342
crypts,1,11.2273
crysis,10,9.5227
crystal,22,8.7853
crystalline,3,10.5342
crystals,22,8.7853
cs,2,10.8218
csa,1,11.2273
csi,1,11.2273
csonka,2,10.8218
css,1,11.2273
cst,1,11.2273
ct,3,10.5342
ctenomorphodes,1,11.2273
cu,3,10.5342
cuando,2,10.8218
cub,34,8.3657
cuba,48,8.0295
cubalaya,1,11.2273
cuban,44,8.1146
cubans,44,8.1146
cubbins,1,11.2273
cube,34,8.3657
cubic,6,9.9746
cubism,2,10.8218
cubist,1,11.2273
cubs,34,8.3657
cuchara,1,11.2273
cuckoo,8,9.7233
cuckooland,1,11.2273
cuckoos,8,9.7233
cucumber,2,10.8218
cud,1,11.2273
cuddy,1,11.2273
cue,3,10.5342
cuero,1,11.2273
cugnot,2,10.8218
cui,1,11.2273
cuica,1,11.2273
cuidad,1,11.2273
cuill,1,11.2273
cuisine,16,9.0875
cuisines,16,9.0875
cujo,3,10.5342
culbertson,1,11.2273
cules,1,11.2273
culinary,6,9.9746
culitvars,1,11.2273
culkin,9,9.618
culkins,9,9.618
cullen,3,10.5342
cullens,3,10.5342
cullinan,1,11.2273
culloden,2,10.8218
culminated,4,10.3111
culminates,4,10.3111
culmination,4,10.3111
culp,1,11.2273
culpeo,1,11.2273
culpepper,2,10.8218
cult,24,8.702
cultivar,4,10.3111
cultivars,4,10.3111
cultivated,9,9.618
cultivation,9,9.618
cults,24,8.702
cultural,53,7.9324
culturally,53,7.9324
culture,53,7.9324
cultured,53,7.9324
cultures,53,7.9324
cum,5,10.1288
cumberland,3,10.5342
cumex,1,11.2273
cumference,1,11.2273
cummings,5,10.1288
cunard,1,11.2273
cunning,5,10.1288
cunningham,4,10.3111
cunninghams,4,10.3111
cuomo,2,10.8218
cuomos,2,10.8218
cup,99,7.317
cupertino,1,11.2273
cupid,10,9.5227
cupids,10,9.5227
cups,99,7.317
cura,4,10.3111
curacao,1,11.2273
curacoa,1,11.2273
curated,2,10.8218
curator,2,10.8218
curb,21,8.8298
cure,21,8.8298
cured,21,8.8298
cures,21,8.8298
curie,13,9.2816
curies,13,9.2816
curing,21,8.8298
curios,1,11.2273
curiosity,3,10.5342
curious,13,9.2816
curium,1,11.2273
curling,2,10.8218
curly,8,9.7233
curlys,8,9.7233
currency,233,6.4693
current,15,9.1481
currently,15,9.1481
currer,1,11.2273
curriculum,2,10.8218
curries,2,10.8218
curry,2,10.8218
curse,26,8.6251
cursed,26,8.6251
curses,26,8.6251
curt,4,10.3111
curtis,17,9.0304
curtiss,1,11.2273
curtiz,3,10.5342
curtizs,3,10.5342
curvature,1,11.2273
curve,5,10.1288
curveball,1,11.2273
curved,5,10.1288
cusack,6,9.9746
cusacks,6,9.9746
cushing,1,11.2273
cusimano,1,11.2273
cusp,1,11.2273
cuss,2,10.8218
cussed,2,10.8218
custard,1,11.2273
custer,4,10.3111
custerdome,1,11.2273
custers,4,10.3111
custice,1,11.2273
custis,2,10.8218
custom,20,8.8763
customarily,1,11.2273
customary,3,10.5342
customer,20,8.8763
customers,20,8.8763
customs,20,8.8763
custoza,1,11.2273
cut,61,7.7944
cute,61,7.7944
cutest,1,11.2273
cuthbert,2,10.8218
cutie,2,10.8218
cutis,2,10.8218
cutoff,1,11.2273
cuts,61,7.7944
cutshall,1,11.2273
cutthroat,1,11.2273
cutting,61,7.7944
cutty,1,11.2273
cuviers,1,11.2273
cuyo,1,11.2273
cva,1,11.2273
cve,1,11.2273
cw,3,10.5342
cw2,1,11.2273
cwm,1,11.2273
cy,9,9.618
cyan,1,11.2273
cyanide,1,11.2273
cyanis,1,11.2273
cyanogenic,1,11.2273
cyanotype,1,11.2273
cybele,1,11.2273
cyber,2,10.8218
cyberdyne,1,11.2273
cybernaetics,1,11.2273
cyberphilia,1,11.2273
cybersex,1,11.2273
cybill,1,11.2273
cyborg,2,10.8218
cyclades,1,11.2273
cycle,31,8.4552
cycles,31,8.4552
cycling,31,8.4552
cyclist,5,10.1288
cyclists,5,10.1288
cyclone,14,9.2126
cyclones,14,9.2126
cyclopes,7,9.8411
cyclops,7,9.8411
cyclothymia,1,11.2273
cygnes,1,11.2273
cygnus,1,11.2273
cylinder,7,9.8411
cylinders,7,9.8411
cylindrical,1,11.2273
cylon,4,10.3111
cylons,4,10.3111
cymbeline,2,10.8218
cymru,1,11.2273
cyndi,13,9.2816
cynical,2,10.8218
cynicism,2,10.8218
cynocephalus,1,11.2273
cynology,1,11.2273
cynophobia,2,10.8218
cynthia,5,10.1288
cypress,3,10.5342
cypridophobia,1,11.2273
cyprus,16,9.0875
cyrano,2,10.8218
cyrene,1,11.2273
cyrillic,2,10.8218
cyrillus,1,11.2273
cyrkle,1,11.2273
cyrus,8,9.7233
cyst,3,10.5342
cysts,3,10.5342
cyti,1,11.2273
cytology,2,10.8218
cytoplasm,2,10.8218
cyttorak,1,11.2273
czack,1,11.2273
czar,2,10.8218
cze,1,11.2273
czech,24,8.702
czechoslovakia,9,9.618
czervik,3,10.5342
d,175,6.7531
d10,1,11.2273
d100,1,11.2273
d18,1,11.2273
d2,4,10.3111
d20,1,11.2273
d4,1,11.2273
da,71,7.645
daa,1,11.2273
dabba,1,11.2273
dacca,1,11.2273
dachshund,1,11.2273
dachstein,1,11.2273
dacia,1,11.2273
dacoit,1,11.2273
daconias,1,11.2273
dactylology,1,11.2273
dactyloscopy,1,11.2273
dad,66,7.7169
dada,2,10.8218
daddy,19,8.925
dadri,1,11.2273
dads,66,7.7169
dae,71,7.645
daemon,3,10.5342
daemons,3,10.5342
daffodil,4,10.3111
daffodils,4,10.3111
daffy,3,10.5342
dafoe,13,9.2816
dafoes,13,9.2816
dagang,1,11.2273
dagenhart,1,11.2273
dagger,2,10.8218
daggers,2,10.8218
daggett,1,11.2273
dagobert,1,11.2273
dagupan,1,11.2273
dahi,1,11.2273
dahl,1,11.2273
dahlia,2,10.8218
dahomey,1,11.2273
dai,768,5.2891
daibutsu,1,11.2273
daikaij,1,11.2273
daily,26,8.6251
daimler,2,10.8218
daimyo,2,10.8218
dairen,1,11.2273
dairy,6,9.9746
dairyland,2,10.8218
daises,1,11.2273
daisho,1,11.2273
daisies,13,9.2816
daisy,13,9.2816
dajuan,1,11.2273
dak,1,11.2273
dakar,3,10.5342
dakota,40,8.2076
dal,41,8.1835
dalai,20,8.8763
dalany,1,11.2273
dalasi,1,11.2273
dalawa,1,11.2273
dale,41,8.1835
daleks,1,11.2273
dalene,1,11.2273
daler,1,11.2273
dales,41,8.1835
dalet,1,11.2273
daley,2,10.8218
dali,10,9.5227
dalis,10,9.5227
dall,1,11.2273
dallas,34,8.3657
dalloway,2,10.8218
dalmatian,8,9.7233
dalmatians,8,9.7233
dalmations,1,11.2273
dalton,6,9.9746
daltons,6,9.9746
daltrey,2,10.8218
daltry,2,10.8218
dam,20,8.8763
damage,18,8.9763
damaged,18,8.9763
damageplan,2,10.8218
damages,18,8.9763
damascus,2,10.8218
dambong,1,11.2273
dame,20,8.8763
damian,1,11.2273
damien,3,10.5342
damiens,3,10.5342
damion,1,11.2273
damita,1,11.2273
damme,11,9.4357
dammes,11,9.4357
damn,14,9.2126
damnation,1,11.2273
damned,14,9.2126
damnit,1,11.2273
damns,14,9.2126
damon,6,9.9746
damore,1,11.2273
damp,2,10.8218
damper,1,11.2273
dampfnudel,1,11.2273
damsel,2,10.8218
dan,70,7.659
dana,14,9.2126
danae,14,9.2126
danas,14,9.2126
dance,184,6.7034
danced,184,6.7034
dancehall,5,10.1288
dancer,37,8.2835
dancers,37,8.2835
dances,184,6.7034
dancing,184,6.7034
dandelion,4,10.3111
dandridge,1,11.2273
dandy,1,11.2273
dane,70,7.659
daneeka,1,11.2273
danes,70,7.659
danforths,1,11.2273
dang,3,10.5342
dangelo,1,11.2273
danger,39,8.2322
dangerfield,9,9.618
dangerfields,9,9.618
dangerous,39,8.2322
dangerously,39,8.2322
dangers,39,8.2322
daniel,72,7.6313
danielarsham,1,11.2273
danielle,72,7.6313
danielli,1,11.2273
danielovitch,1,11.2273
daniels,72,7.6313
danilevskij,1,11.2273
danish,28,8.5536
dankworth,1,11.2273
danl,1,11.2273
danna,1,11.2273
dannay,2,10.8218
dannebrog,1,11.2273
danni,69,7.6732
danny,69,7.6732
dannys,69,7.6732
danoff,1,11.2273
danovism,1,11.2273
danpascu,1,11.2273
dans,70,7.659
danse,1,11.2273
danseuse,1,11.2273
danson,3,10.5342
dansons,3,10.5342
dante,5,10.1288
dantes,5,10.1288
danube,18,8.9763
danuta,1,11.2273
danzig,3,10.5342
dao,1,11.2273
dap,1,11.2273
daphen,1,11.2273
daphne,4,10.3111
daphnes,4,10.3111
dapperling,1,11.2273
dapple,1,11.2273
dar,13,9.2816
dara,2,10.8218
darabont,1,11.2273
darbus,2,10.8218
darc,1,11.2273
darcy,3,10.5342
dardanelles,2,10.8218
darden,1,11.2273
dare,13,9.2816
dared,13,9.2816
daredevil,3,10.5342
daredevils,3,10.5342
dares,13,9.2816
darfur,8,9.7233
daria,11,9.4357
darias,11,9.4357
darimathie,1,11.2273
daring,13,9.2816
darius,6,9.9746
dark,150,6.9058
darkened,1,11.2273
darker,1,11.2273
darkest,1,11.2273
darkly,1,11.2273
darkness,150,6.9058
darkstripe,1,11.2273
darla,2,10.8218
darlene,5,10.1288
darlenes,5,10.1288
darlin,4,10.3111
darling,6,9.9746
darlington,1,11.2273
darmes,1,11.2273
darn,1,11.2273
darnell,1,11.2273
darracq,1,11.2273
darrel,3,10.5342
darrell,3,10.5342
darrens,1,11.2273
darrin,9,9.618
darrins,9,9.618
darrow,2,10.8218
darryl,6,9.9746
dart,4,10.3111
dartagnan,1,11.2273
dartboard,1,11.2273
darth,28,8.5536
darts,4,10.3111
darva,1,11.2273
darwin,27,8.5887
darwins,27,8.5887
daryl,3,10.5342
das,71,7.645
daschund,1,11.2273
dash,6,9.9746
dashboard,1,11.2273
dasher,1,11.2273
dashs,6,9.9746
dasht,1,11.2273
dasltery,1,11.2273
daspletosaurus,1,11.2273
dastardly,1,11.2273
data,14,9.2126
database,2,10.8218
date,186,6.6927
dated,186,6.6927
dateline,1,11.2273
dates,186,6.6927
dating,186,6.6927
datsyuk,1,11.2273
daub,1,11.2273
dauber,1,11.2273
daucus,1,11.2273
daugava,1,11.2273
daugerty,1,11.2273
daughter,168,6.7936
daughters,168,6.7936
daughtry,10,9.5227
daughtryrock,1,11.2273
daughtrys,10,9.5227
daunting,1,11.2273
dauphin,2,10.8218
davao,3,10.5342
dave,50,7.9895
davenport,2,10.8218
daveross,1,11.2273
davey,4,10.3111
david,299,6.222
davidjohnston,1,11.2273
davidmitchell,1,11.2273
davidov,1,11.2273
davids,299,6.222
davidson,2,10.8218
davinci,1,11.2273
davino,1,11.2273
davis,55,7.8961
davison,2,10.8218
daviss,1,11.2273
davson,1,11.2273
davy,55,7.8961
dawg,1,11.2273
dawn,43,8.137
dawned,43,8.137
daws,2,10.8218
dawson,11,9.4357
dawsons,11,9.4357
dax,9,9.618
day,768,5.2891
daycare,1,11.2273
daydream,4,10.3111
daydreaming,4,10.3111
daylight,5,10.1288
dayne,1,11.2273
days,768,5.2891
daytime,13,9.2816
dayton,4,10.3111
daytona,8,9.7233
daytonas,8,9.7233
daywalkers,1,11.2273
daza,2,10.8218
dazz,1,11.2273
dazzle,1,11.2273
db,2,10.8218
db5,1,11.2273
db6,1,11.2273
dbene,1,11.2273
dc,20,8.8763
dda,1,11.2273
ddavp,1,11.2273
de,183,6.7088
dea,2,10.8218
deacon,7,9.8411
deacons,7,9.8411
dead,174,6.7588
deadliest,12,9.3557
deadlight,1,11.2273
deadly,12,9.3557
deadpan,2,10.8218
deads,174,6.7588
deaf,10,9.5227
deal,45,8.0926
dealer,13,9.2816
dealers,13,9.2816
dealership,1,11.2273
dealing,45,8.0926
dealings,45,8.0926
deals,45,8.0926
dealt,12,9.3557
dean,55,7.8961
deana,2,10.8218
deane,55,7.8961
deanna,1,11.2273
deans,55,7.8961
dear,21,8.8298
dearest,3,10.5342
dearie,1,11.2273
dearlys,1,11.2273
death,266,6.338
deathberry,1,11.2273
deatheaters,1,11.2273
deathly,17,9.0304
deathmatch,1,11.2273
deaths,266,6.338
deathwing,1,11.2273
deauville,1,11.2273
deb,4,10.3111
debarge,1,11.2273
debatable,13,9.2816
debate,13,9.2816
debated,13,9.2816
debates,13,9.2816
debating,13,9.2816
debbie,11,9.4357
debbies,11,9.4357
debby,11,9.4357
debilitating,1,11.2273
debit,1,11.2273
debonair,1,11.2273
deborah,6,9.9746
deborahs,6,9.9746
debra,13,9.2816
debree,1,11.2273
debridement,1,11.2273
debris,4,10.3111
debt,3,10.5342
debunking,1,11.2273
debusschere,1,11.2273
debut,241,6.4358
debuted,241,6.4358
decade,43,8.137
decades,43,8.137
decaffeinated,2,10.8218
decahydrate,1,11.2273
decameron,1,11.2273
decant,1,11.2273
decathlon,1,11.2273
decatur,1,11.2273
decay,8,9.7233
decayed,8,9.7233
decaying,8,9.7233
decays,8,9.7233
decca,1,11.2273
deceased,3,10.5342
deceases,3,10.5342
deceit,1,11.2273
deceive,1,11.2273
deceived,2,10.8218
deceiver,2,10.8218
december,139,6.9813
decemberists,1,11.2273
decency,1,11.2273
decent,5,10.1288
decentralized,1,11.2273
decepticons,2,10.8218
dechanel,1,11.2273
decibels,1,11.2273
decide,60,7.8106
decided,60,7.8106
decides,60,7.8106
deciding,60,7.8106
decidophobia,1,11.2273
deciduous,4,10.3111
decima,1,11.2273
decimal,5,10.1288
decimalization,5,10.1288
decipher,3,10.5342
deciphered,3,10.5342
deciphering,3,10.5342
decision,18,8.9763
decisions,18,8.9763
decisive,18,8.9763
decisively,18,8.9763
deck,13,9.2816
deckard,1,11.2273
decked,13,9.2816
decks,13,9.2816
declan,2,10.8218
declans,2,10.8218
declaration,101,7.2973
declare,101,7.2973
declared,101,7.2973
declares,101,7.2973
declaring,101,7.2973
declassified,2,10.8218
decline,14,9.2126
declined,14,9.2126
declining,14,9.2126
deco,2,10.8218
decode,4,10.3111
decoding,4,10.3111
decommissioned,1,11.2273
decomposed,1,11.2273
decomposition,2,10.8218
decorate,25,8.6628
decorated,25,8.6628
decorating,25,8.6628
decoration,25,8.6628
decorations,25,8.6628
decorative,25,8.6628
decrease,12,9.3557
decreased,12,9.3557
decreases,12,9.3557
decree,3,10.5342
decreed,3,10.5342
decrescendo,1,11.2273
dedicate,37,8.2835
dedicated,37,8.2835
dedicates,37,8.2835
dedication,37,8.2835
dedo,1,11.2273
deductive,1,11.2273
dee,183,6.7088
deed,4,10.3111
deeds,4,10.3111
deemed,2,10.8218
deena,3,10.5342
deep,43,8.137
deeper,1,11.2273
deepest,11,9.4357
deeply,1,11.2273
deer,23,8.7428
deere,23,8.7428
deers,23,8.7428
dees,183,6.7088
def,48,8.0295
defamatory,1,11.2273
default,1,11.2273
defcon,1,11.2273
defeat,35,8.3375
defeated,48,8.0295
defeating,48,8.0295
defeats,35,8.3375
defecaloesiophobia,1,11.2273
defecating,1,11.2273
defect,3,10.5342
defects,3,10.5342
defence,22,8.7853
defences,22,8.7853
defend,18,8.9763
defendant,18,8.9763
defendants,18,8.9763
defended,18,8.9763
defender,18,8.9763
defending,18,8.9763
defense,61,7.7944
defenseman,3,10.5342
defenses,61,7.7944
defensive,61,7.7944
deferens,1,11.2273
defiance,1,11.2273
deficiency,8,9.7233
deficient,8,9.7233
deficit,2,10.8218
defile,3,10.5342
defilements,3,10.5342
defiling,3,10.5342
defined,57,7.861
defines,57,7.861
defining,57,7.861
definite,262,6.353
definitely,262,6.353
definition,262,6.353
definitions,262,6.353
definiton,1,11.2273
definity,57,7.861
defoe,2,10.8218
deforest,1,11.2273
deform,4,10.3111
deformation,4,10.3111
deformed,4,10.3111
defranco,1,11.2273
defrauding,1,11.2273
degas,4,10.3111
degenerate,16,9.0875
degeneration,16,9.0875
degeneres,16,9.0875
deglazing,1,11.2273
degli,1,11.2273
degradation,1,11.2273
degrassi,15,9.1481
degrassis,15,9.1481
degree,57,7.861
degrees,57,7.861
dehaviland,1,11.2273
dehydration,1,11.2273
dei,2,10.8218
deidra,1,11.2273
deidre,2,10.8218
deimos,2,10.8218
deion,2,10.8218
deionized,1,11.2273
deipnophobia,1,11.2273
deipnosophist,1,11.2273
deiro,1,11.2273
deities,16,9.0875
deitrich,1,11.2273
deity,16,9.0875
deja,2,10.8218
dejesus,1,11.2273
deke,1,11.2273
dekker,2,10.8218
del,18,8.9763
dela,1,11.2273
delacours,1,11.2273
delaification,1,11.2273
delain,1,11.2273
delaney,1,11.2273
delano,5,10.1288
delap,1,11.2273
delaware,26,8.6251
delayed,2,10.8218
delectable,1,11.2273
delegate,6,9.9746
delegates,6,9.9746
delete,3,10.5342
deleted,3,10.5342
deleter,3,10.5342
delfeayo,1,11.2273
delgado,1,11.2273
delhi,6,9.9746
deli,3,10.5342
deliberately,2,10.8218
delicacy,10,9.5227
delicate,2,10.8218
delicious,4,10.3111
delight,15,9.1481
delightful,15,9.1481
delilah,4,10.3111
delillos,1,11.2273
delinquents,2,10.8218
delirium,2,10.8218
deliver,87,7.4447
deliverance,4,10.3111
delivered,87,7.4447
deliverer,4,10.3111
delivering,87,7.4447
delivers,87,7.4447
delivery,4,10.3111
dell,1,11.2273
della,3,10.5342
dellacroce,1,11.2273
delmore,1,11.2273
delonge,1,11.2273
delorean,3,10.5342
delores,3,10.5342
delphi,1,11.2273
delphinidae,1,11.2273
delphinus,1,11.2273
delporte,14,9.2126
delson,1,11.2273
delta,18,8.9763
deltas,18,8.9763
deltoids,1,11.2273
deluge,1,11.2273
deluise,1,11.2273
delunas,1,11.2273
deluxe,2,10.8218
deluxes,2,10.8218
delved,2,10.8218
delving,2,10.8218
dem,7,9.8411
demand,16,9.0875
demanded,16,9.0875
demanding,16,9.0875
demands,16,9.0875
demanufacture,1,11.2273
demarcation,1,11.2273
demarco,1,11.2273
demartinos,1,11.2273
demeaning,1,11.2273
demedici,1,11.2273
dementia,2,10.8218
dementor,3,10.5342
dementors,3,10.5342
demeter,9,9.618
demeters,9,9.618
demetras,1,11.2273
demetria,2,10.8218
demetrius,1,11.2273
demi,19,8.925
demilitarized,1,11.2273
demilles,1,11.2273
demme,2,10.8218
demo,2,10.8218
democracy,11,9.4357
democrat,39,8.2322
democratic,39,8.2322
democratically,39,8.2322
democrats,39,8.2322
demographic,5,10.1288
demographically,5,10.1288
demographics,5,10.1288
demolition,2,10.8218
demon,45,8.0926
demond,1,11.2273
demonic,45,8.0926
demons,45,8.0926
demonstrate,10,9.5227
demonstrated,10,9.5227
demonstration,10,9.5227
demonstrators,10,9.5227
demophobia,1,11.2273
demornay,1,11.2273
demosthenes,1,11.2273
demoted,2,10.8218
dempsey,3,10.5342
demulcent,1,11.2273
den,4,10.3111
denali,2,10.8218
denar,1,11.2273
denard,1,11.2273
denarius,1,11.2273
denatonium,1,11.2273
dench,3,10.5342
dendrites,1,11.2273
dendrology,2,10.8218
dendrophobia,3,10.5342
deneb,2,10.8218
denethor,1,11.2273
deneuve,1,11.2273
deng,1,11.2273
dengali,1,11.2273
denham,1,11.2273
denial,9,9.618
deniece,2,10.8218
denied,9,9.618
denies,9,9.618
denigrate,1,11.2273
denim,7,9.8411
deniro,4,10.3111
denis,9,9.618
denise,7,9.8411
denison,1,11.2273
denizen,1,11.2273
denmark,47,8.0501
denmarks,47,8.0501
dennehy,1,11.2273
denning,4,10.3111
dennis,45,8.0926
dennison,1,11.2273
dennit,1,11.2273
denny,45,8.0926
dennys,45,8.0926
denomination,9,9.618
denominations,9,9.618
denominator,9,9.618
denote,48,8.0295
denotes,48,8.0295
denoting,48,8.0295
denouement,3,10.5342
denounce,2,10.8218
denounced,2,10.8218
denpasar,1,11.2273
dense,6,9.9746
densely,6,9.9746
densest,4,10.3111
density,10,9.5227
densmore,1,11.2273
dent,2,10.8218
dental,5,10.1288
dentist,11,9.4357
dentistry,2,10.8218
dentists,11,9.4357
denton,1,11.2273
dentophobia,1,11.2273
dentures,1,11.2273
denver,31,8.4552
denvers,31,8.4552
denzel,30,8.487
denzels,30,8.487
deodorant,2,10.8218
deoxygenated,1,11.2273
deoxyribo,1,11.2273
deoxyribonucleic,7,9.8411
depalma,1,11.2273
depardieu,1,11.2273
depart,36,8.3102
departed,36,8.3102
department,36,8.3102
departments,36,8.3102
departure,7,9.8411
depeche,3,10.5342
depend,21,8.8298
dependant,21,8.8298
dependencies,21,8.8298
dependent,21,8.8298
depending,21,8.8298
depends,21,8.8298
depict,121,7.1186
depicted,121,7.1186
depicting,121,7.1186
depiction,121,7.1186
depictions,121,7.1186
depicts,121,7.1186
deployment,1,11.2273
deported,3,10.5342
deportivo,1,11.2273
deposit,4,10.3111
depositing,4,10.3111
deposition,4,10.3111
depot,2,10.8218
depoyster,1,11.2273
depp,22,8.7853
depps,22,8.7853
deprated,1,11.2273
depressant,30,8.487
depressed,30,8.487
depressing,30,8.487
depression,30,8.487
depressions,30,8.487
deprived,2,10.8218
deprives,2,10.8218
depth,20,8.8763
depths,20,8.8763
deputy,13,9.2816
der,8,9.7233
derails,1,11.2273
deranged,3,10.5342
derby,9,9.618
derecha,1,11.2273
deregulation,1,11.2273
derek,19,8.925
derelict,2,10.8218
deride,1,11.2273
derivation,98,7.3271
derivative,98,7.3271
derivatives,98,7.3271
derive,98,7.3271
derived,98,7.3271
derives,98,7.3271
deriving,98,7.3271
derks,1,11.2273
derma,2,10.8218
dermatophobia,1,11.2273
dermatosiophobia,1,11.2273
dermochelys,1,11.2273
dern,1,11.2273
deroche,1,11.2273
deroulard,1,11.2273
derrick,2,10.8218
derriere,1,11.2273
derringer,2,10.8218
derrington,1,11.2273
derwitzer,1,11.2273
des,183,6.7088
desai,1,11.2273
desantos,1,11.2273
desbrow,1,11.2273
descartes,11,9.4357
descendant,22,8.7853
descendants,22,8.7853
descended,22,8.7853
descent,30,8.487
deschain,1,11.2273
deschanel,1,11.2273
descibed,1,11.2273
described,168,6.7936
describes,168,6.7936
describing,168,6.7936
description,15,9.1481
descriptions,15,9.1481
desdemona,1,11.2273
deseret,2,10.8218
desert,51,7.9701
deserted,51,7.9701
desertification,1,11.2273
deserts,51,7.9701
deserve,5,10.1288
deserved,5,10.1288
deserves,5,10.1288
deshannon,1,11.2273
deshawn,1,11.2273
desi,1,11.2273
design,168,6.7936
designate,168,6.7936
designated,168,6.7936
designating,168,6.7936
designation,168,6.7936
designed,168,6.7936
designer,168,6.7936
designers,168,6.7936
designing,168,6.7936
designs,168,6.7936
desimone,2,10.8218
desire,11,9.4357
desired,11,9.4357
desiree,1,11.2273
desires,11,9.4357
desk,7,9.8411
desmond,3,10.5342
desperate,22,8.7853
desperately,22,8.7853
desperation,22,8.7853
despina,1,11.2273
despised,1,11.2273
despite,19,8.925
dessert,25,8.6628
desserts,25,8.6628
destination,16,9.0875
destinations,16,9.0875
destined,16,9.0875
destinn,1,11.2273
destiny,24,8.702
destinys,24,8.702
destitute,1,11.2273
destroy,50,7.9895
destroyed,50,7.9895
destroyer,6,9.9746
destroyers,6,9.9746
destroying,50,7.9895
destroys,50,7.9895
destruct,24,8.702
destruction,24,8.702
destructive,24,8.702
destruit,1,11.2273
destry,1,11.2273
det,2,10.8218
detailed,2,10.8218
detained,2,10.8218
detat,1,11.2273
detect,112,7.1951
detection,112,7.1951
detective,112,7.1951
detectives,112,7.1951
detector,1,11.2273
detention,3,10.5342
deter,2,10.8218
detergent,3,10.5342
detergents,3,10.5342
determination,18,8.9763
determine,18,8.9763
determined,18,8.9763
determines,18,8.9763
detests,1,11.2273
detour,1,11.2273
detoxifying,1,11.2273
detre,1,11.2273
detroit,76,7.578
detroits,76,7.578
dette,1,11.2273
detumescence,1,11.2273
deuce,3,10.5342
deuces,3,10.5342
deunov,1,11.2273
deus,2,10.8218
deuterium,2,10.8218
deuterogamy,1,11.2273
deuteronomy,3,10.5342
deutschland,1,11.2273
deux,3,10.5342
dev,1,11.2273
deva,1,11.2273
devaluation,1,11.2273
devante,1,11.2273
devarim,1,11.2273
devastated,12,9.3557
devastating,12,9.3557
devastations,12,9.3557
develop,166,6.8054
developed,166,6.8054
developer,166,6.8054
developers,166,6.8054
developing,166,6.8054
development,166,6.8054
developmental,2,10.8218
developments,166,6.8054
develops,166,6.8054
devereaux,1,11.2273
devestating,1,11.2273
devgiri,1,11.2273
deviation,1,11.2273
device,55,7.8961
devices,55,7.8961
devil,71,7.645
devilfish,1,11.2273
devilish,2,10.8218
deville,71,7.645
devils,71,7.645
devine,1,11.2273
deviousmud,1,11.2273
deviouswof,1,11.2273
devised,4,10.3111
devises,4,10.3111
devising,4,10.3111
devito,7,9.8411
devo,3,10.5342
devoid,1,11.2273
devolved,1,11.2273
devonian,6,9.9746
devonte,1,11.2273
devoted,12,9.3557
devotion,12,9.3557
devout,2,10.8218
dew,2,10.8218
dewar,2,10.8218
dewars,2,10.8218
dewberry,1,11.2273
dewey,2,10.8218
dewi,1,11.2273
dewitt,1,11.2273
dexter,2,10.8218
dexters,2,10.8218
dextrocardia,1,11.2273
dextrophobia,2,10.8218
dexys,2,10.8218
dezhnev,1,11.2273
dg,2,10.8218
dh,2,10.8218
dhabi,2,10.8218
dhaka,3,10.5342
dhamma,1,11.2273
dharma,6,9.9746
dharug,1,11.2273
dhern,1,11.2273
dhoffryn,1,11.2273
di,451,5.8149
diabetes,7,9.8411
diablo,13,9.2816
diabolisation,1,11.2273
diabolos,1,11.2273
diabolus,1,11.2273
diacono,1,11.2273
diadochi,1,11.2273
diagnose,17,9.0304
diagnosed,17,9.0304
diagnoses,17,9.0304
diagnosis,6,9.9746
diagnostics,1,11.2273
diagon,5,10.1288
diagonal,5,10.1288
diagram,2,10.8218
diahann,1,11.2273
dial,6,9.9746
dialect,5,10.1288
dialectic,5,10.1288
dialectica,1,11.2273
dialed,6,9.9746
dialga,1,11.2273
dialitology,1,11.2273
dialog,4,10.3111
dialogue,21,8.8298
dialysis,3,10.5342
diameter,10,9.5227
diamond,120,7.1268
diamondbacks,1,11.2273
diamonds,120,7.1268
diana,38,8.2575
dianas,38,8.2575
diane,20,8.8763
dianic,1,11.2273
dianne,1,11.2273
dianno,1,11.2273
dianthus,1,11.2273
diaper,1,11.2273
diaphoresis,1,11.2273
diaphragm,3,10.5342
diaries,27,8.5887
diarrhea,2,10.8218
diarthrosis,1,11.2273
diary,27,8.5887
dias,1,11.2273
diastolic,1,11.2273
diatonic,1,11.2273
diatribe,1,11.2273
diaz,21,8.8298
dibbuk,1,11.2273
dicamillo,1,11.2273
dicaprio,25,8.6628
dicaprios,25,8.6628
dice,6,9.9746
dices,6,9.9746
dicess,1,11.2273
dich,1,11.2273
dicillo,1,11.2273
dick,74,7.6043
dickens,29,8.5197
dickenss,1,11.2273
dickey,3,10.5342
dickie,3,10.5342
dickinson,2,10.8218
dicks,74,7.6043
dicovered,1,11.2273
dictates,18,8.9763
dictating,18,8.9763
dictator,18,8.9763
dictatorial,1,11.2273
dictators,18,8.9763
dictatorship,1,11.2273
dictionary,10,9.5227
dictionarys,10,9.5227
dictum,2,10.8218
didact,1,11.2273
didaskaleinophobia,2,10.8218
diddle,1,11.2273
diddley,1,11.2273
diddy,1,11.2273
didi,1,11.2273
didn,2,10.8218
didnt,60,7.8106
dido,4,10.3111
die,451,5.8149
died,451,5.8149
diegetically,1,11.2273
diego,34,8.3657
diels,1,11.2273
diem,1,11.2273
diemens,1,11.2273
diemer,2,10.8218
dieppe,1,11.2273
dierdre,1,11.2273
dies,451,5.8149
diesel,14,9.2126
diesels,14,9.2126
diet,51,7.9701
dietary,10,9.5227
dieting,51,7.9701
dietitians,1,11.2273
dietrich,14,9.2126
dietrichs,14,9.2126
diets,51,7.9701
diety,1,11.2273
diezel,1,11.2273
differ,186,6.6927
differed,186,6.6927
difference,186,6.6927
differences,186,6.6927
different,186,6.6927
differentiate,2,10.8218
differently,186,6.6927
differs,186,6.6927
difficult,17,9.0304
difficulting,17,9.0304
difficulty,5,10.1288
diffrent,14,9.2126
diffusion,1,11.2273
dig,7,9.8411
digance,1,11.2273
digest,14,9.2126
digested,14,9.2126
digesters,14,9.2126
digestion,14,9.2126
digestive,14,9.2126
digger,1,11.2273
diggerty,1,11.2273
digging,7,9.8411
diggory,2,10.8218
digiamo,1,11.2273
digit,19,8.925
digital,19,8.925
digitally,19,8.925
digits,19,8.925
dijkstra,4,10.3111
dik,2,10.8218
dikephobia,1,11.2273
dilate,2,10.8218
dilated,2,10.8218
dilation,2,10.8218
dilbert,6,9.9746
dilberts,6,9.9746
dilcey,1,11.2273
dilettante,1,11.2273
dilfer,1,11.2273
dili,2,10.8218
diligence,1,11.2273
dillinger,7,9.8411
dillingers,7,9.8411
dillion,1,11.2273
dillon,7,9.8411
dillons,7,9.8411
dilute,3,10.5342
diluted,3,10.5342
dim,9,9.618
dimaggio,9,9.618
dimaggios,9,9.618
dimas,1,11.2273
dime,9,9.618
dimebag,2,10.8218
dimension,7,9.8411
dimensions,7,9.8411
dimera,2,10.8218
dimeras,2,10.8218
dimes,9,9.618
dimetrodon,1,11.2273
diminish,4,10.3111
diminished,4,10.3111
diminishes,4,10.3111
diminutive,3,10.5342
dimitar,1,11.2273
dimitri,1,11.2273
dimly,1,11.2273
dimples,1,11.2273
dimwitted,1,11.2273
din,5,10.1288
dina,3,10.5342
dinah,5,10.1288
dinapolis,1,11.2273
dinar,15,9.1481
dine,5,10.1288
dinefwr,1,11.2273
diner,15,9.1481
diners,15,9.1481
ding,3,10.5342
dingo,7,9.8411
diniguan,1,11.2273
dining,5,10.1288
dinner,25,8.6628
dinners,25,8.6628
dino,7,9.8411
dinophobia,2,10.8218
dinos,7,9.8411
dinosaucers,1,11.2273
dinosaur,73,7.6177
dinosauria,2,10.8218
dinosaurs,73,7.6177
dinotopia,1,11.2273
dio,2,10.8218
diodorus,1,11.2273
dion,19,8.925
dionaea,1,11.2273
dione,19,8.925
diones,19,8.925
dionne,3,10.5342
dions,19,8.925
dionysia,1,11.2273
dionysian,1,11.2273
dionysos,2,10.8218
dionysus,11,9.4357
diophantus,2,10.8218
dior,1,11.2273
diosdado,1,11.2273
dioxide,7,9.8411
dip,8,9.7233
diphosphate,1,11.2273
diphtheria,1,11.2273
dipinto,1,11.2273
diplodocus,2,10.8218
diploid,1,11.2273
diploma,2,10.8218
diplomacy,2,10.8218
diplomat,16,9.0875
diplomatic,16,9.0875
diplomats,16,9.0875
dipped,8,9.7233
dipper,2,10.8218
dipping,8,9.7233
dippy,1,11.2273
dipterology,1,11.2273
dirac,4,10.3111
dire,2,10.8218
direct,375,5.9976
directed,375,5.9976
directing,375,5.9976
direction,375,5.9976
directions,375,5.9976
directive,375,5.9976
directly,18,8.9763
director,201,6.6158
directorate,201,6.6158
directorial,5,10.1288
directors,201,6.6158
directory,5,10.1288
direz,1,11.2273
dirham,2,10.8218
dirichlet,1,11.2273
dirigo,1,11.2273
dirk,1,11.2273
dirnt,1,11.2273
dirt,14,9.2126
dirty,52,7.9511
dirung,1,11.2273
dis,451,5.8149
disability,6,9.9746
disabled,6,9.9746
disables,6,9.9746
disadvantage,3,10.5342
disadvantaged,3,10.5342
disagreement,1,11.2273
disallowed,1,11.2273
disappear,19,8.925
disappearance,19,8.925
disappearances,19,8.925
disappeared,19,8.925
disappointed,3,10.5342
disappointing,3,10.5342
disappointment,3,10.5342
disarm,1,11.2273
disaster,39,8.2322
disasters,39,8.2322
disastrous,2,10.8218
disbanded,2,10.8218
disc,12,9.3557
discard,1,11.2273
discharged,4,10.3111
discharges,4,10.3111
disciple,6,9.9746
disciples,6,9.9746
discipline,9,9.618
disciplines,9,9.618
discloses,1,11.2273
disco,16,9.0875
discoloration,2,10.8218
discordance,1,11.2273
discover,410,5.9092
discovered,410,5.9092
discoverer,6,9.9746
discoverers,6,9.9746
discoveries,35,8.3375
discovering,410,5.9092
discovers,410,5.9092
discovery,35,8.3375
discredited,1,11.2273
discrete,1,11.2273
discriminatory,1,11.2273
discs,12,9.3557
discus,2,10.8218
discuss,15,9.1481
discussed,15,9.1481
discussing,15,9.1481
discussion,15,9.1481
discussions,15,9.1481
discworld,10,9.5227
discworlds,10,9.5227
disdained,1,11.2273
disease,104,7.2683
diseases,104,7.2683
disembark,1,11.2273
disfigured,3,10.5342
disgrace,2,10.8218
disgraced,2,10.8218
disgruntled,1,11.2273
disguise,18,8.9763
disguised,18,8.9763
disguises,18,8.9763
disguising,18,8.9763
disgust,3,10.5342
disgusted,3,10.5342
disgusting,3,10.5342
dish,108,7.231
dishabiliophobia,1,11.2273
dishes,108,7.231
dishonarably,1,11.2273
dishonest,2,10.8218
dishonorably,1,11.2273
dishwasher,2,10.8218
disillusioned,1,11.2273
disincorporated,1,11.2273
disinherited,1,11.2273
disintegrate,1,11.2273
disk,4,10.3111
disko,2,10.8218
disks,4,10.3111
dislike,5,10.1288
disliked,5,10.1288
dislikes,5,10.1288
dismal,1,11.2273
dismissed,3,10.5342
disney,153,6.8862
disneyland,4,10.3111
disneylands,4,10.3111
disneys,153,6.8862
disobedient,1,11.2273
disobey,2,10.8218
disorder,35,8.3375
disorders,35,8.3375
disowned,1,11.2273
dispatched,1,11.2273
dispersal,4,10.3111
dispersed,4,10.3111
dispersing,4,10.3111
displace,4,10.3111
displaced,4,10.3111
displacement,4,10.3111
display,17,9.0304
displayed,17,9.0304
displays,17,9.0304
disposable,3,10.5342
disposal,3,10.5342
disposing,3,10.5342
disposition,1,11.2273
dispute,7,9.8411
disputed,7,9.8411
disputes,7,9.8411
disqualification,1,11.2273
disqualified,2,10.8218
disraeli,1,11.2273
disregard,2,10.8218
disrespectfully,1,11.2273
disruptive,2,10.8218
disrupts,2,10.8218
disse,1,11.2273
dissenter,1,11.2273
dissident,2,10.8218
dissimilar,1,11.2273
dissociative,1,11.2273
dissolution,2,10.8218
dissolved,4,10.3111
dissolving,4,10.3111
distaff,1,11.2273
distance,34,8.3657
distances,34,8.3657
distancing,34,8.3657
distant,7,9.8411
distantly,1,11.2273
distilled,3,10.5342
distillery,1,11.2273
distinct,39,8.2322
distinction,39,8.2322
distinctions,39,8.2322
distinctive,39,8.2322
distinguish,16,9.0875
distinguishable,16,9.0875
distinguished,16,9.0875
distinguishes,16,9.0875
distinguishing,16,9.0875
distorted,3,10.5342
distortion,3,10.5342
distract,7,9.8411
distracted,7,9.8411
distracting,7,9.8411
distracts,7,9.8411
distraught,1,11.2273
distress,5,10.1288
distribute,16,9.0875
distributed,16,9.0875
distributes,16,9.0875
distribution,16,9.0875
distributive,16,9.0875
distributor,1,11.2273
district,16,9.0875
districts,16,9.0875
distrust,1,11.2273
disturb,8,9.7233
disturbance,8,9.7233
disturbed,8,9.7233
disturbing,8,9.7233
ditat,1,11.2273
ditch,1,11.2273
dith,1,11.2273
ditty,2,10.8218
diurnal,1,11.2273
div,10,9.5227
diva,19,8.925
divas,19,8.925
dive,10,9.5227
diver,4,10.3111
divers,4,10.3111
diverse,7,9.8411
divi,1,11.2273
divide,59,7.8271
divided,59,7.8271
divides,59,7.8271
dividing,59,7.8271
divina,1,11.2273
divination,14,9.2126
divinator,14,9.2126
divine,14,9.2126
divined,14,9.2126
diving,10,9.5227
divinities,14,9.2126
divinyls,1,11.2273
divisible,37,8.2835
division,37,8.2835
divisions,37,8.2835
divoire,1,11.2273
divorce,33,8.3947
divorced,33,8.3947
divorcer,33,8.3947
divulged,1,11.2273
dixie,7,9.8411
dixieland,1,11.2273
dixon,4,10.3111
dizengoff,2,10.8218
dizziness,6,9.9746
dizzy,6,9.9746
dj,16,9.0875
djamena,1,11.2273
django,3,10.5342
djarrit,1,11.2273
djebar,1,11.2273
djibouti,5,10.1288
djiboutian,1,11.2273
djimon,1,11.2273
djs,16,9.0875
dl,1,11.2273
dm,1,11.2273
dmc,1,11.2273
dmitri,5,10.1288
dmitriev,1,11.2273
dmv,1,11.2273
dna,18,8.9763
dobarsko,1,11.2273
dobby,3,10.5342
dobe,1,11.2273
doberman,1,11.2273
doble,1,11.2273
dobos,1,11.2273
dobr,1,11.2273
dobra,1,11.2273
dobro,1,11.2273
dobrovolski,1,11.2273
dobry,1,11.2273
doby,2,10.8218
doc,29,8.5197
dock,10,9.5227
docks,10,9.5227
dockyard,1,11.2273
doctor,116,7.1603
doctoral,116,7.1603
doctorate,116,7.1603
doctorow,2,10.8218
doctors,116,7.1603
doctrine,8,9.7233
doctrines,8,9.7233
document,16,9.0875
documentaries,28,8.5536
documentary,28,8.5536
documented,16,9.0875
documenting,16,9.0875
dodd,1,11.2273
dodge,9,9.618
dodgeball,14,9.2126
dodger,22,8.7853
dodgers,22,8.7853
dodo,8,9.7233
dodoma,2,10.8218
dodos,8,9.7233
doe,63,7.7627
doer,2,10.8218
doesn,1,11.2273
doesnt,51,7.9701
dofleini,1,11.2273
dog,317,6.1641
doga,1,11.2273
dogberrysm,1,11.2273
dogfish,1,11.2273
dogg,8,9.7233
doggers,1,11.2273
doggie,2,10.8218
doggs,8,9.7233
doggy,2,10.8218
doghouse,2,10.8218
dogma,1,11.2273
dogs,317,6.1641
dogsled,1,11.2273
dogstar,1,11.2273
dogwood,3,10.5342
doha,1,11.2273
doheny,1,11.2273
doherty,4,10.3111
dohy,1,11.2273
doin,3,10.5342
doing,63,7.7627
dokken,2,10.8218
dokkum,1,11.2273
dolan,1,11.2273
dolce,3,10.5342
dole,2,10.8218
dolenz,1,11.2273
dolgorukij,1,11.2273
dolitte,1,11.2273
dolittle,2,10.8218
doll,43,8.137
dollar,104,7.2683
dollars,104,7.2683
dollhouse,10,9.5227
dolls,43,8.137
dollss,1,11.2273
dolly,25,8.6628
dolmabah,9,9.618
dolohov,1,11.2273
dolores,5,10.1288
dolph,1,11.2273
dolphin,44,8.1146
dolphins,44,8.1146
dolsky,1,11.2273
dom,14,9.2126
domagk,1,11.2273
domain,10,9.5227
domains,10,9.5227
domatophobia,1,11.2273
dome,14,9.2126
domenico,9,9.618
domestic,23,8.7428
domesticated,23,8.7428
domestication,23,8.7428
dominae,1,11.2273
dominance,38,8.2575
dominant,38,8.2575
dominante,1,11.2273
dominantly,1,11.2273
dominate,38,8.2575
dominated,38,8.2575
dominates,38,8.2575
domination,38,8.2575
domingo,3,10.5342
dominguez,1,11.2273
dominica,4,10.3111
dominican,27,8.5887
dominicks,1,11.2273
dominion,1,11.2273
dominique,1,11.2273
domino,18,8.9763
dominoes,18,8.9763
dominos,18,8.9763
don,170,6.7818
donaghys,1,11.2273
donahue,1,11.2273
donald,42,8.16
donaldson,2,10.8218
donatable,9,9.618
donate,9,9.618
donated,9,9.618
donatella,2,10.8218
donatello,3,10.5342
donatellos,3,10.5342
donatien,1,11.2273
done,170,6.7818
donegal,1,11.2273
dong,2,10.8218
donkey,22,8.7853
donkeys,22,8.7853
donleavy,1,11.2273
donna,20,8.8763
donnas,20,8.8763
donnashirley,1,11.2273
donned,170,6.7818
donnie,6,9.9746
donning,170,6.7818
donny,6,9.9746
donofrio,8,9.7233
donor,2,10.8218
donora,1,11.2273
donors,2,10.8218
donovan,4,10.3111
donovans,4,10.3111
dons,170,6.7818
donsaari,1,11.2273
dont,205,6.5962
donut,2,10.8218
donvan,1,11.2273
donyabradshaw,1,11.2273
doo,5,10.1288
doobie,7,9.8411
doodle,1,11.2273
doodlebops,1,11.2273
doody,1,11.2273
doofenshmirtz,2,10.8218
doofenshmirtzs,2,10.8218
doogie,2,10.8218
dooku,2,10.8218
dool,2,10.8218
dooley,1,11.2273
doolittle,2,10.8218
doom,12,9.3557
doomed,12,9.3557
doomhammer,1,11.2273
dooming,12,9.3557
doomo,1,11.2273
door,68,7.6875
doorman,1,11.2273
doornails,1,11.2273
doors,68,7.6875
doos,5,10.1288
doose,1,11.2273
dope,1,11.2273
dopper,1,11.2273
doppler,1,11.2273
dora,3,10.5342
dorado,2,10.8218
doraphobia,1,11.2273
dorestad,1,11.2273
dorfman,1,11.2273
dori,17,9.0304
dorian,2,10.8218
doric,2,10.8218
dorinish,1,11.2273
doris,17,9.0304
dorks,1,11.2273
dorm,1,11.2273
dorma,1,11.2273
dormant,2,10.8218
doro,1,11.2273
doroteo,1,11.2273
dorothea,1,11.2273
dorothy,37,8.2835
dorothys,37,8.2835
dorrego,1,11.2273
dorsal,1,11.2273
dorsay,1,11.2273
dorsett,2,10.8218
dorsey,2,10.8218
dorthy,1,11.2273
dorval,1,11.2273
dory,17,9.0304
dos,63,7.7627
dose,3,10.5342
doses,3,10.5342
doss,1,11.2273
dossier,1,11.2273
dostoevsky,4,10.3111
dostoevskys,4,10.3111
dot,5,10.1288
doth,1,11.2273
dots,5,10.1288
dottie,2,10.8218
dou,1,11.2273
double,63,7.7627
doubled,63,7.7627
doubles,63,7.7627
doubling,63,7.7627
doubly,1,11.2273
doubt,22,8.7853
doubtfire,6,9.9746
doubtfires,6,9.9746
doubtful,22,8.7853
doubting,22,8.7853
doubts,22,8.7853
doudna,1,11.2273
doug,22,8.7853
dough,2,10.8218
doughnut,2,10.8218
doughnuts,2,10.8218
douglas,69,7.6732
douglases,1,11.2273
douglass,4,10.3111
dougs,22,8.7853
doula,1,11.2273
doulocracy,1,11.2273
dousing,2,10.8218
dov,30,8.487
dove,30,8.487
dover,4,10.3111
doves,30,8.487
dow,3,10.5342
dowager,1,11.2273
dowd,1,11.2273
down,185,6.698
downbeat,2,10.8218
downbeats,2,10.8218
downbursts,1,11.2273
downer,1,11.2273
downey,4,10.3111
downfall,1,11.2273
downing,185,6.698
download,2,10.8218
downpayment,1,11.2273
downright,1,11.2273
downrock,1,11.2273
downs,185,6.698
downstairs,3,10.5342
downtown,7,9.8411
downward,1,11.2273
dowries,1,11.2273
doxy,1,11.2273
doyle,31,8.4552
doyles,31,8.4552
dozen,20,8.8763
dozens,20,8.8763
dp,1,11.2273
dpm,1,11.2273
dr,184,6.7034
drachma,2,10.8218
draco,18,8.9763
dracula,23,8.7428
draculas,23,8.7428
dracunculiasis,1,11.2273
draft,69,7.6732
drafted,69,7.6732
draftee,1,11.2273
drafting,69,7.6732
drafts,69,7.6732
drag,12,9.3557
dragged,12,9.3557
draggin,2,10.8218
dragging,12,9.3557
dragneel,1,11.2273
dragnet,2,10.8218
drago,2,10.8218
dragon,88,7.4334
dragonchess,1,11.2273
dragonetti,1,11.2273
dragonfly,1,11.2273
dragonheart,1,11.2273
dragonhide,1,11.2273
dragons,88,7.4334
dragos,2,10.8218
dragster,1,11.2273
drainage,2,10.8218
draining,3,10.5342
drains,3,10.5342
drake,20,8.8763
drakes,20,8.8763
dram,3,10.5342
drama,151,6.8993
dramatic,13,9.2816
dramatist,10,9.5227
dramatists,10,9.5227
dramatization,13,9.2816
dramaturge,1,11.2273
dramedy,7,9.8411
drams,3,10.5342
drang,1,11.2273
drank,1,11.2273
draped,1,11.2273
draper,2,10.8218
drapers,2,10.8218
drapery,1,11.2273
drat,1,11.2273
dratch,1,11.2273
dravens,1,11.2273
draw,24,8.702
drawers,1,11.2273
drawing,24,8.702
drawn,8,9.7233
draws,24,8.702
drax,1,11.2273
draynor,1,11.2273
drc,1,11.2273
dread,7,9.8411
dreadful,7,9.8411
dreadfull,1,11.2273
dreadlock,3,10.5342
dreadlocks,3,10.5342
dreads,7,9.8411
dream,152,6.8927
dreamboat,1,11.2273
dreamed,152,6.8927
dreamer,2,10.8218
dreamers,2,10.8218
dreamgirls,15,9.1481
dreamin,2,10.8218
dreaming,152,6.8927
dreamless,1,11.2273
dreams,152,6.8927
dreamt,1,11.2273
dreamworks,1,11.2273
dred,1,11.2273
dredd,9,9.618
dredds,9,9.618
drees,1,11.2273
dreidberg,1,11.2273
dreiser,1,11.2273
drescher,2,10.8218
dress,71,7.645
dressed,71,7.645
dresser,1,11.2273
dresses,71,7.645
dressing,71,7.645
dressmaking,1,11.2273
drew,74,7.6043
drews,74,7.6043
drexler,1,11.2273
dreyfus,4,10.3111
dreyfuss,15,9.1481
dribble,2,10.8218
dried,6,9.9746
driest,2,10.8218
drift,6,9.9746
drifter,3,10.5342
drifting,6,9.9746
drill,6,9.9746
drilled,6,9.9746
driller,1,11.2273
drilling,6,9.9746
drills,6,9.9746
drimsev,1,11.2273
drink,111,7.2039
drinker,9,9.618
drinkers,9,9.618
drinkin,2,10.8218
drinking,111,7.2039
drinks,111,7.2039
drip,1,11.2273
drishti,1,11.2273
drive,78,7.5524
driven,12,9.3557
driver,59,7.8271
drivers,59,7.8271
drives,78,7.5524
driveway,2,10.8218
drivin,2,10.8218
driving,78,7.5524
drizella,2,10.8218
droids,1,11.2273
droite,1,11.2273
droll,1,11.2273
dromedary,1,11.2273
drone,2,10.8218
drones,2,10.8218
dronkey,1,11.2273
drood,1,11.2273
droogs,2,10.8218
drooling,1,11.2273
drop,68,7.6875
dropa,1,11.2273
droplets,1,11.2273
dropout,4,10.3111
dropouts,4,10.3111
dropped,68,7.6875
droppeth,1,11.2273
dropping,68,7.6875
drops,68,7.6875
drosera,1,11.2273
drosophilia,1,11.2273
drosophillia,1,11.2273
drought,1,11.2273
drove,19,8.925
drown,12,9.3557
drowned,12,9.3557
drowning,12,9.3557
drowsiness,1,11.2273
drucilla,1,11.2273
drucker,2,10.8218
drug,54,7.9141
drugco,1,11.2273
drugs,54,7.9141
drugstore,2,10.8218
druid,3,10.5342
druidic,1,11.2273
druids,3,10.5342
drum,20,8.8763
drumheads,1,11.2273
drummer,51,7.9701
drummers,51,7.9701
drummond,4,10.3111
drummonds,4,10.3111
drums,20,8.8763
drunk,21,8.8298
drunkard,1,11.2273
drunken,3,10.5342
drunkenness,3,10.5342
drup,1,11.2273
drusilla,3,10.5342
druyan,1,11.2273
dry,21,8.8298
dryads,1,11.2273
drying,21,8.8298
dryness,21,8.8298
drysdales,1,11.2273
drzewiecki,1,11.2273
dselsdag,1,11.2273
du,100,7.3071
duality,1,11.2273
duane,9,9.618
duarte,3,10.5342
dub,18,8.9763
dubai,11,9.4357
dubais,11,9.4357
dubbed,18,8.9763
dubble,1,11.2273
dubious,1,11.2273
dublin,10,9.5227
dubois,2,10.8218
dubose,1,11.2273
dubrovnik,1,11.2273
dubuque,1,11.2273
duc,3,10.5342
duce,3,10.5342
ducentesima,1,11.2273
duchamp,2,10.8218
duchess,4,10.3111
duchovny,3,10.5342
duchy,1,11.2273
duck,31,8.4552
ducke,31,8.4552
duckett,1,11.2273
duckie,4,10.3111
duckin,1,11.2273
duckling,2,10.8218
ducklings,2,10.8218
ducks,31,8.4552
duckworth,1,11.2273
duct,1,11.2273
ductile,1,11.2273
dud,13,9.2816
dude,13,9.2816
dudelange,1,11.2273
dudes,13,9.2816
dudley,11,9.4357
dudleys,11,9.4357
due,100,7.3071
duel,11,9.4357
dueling,11,9.4357
duero,1,11.2273
dues,100,7.3071
duesenberg,1,11.2273
duet,24,8.702
duets,24,8.702
duetted,24,8.702
dufek,1,11.2273
duff,27,8.5887
duffers,1,11.2273
duffs,27,8.5887
duffy,1,11.2273
dufresne,5,10.1288
dug,3,10.5342
dugalle,1,11.2273
dugrey,1,11.2273
duhamel,1,11.2273
duiker,1,11.2273
dujardins,1,11.2273
duk,84,7.4793
duke,84,7.4793
dukes,84,7.4793
dulang,1,11.2273
dulcimer,1,11.2273
dule,1,11.2273
dull,1,11.2273
duluth,1,11.2273
dum,3,10.5342
duma,8,9.7233
dumas,8,9.7233
dumass,1,11.2273
dumb,6,9.9746
dumbbell,1,11.2273
dumber,3,10.5342
dumbfounded,1,11.2273
dumbledore,25,8.6628
dumbledores,25,8.6628
dumbo,2,10.8218
dumbwaiter,1,11.2273
dummy,3,10.5342
dumont,1,11.2273
dump,6,9.9746
dumping,6,9.9746
dumpling,3,10.5342
dumplings,3,10.5342
dumps,6,9.9746
dumpty,1,11.2273
dunaway,2,10.8218
dunbar,1,11.2273
duncan,7,9.8411
dunce,1,11.2273
dundee,4,10.3111
dunder,3,10.5342
dundies,1,11.2273
dune,3,10.5342
dunes,3,10.5342
dung,1,11.2273
dungeons,10,9.5227
dunk,5,10.1288
dunkirk,2,10.8218
dunlop,2,10.8218
dunn,3,10.5342
dunns,3,10.5342
dunst,2,10.8218
dunster,1,11.2273
dunwich,1,11.2273
duo,64,7.7472
duodenal,1,11.2273
duodenum,2,10.8218
duos,64,7.7472
dupin,1,11.2273
duprie,1,11.2273
duquette,1,11.2273
dura,1,11.2273
durable,1,11.2273
duran,13,9.2816
durante,2,10.8218
duration,4,10.3111
durbervilles,1,11.2273
durch,1,11.2273
durden,3,10.5342
durer,2,10.8218
durham,10,9.5227
durin,1,11.2273
during,784,5.2688
durong,1,11.2273
durrow,1,11.2273
dursley,5,10.1288
dursleys,5,10.1288
durutti,1,11.2273
durza,1,11.2273
dusclops,1,11.2273
dushanbe,2,10.8218
dushku,2,10.8218
dusk,2,10.8218
duskinoir,1,11.2273
dusky,1,11.2273
dusseldorf,1,11.2273
dust,19,8.925
dustfinger,2,10.8218
dustin,30,8.487
dusty,7,9.8411
dutch,60,7.8106
dutchess,1,11.2273
dutchie,1,11.2273
dutching,60,7.8106
dutchman,1,11.2273
duties,18,8.9763
duty,18,8.9763
duvalier,1,11.2273
duvall,17,9.0304
duvalls,17,9.0304
dv,1,11.2273
dvd,7,9.8411
dvds,7,9.8411
dvi,1,11.2273
dvo,1,11.2273
dvorak,2,10.8218
dw,1,11.2273
dwarf,17,9.0304
dwarfs,17,9.0304
dwayne,9,9.618
dwaynes,9,9.618
dweeb,1,11.2273
dweezil,2,10.8218
dwellers,1,11.2273
dwelling,5,10.1288
dwellings,5,10.1288
dwells,5,10.1288
dwight,43,8.137
dwights,43,8.137
dwyane,1,11.2273
dy,23,8.7428
dyagilev,1,11.2273
dybbuk,1,11.2273
dybinski,1,11.2273
dydek,1,11.2273
dye,23,8.7428
dyed,23,8.7428
dyeing,23,8.7428
dying,23,8.7428
dyke,27,8.5887
dyker,1,11.2273
dylan,25,8.6628
dylans,25,8.6628
dyn,1,11.2273
dynamene,1,11.2273
dynamic,5,10.1288
dynamics,5,10.1288
dynamite,43,8.137
dynamo,3,10.5342
dynamosaurus,2,10.8218
dynastic,1,11.2273
dynasty,34,8.3657
dysentery,2,10.8218
dysfunctional,3,10.5342
dyslexia,2,10.8218
dyslexic,2,10.8218
dysmorphic,1,11.2273
dysmorphophobia,1,11.2273
dyspepsia,2,10.8218
dysphagia,1,11.2273
dystopian,4,10.3111
dystrophy,1,11.2273
dystychiphobia,2,10.8218
dysuria,1,11.2273
dzhumitra,1,11.2273
dziga,1,11.2273
dzus,1,11.2273
e,165,6.8114
e1,2,10.8218
ea,2,10.8218
each,131,7.04
eadweard,1,11.2273
eagan,2,10.8218
eager,1,11.2273
eagerly,1,11.2273
eagle,60,7.8106
eaglebutte,1,11.2273
eagles,60,7.8106
ear,35,8.3375
earache,2,10.8218
eardrum,1,11.2273
eared,35,8.3375
earhart,2,10.8218
earl,35,8.3375
earle,35,8.3375
earles,35,8.3375
earlier,167,6.7995
earliest,29,8.5197
earls,35,8.3375
early,167,6.7995
earn,52,7.9511
earned,52,7.9511
earnest,3,10.5342
earnhardt,25,8.6628
earnhardts,25,8.6628
earning,52,7.9511
earnshaw,1,11.2273
earp,6,9.9746
earps,6,9.9746
earrings,35,8.3375
ears,35,8.3375
earshot,1,11.2273
earth,239,6.4441
eartha,1,11.2273
earthenware,2,10.8218
earthling,1,11.2273
earthly,2,10.8218
earthquake,34,8.3657
earthquakes,34,8.3657
earthrace,1,11.2273
earths,239,6.4441
earthworm,9,9.618
earthworms,9,9.618
eas,2,10.8218
easden,1,11.2273
ease,4,10.3111
easier,36,8.3102
easily,18,8.9763
easing,4,10.3111
east,90,7.4112
eastenders,1,11.2273
easter,20,8.8763
eastern,84,7.4793
easternmost,1,11.2273
eastland,1,11.2273
easton,2,10.8218
eastside,3,10.5342
eastward,1,11.2273
eastwick,2,10.8218
eastwood,22,8.7853
eastwoods,22,8.7853
easy,36,8.3102
easybeats,1,11.2273
eat,107,7.2402
eaten,21,8.8298
eatenton,1,11.2273
eater,11,9.4357
eaters,11,9.4357
eating,107,7.2402
eats,107,7.2402
eau,1,11.2273
eb,2,10.8218
eb2,1,11.2273
ebanista,1,11.2273
ebay,1,11.2273
ebb,2,10.8218
ebbinghaus,2,10.8218
ebenezer,5,10.1288
eberhart,1,11.2273
ebners,1,11.2273
ebola,1,11.2273
ebonics,1,11.2273
ebony,2,10.8218
ebro,1,11.2273
ebsen,2,10.8218
eca,1,11.2273
ecbatana,1,11.2273
eccentric,17,9.0304
ecclesiastical,1,11.2273
ecclesiophobia,1,11.2273
eccrine,1,11.2273
ecdysiast,1,11.2273
ecdysone,1,11.2273
echidna,8,9.7233
echidnas,8,9.7233
echizens,1,11.2273
echnaton,1,11.2273
echo,10,9.5227
ecija,1,11.2273
eckersley,1,11.2273
eckhouse,1,11.2273
eckland,1,11.2273
eckstein,1,11.2273
eclampsia,1,11.2273
eclectic,3,10.5342
eclipse,8,9.7233
ecliptic,3,10.5342
eco,5,10.1288
ecole,1,11.2273
ecological,7,9.8411
ecologies,7,9.8411
ecologists,1,11.2273
ecology,7,9.8411
economic,32,8.4245
economically,32,8.4245
economics,32,8.4245
economist,8,9.7233
economists,8,9.7233
economy,7,9.8411
ecopod,1,11.2273
ecosystems,2,10.8218
ecotone,1,11.2273
ecstasy,1,11.2273
ecstatic,1,11.2273
ectasian,1,11.2273
ectoparasite,2,10.8218
ectoparasites,2,10.8218
ectosphere,1,11.2273
ecuador,16,9.0875
ecuadorian,1,11.2273
ecutioner,1,11.2273
ed,42,8.16
edam,1,11.2273
edaphic,1,11.2273
edar,1,11.2273
edd,2,10.8218
eddie,78,7.5524
eddies,78,7.5524
eddings,42,8.16
eddy,78,7.5524
eddys,78,7.5524
edeas,1,11.2273
edelweiss,1,11.2273
eden,7,9.8411
edgar,36,8.3102
edge,18,8.9763
edgecomb,3,10.5342
edgecombe,3,10.5342
edged,18,8.9763
edgerank,1,11.2273
edges,18,8.9763
edible,9,9.618
edict,2,10.8218
edie,3,10.5342
edilnord,1,11.2273
edinburgh,15,9.1481
edison,19,8.925
edith,7,9.8411
editing,14,9.2126
edition,14,9.2126
editions,14,9.2126
editor,13,9.2816
editors,13,9.2816
edlund,1,11.2273
edm,1,11.2273
edmond,5,10.1288
edmonston,1,11.2273
edmonton,5,10.1288
edmund,14,9.2126
edna,7,9.8411
edo,2,10.8218
edouard,1,11.2273
edouart,2,10.8218
eds,42,8.16
edsel,1,11.2273
edsger,4,10.3111
edson,4,10.3111
eduard,2,10.8218
educate,39,8.2322
educated,39,8.2322
education,39,8.2322
educational,39,8.2322
educator,39,8.2322
edvard,1,11.2273
edvin,1,11.2273
edward,128,7.0629
edwards,128,7.0629
edwin,12,9.3557
ee,1,11.2273
eeg,1,11.2273
eel,5,10.1288
eelet,1,11.2273
eeling,5,10.1288
eenie,1,11.2273
efes,2,10.8218
effect,78,7.5524
effected,78,7.5524
effective,78,7.5524
effectively,78,7.5524
effects,78,7.5524
efficiency,6,9.9746
efficient,6,9.9746
efficiently,6,9.9746
effie,3,10.5342
effort,11,9.4357
efforts,11,9.4357
effron,1,11.2273
efrem,1,11.2273
efren,2,10.8218
efron,2,10.8218
egan,1,11.2273
egg,97,7.3372
egghead,3,10.5342
eggnog,1,11.2273
eggplant,1,11.2273
eggs,97,7.3372
eggshell,2,10.8218
eglanteria,1,11.2273
ego,13,9.2816
egoism,13,9.2816
egon,1,11.2273
egos,13,9.2816
egotistical,1,11.2273
egrets,1,11.2273
eguchi,1,11.2273
egypt,86,7.4561
egyptian,57,7.861
egyptians,57,7.861
egyptologists,1,11.2273
egypts,86,7.4561
ehdita,1,11.2273
ehe,1,11.2273
ehf,1,11.2273
ehrlich,3,10.5342
ehv,1,11.2273
eichman,1,11.2273
eiffel,8,9.7233
eight,57,7.861
eighteen,3,10.5342
eighteenth,3,10.5342
eighth,3,10.5342
eighties,5,10.1288
eighty,5,10.1288
eilat,10,9.5227
eileen,3,10.5342
ein,1,11.2273
eindhoven,1,11.2273
einhorn,1,11.2273
einstein,46,8.0711
einsteinium,2,10.8218
einsteins,46,8.0711
eire,1,11.2273
eisenach,1,11.2273
eisenberg,1,11.2273
eisenhower,19,8.925
eisenhowers,19,8.925
either,25,8.6628
eiviss,1,11.2273
ejected,4,10.3111
ejection,4,10.3111
ek,3,10.5342
ekaterina,1,11.2273
ekg,1,11.2273
ekimmu,1,11.2273
ekland,1,11.2273
eko,1,11.2273
el,45,8.0926
elaborated,1,11.2273
elaine,23,8.7428
elaineowens,1,11.2273
elaines,23,8.7428
elaphebolus,1,11.2273
elapidae,1,11.2273
elapses,1,11.2273
elasticity,1,11.2273
elasticized,1,11.2273
elbe,3,10.5342
elbert,1,11.2273
elbow,3,10.5342
elbows,3,10.5342
elbrus,2,10.8218
elburg,1,11.2273
elcaset,1,11.2273
eldar,1,11.2273
elden,1,11.2273
elder,7,9.8411
elderly,5,10.1288
eldest,11,9.4357
eldorado,1,11.2273
eldred,1,11.2273
eldrick,1,11.2273
eleanor,448,5.8215
elect,91,7.4003
electabuzz,1,11.2273
elected,91,7.4003
election,91,7.4003
elections,91,7.4003
electoral,3,10.5342
electra,1,11.2273
electric,60,7.8106
electrical,60,7.8106
electrically,60,7.8106
electrician,1,11.2273
electricity,60,7.8106
electrified,1,11.2273
electrivire,1,11.2273
electrocardiogram,1,11.2273
electroception,1,11.2273
electrocuted,4,10.3111
electrocution,4,10.3111
electrode,2,10.8218
electrodes,2,10.8218
electrodynamics,1,11.2273
electroencephalogram,1,11.2273
electrolocation,1,11.2273
electromagnetic,10,9.5227
electromagnetism,10,9.5227
electron,42,8.16
electroneutrality,1,11.2273
electronic,42,8.16
electronically,42,8.16
electronics,42,8.16
electrons,42,8.16
electrooculography,1,11.2273
electrophobia,1,11.2273
eleemosynary,1,11.2273
elegance,4,10.3111
elegant,4,10.3111
elegy,1,11.2273
eleison,1,11.2273
elektra,4,10.3111
element,86,7.4561
elemental,86,7.4561
elementary,6,9.9746
elements,86,7.4561
elena,1,11.2273
elenore,1,11.2273
eleonore,1,11.2273
elephant,65,7.7319
elephants,65,7.7319
elephas,1,11.2273
eleutherophobia,1,11.2273
elevated,18,8.9763
elevation,18,8.9763
elevator,18,8.9763
elevators,18,8.9763
eleven,16,9.0875
eleventh,3,10.5342
elf,15,9.1481
elfaba,1,11.2273
elfie,1,11.2273
elflike,1,11.2273
elfman,3,10.5342
elfs,15,9.1481
elfstones,1,11.2273
elgar,1,11.2273
eli,5,10.1288
eliab,1,11.2273
elias,6,9.9746
eliezer,1,11.2273
eligible,7,9.8411
eligius,1,11.2273
elijah,3,10.5342
eliminate,11,9.4357
eliminated,11,9.4357
elimination,11,9.4357
elinor,3,10.5342
elinors,3,10.5342
elio,2,10.8218
eliot,20,8.8763
eliots,20,8.8763
elisa,2,10.8218
elisabeth,5,10.1288
elise,2,10.8218
elisha,1,11.2273
elisheva,1,11.2273
elite,7,9.8411
elites,7,9.8411
elixir,1,11.2273
eliza,6,9.9746
elizabeth,145,6.9394
elizabethan,3,10.5342
elizabeths,145,6.9394
elizabethtown,1,11.2273
elizondo,1,11.2273
elk,4,10.3111
elkhorn,1,11.2273
elko,1,11.2273
ella,6,9.9746
ellada,1,11.2273
elle,14,9.2126
ellen,29,8.5197
ellens,29,8.5197
eller,1,11.2273
ellery,2,10.8218
elles,14,9.2126
ellesworth,1,11.2273
ellice,1,11.2273
ellie,20,8.8763
ellies,20,8.8763
ellington,14,9.2126
ellingtons,14,9.2126
elliot,15,9.1481
elliots,15,9.1481
elliott,3,10.5342
elliotts,3,10.5342
ellipse,1,11.2273
elliptical,2,10.8218
ellis,20,8.8763
elly,20,8.8763
elm,6,9.9746
elmali,1,11.2273
elmer,4,10.3111
elmo,21,8.8298
elmos,21,8.8298
elms,6,9.9746
elocution,1,11.2273
elograph,1,11.2273
eloise,2,10.8218
elongated,7,9.8411
elongation,7,9.8411
elope,3,10.5342
eloped,3,10.5342
elopes,3,10.5342
eloquence,2,10.8218
eloquent,2,10.8218
elphaba,4,10.3111
elphabas,4,10.3111
elpidio,1,11.2273
elrond,1,11.2273
elroy,2,10.8218
els,45,8.0926
elsa,2,10.8218
else,20,8.8763
elsewere,1,11.2273
elsewhere,16,9.0875
elsker,1,11.2273
elson,1,11.2273
elston,1,11.2273
elton,33,8.3947
eltz,1,11.2273
eluard,1,11.2273
elude,2,10.8218
eluding,2,10.8218
eluria,1,11.2273
elurophobia,1,11.2273
elusive,1,11.2273
elven,1,11.2273
elver,1,11.2273
elves,3,10.5342
elvin,1,11.2273
elvira,3,10.5342
elvis,95,7.3578
elviss,8,9.7233
elway,1,11.2273
elwin,1,11.2273
elwood,1,11.2273
elwyn,1,11.2273
ely,5,10.1288
elyse,2,10.8218
elysian,2,10.8218
elzie,1,11.2273
em,11,9.4357
email,3,10.5342
emanations,1,11.2273
emancipation,4,10.3111
emancipator,4,10.3111
emanuel,12,9.3557
embarass,1,11.2273
embargo,2,10.8218
embarking,1,11.2273
embarrassed,2,10.8218
embarrassment,2,10.8218
embassies,5,10.1288
embassy,5,10.1288
embedded,2,10.8218
embeds,1,11.2273
embellishing,1,11.2273
embezzle,3,10.5342
embezzled,3,10.5342
embezzlement,3,10.5342
embioptera,1,11.2273
emblazoned,2,10.8218
emblem,10,9.5227
emblematic,1,11.2273
emblems,10,9.5227
embodies,5,10.1288
embodiment,5,10.1288
embody,5,10.1288
embolus,1,11.2273
embrace,3,10.5342
embroidered,1,11.2273
embry,1,11.2273
embryo,3,10.5342
emcee,1,11.2273
emchov,1,11.2273
emedeo,1,11.2273
emelyanenko,1,11.2273
emerald,9,9.618
emeralds,9,9.618
emerged,12,9.3557
emergency,12,9.3557
emerging,12,9.3557
emerson,5,10.1288
emetophobia,2,10.8218
emf,2,10.8218
emigrate,3,10.5342
emigrated,3,10.5342
emil,5,10.1288
emile,5,10.1288
emilio,9,9.618
emily,19,8.925
emilys,19,8.925
eminem,15,9.1481
eminems,15,9.1481
eminent,1,11.2273
emirate,9,9.618
emirates,9,9.618
emissary,1,11.2273
emission,2,10.8218
emissions,2,10.8218
emit,7,9.8411
emits,7,9.8411
emitted,7,9.8411
emitting,7,9.8411
emma,17,9.0304
emmanuel,4,10.3111
emmanuelle,4,10.3111
emmas,17,9.0304
emme,1,11.2273
emmental,3,10.5342
emmerdale,1,11.2273
emmet,3,10.5342
emmett,11,9.4357
emmie,87,7.4447
emmons,2,10.8218
emmy,87,7.4447
emmylou,3,10.5342
emmys,87,7.4447
emory,1,11.2273
emote,14,9.2126
emotes,14,9.2126
emoticon,3,10.5342
emoticons,3,10.5342
emotion,14,9.2126
emotional,14,9.2126
emotionally,3,10.5342
emotions,14,9.2126
emperor,94,7.3682
emperors,94,7.3682
emphasis,2,10.8218
emphasized,4,10.3111
emphasizes,4,10.3111
emphysema,2,10.8218
empire,106,7.2495
empires,106,7.2495
empirical,106,7.2495
employ,23,8.7428
employed,23,8.7428
employee,15,9.1481
employees,15,9.1481
employer,6,9.9746
employing,23,8.7428
employment,6,9.9746
employs,23,8.7428
empolean,1,11.2273
emporer,1,11.2273
emppu,1,11.2273
empress,12,9.3557
empresses,12,9.3557
empties,15,9.1481
emptiness,15,9.1481
empty,15,9.1481
ems,11,9.4357
emu,3,10.5342
emysl,1,11.2273
en,9,9.618
enable,12,9.3557
enabled,12,9.3557
enables,12,9.3557
enabling,12,9.3557
enacted,5,10.1288
enactment,5,10.1288
enamel,2,10.8218
enamored,3,10.5342
encapsulated,1,11.2273
encased,1,11.2273
enceladus,1,11.2273
encephalon,1,11.2273
enchant,13,9.2816
enchanted,13,9.2816
enchanter,13,9.2816
enchanting,13,9.2816
enchantment,13,9.2816
enchantments,13,9.2816
enchilada,1,11.2273
encircling,1,11.2273
enclave,6,9.9746
enclose,4,10.3111
enclosed,4,10.3111
enclosing,4,10.3111
encode,1,11.2273
encompass,2,10.8218
encompasses,2,10.8218
encore,2,10.8218
encores,2,10.8218
encounter,26,8.6251
encountered,26,8.6251
encountering,26,8.6251
encounters,26,8.6251
encourage,6,9.9746
encouraged,6,9.9746
encouragement,6,9.9746
encourages,6,9.9746
encrusted,1,11.2273
encyclopedia,3,10.5342
end,440,5.8393
endangered,19,8.925
endangers,19,8.925
endearing,5,10.1288
endearment,5,10.1288
ended,440,5.8393
endemic,22,8.7853
endes,440,5.8393
endgame,2,10.8218
ending,440,5.8393
endless,5,10.1288
endocrine,6,9.9746
endocrinologist,1,11.2273
endocrinology,1,11.2273
endomembrane,1,11.2273
endoplasmic,2,10.8218
endor,1,11.2273
endora,4,10.3111
endorphins,2,10.8218
endoscope,1,11.2273
endosphere,1,11.2273
endothermic,1,11.2273
endowment,1,11.2273
endpoints,1,11.2273
ends,440,5.8393
endurance,5,10.1288
endure,5,10.1288
endured,5,10.1288
enduring,5,10.1288
enduro,1,11.2273
enemies,55,7.8961
enemy,55,7.8961
energetic,2,10.8218
energeticism,1,11.2273
energico,1,11.2273
energies,33,8.3947
energized,1,11.2273
energy,33,8.3947
enetophobia,2,10.8218
enfalac,1,11.2273
enfermero,1,11.2273
enfield,2,10.8218
enforce,4,10.3111
enforcement,4,10.3111
eng,1,11.2273
engage,37,8.2835
engaged,37,8.2835
engagement,37,8.2835
engages,37,8.2835
engaging,37,8.2835
engel,6,9.9746
engelbart,2,10.8218
engelbert,1,11.2273
engels,6,9.9746
engima,1,11.2273
engine,68,7.6875
engineer,68,7.6875
engineering,68,7.6875
engineers,68,7.6875
engines,68,7.6875
england,255,6.3798
englands,255,6.3798
engler,1,11.2273
engles,1,11.2273
englewood,2,10.8218
english,378,5.9897
englishman,1,11.2273
englishmen,1,11.2273
engraved,4,10.3111
engraving,4,10.3111
engrossed,1,11.2273
engulfed,1,11.2273
engvall,1,11.2273
engywook,1,11.2273
enhance,6,9.9746
enhanced,6,9.9746
enhancing,6,9.9746
enhydra,1,11.2273
enid,9,9.618
enigma,1,11.2273
enigmatic,4,10.3111
enjoy,19,8.925
enjoyed,19,8.925
enjoying,19,8.925
enjoys,19,8.925
enlarge,6,9.9746
enlarged,6,9.9746
enlargement,6,9.9746
enlightened,5,10.1288
enlightenment,5,10.1288
enlist,9,9.618
enlisted,9,9.618
enlists,9,9.618
enoch,2,10.8218
enochlophilia,1,11.2273
enokitake,1,11.2273
enolo,1,11.2273
enology,1,11.2273
enormous,18,8.9763
enormously,18,8.9763
enos,4,10.3111
enosiophobia,1,11.2273
enough,50,7.9895
enriches,2,10.8218
enrico,7,9.8411
enrique,3,10.5342
enrolled,2,10.8218
enrollment,2,10.8218
enron,1,11.2273
ensemble,6,9.9746
enshrined,4,10.3111
ensign,1,11.2273
ensler,1,11.2273
ensued,2,10.8218
ensues,2,10.8218
ensure,5,10.1288
ensures,5,10.1288
entangled,2,10.8218
entanglements,2,10.8218
entente,1,11.2273
enter,68,7.6875
entered,68,7.6875
entering,68,7.6875
enteroctopus,1,11.2273
enterokinase,1,11.2273
enterprise,12,9.3557
enters,68,7.6875
entertain,57,7.861
entertained,57,7.861
entertainer,57,7.861
entertainers,57,7.861
entertaining,57,7.861
entertainment,57,7.861
entertainments,57,7.861
entertains,57,7.861
enth,1,11.2273
enthroned,2,10.8218
enthusiasm,16,9.0875
enthusiastically,1,11.2273
entice,3,10.5342
entire,79,7.5398
entirely,79,7.5398
entirley,1,11.2273
entities,8,9.7233
entitled,39,8.2322
entity,8,9.7233
entombed,2,10.8218
entombment,2,10.8218
entomologist,2,10.8218
entomology,2,10.8218
entomophobia,4,10.3111
entourage,1,11.2273
entrance,7,9.8411
entrances,7,9.8411
entrapment,1,11.2273
entree,1,11.2273
entrenched,1,11.2273
entrepreneur,6,9.9746
entrepreneurs,6,9.9746
entries,17,9.0304
entry,17,9.0304
entwhistle,1,11.2273
enuff,1,11.2273
enuresis,1,11.2273
envelop,2,10.8218
envelopes,2,10.8218
enver,1,11.2273
environment,12,9.3557
environmental,3,10.5342
environmentalist,2,10.8218
environmentally,3,10.5342
environments,12,9.3557
envisioned,1,11.2273
envy,2,10.8218
enya,1,11.2273
enza,1,11.2273
enzo,1,11.2273
enzymatic,1,11.2273
enzyme,4,10.3111
enzymes,4,10.3111
eo2,1,11.2273
eocene,1,11.2273
eoin,1,11.2273
eon,2,10.8218
eoraptor,1,11.2273
eos,1,11.2273
eosophobia,1,11.2273
eowyn,1,11.2273
ep,5,10.1288
epatha,5,10.1288
epathas,5,10.1288
epathka,1,11.2273
epcot,1,11.2273
ephebiphobia,3,10.5342
ephesus,3,10.5342
ephialtes,1,11.2273
ephraim,2,10.8218
ephron,1,11.2273
epic,34,8.3657
epica,15,9.1481
epicanthus,1,11.2273
epicardium,2,10.8218
epicas,15,9.1481
epicenter,1,11.2273
epicondylitis,1,11.2273
epics,34,8.3657
epicure,1,11.2273
epicurius,1,11.2273
epidemic,6,9.9746
epidemics,6,9.9746
epidermis,1,11.2273
epididymis,1,11.2273
epilepcy,1,11.2273
epilepsy,1,11.2273
epileptic,2,10.8218
epinephrine,1,11.2273
epiparasite,1,11.2273
episcopal,1,11.2273
episdn,1,11.2273
episiode,1,11.2273
episode,601,5.531
episodes,601,5.531
episodic,601,5.531
epistaxiophobia,1,11.2273
epistemophobia,1,11.2273
epistimology,1,11.2273
epistle,4,10.3111
epistolary,3,10.5342
epitaph,5,10.1288
epithalamion,1,11.2273
epithelial,1,11.2273
epithet,2,10.8218
epithets,2,10.8218
epitome,4,10.3111
epitomized,4,10.3111
epoch,8,9.7233
epochs,8,9.7233
eponine,1,11.2273
eponym,16,9.0875
eponymous,16,9.0875
eponyms,16,9.0875
epoque,1,11.2273
epperson,1,11.2273
eps,5,10.1288
epsilon,1,11.2273
epstein,7,9.8411
equal,77,7.5651
equalitarianism,1,11.2273
equality,77,7.5651
equalization,77,7.5651
equally,77,7.5651
equals,77,7.5651
equanimity,1,11.2273
equant,77,7.5651
equation,77,7.5651
equations,77,7.5651
equator,77,7.5651
equatorial,9,9.618
equestrian,5,10.1288
equestrianism,5,10.1288
equid,1,11.2273
equilateral,2,10.8218
equilibrium,6,9.9746
equinophobia,2,10.8218
equinox,5,10.1288
equip,14,9.2126
equipment,14,9.2126
equipments,14,9.2126
equipoised,1,11.2273
equipped,14,9.2126
equivalence,25,8.6628
equivalent,25,8.6628
equivocal,1,11.2273
equivoke,1,11.2273
equivoque,1,11.2273
equus,1,11.2273
era,44,8.1146
eradication,1,11.2273
eragon,12,9.3557
erase,4,10.3111
erased,4,10.3111
eraser,4,10.3111
erasmus,2,10.8218
erb,1,11.2273
erbil,1,11.2273
erd,1,11.2273
erdos,1,11.2273
erdre,1,11.2273
erebus,1,11.2273
erect,8,9.7233
erected,8,9.7233
erection,8,9.7233
erectus,4,10.3111
ereka,2,10.8218
eremophobia,1,11.2273
ereuthrophobia,1,11.2273
erfjord,1,11.2273
ergane,1,11.2273
ergophobia,1,11.2273
erhard,2,10.8218
eric,74,7.6043
erica,5,10.1288
erich,5,10.1288
erichon,1,11.2273
erichs,5,10.1288
erick,1,11.2273
ericksson,1,11.2273
erics,74,7.6043
ericsson,1,11.2273
eridani,1,11.2273
erie,6,9.9746
erik,3,10.5342
erika,3,10.5342
erikson,1,11.2273
eriksson,2,10.8218
erin,7,9.8411
eriphile,1,11.2273
eris,6,9.9746
erised,1,11.2273
eritrea,4,10.3111
erlang,1,11.2273
erle,2,10.8218
erlendur,1,11.2273
ermakov,1,11.2273
ermey,1,11.2273
ermine,2,10.8218
ermolova,1,11.2273
ernest,57,7.861
ernesto,3,10.5342
ernie,11,9.4357
erno,1,11.2273
ernohorsk,1,11.2273
ernst,15,9.1481
eroding,1,11.2273
eros,4,10.3111
erotic,2,10.8218
erotica,2,10.8218
errand,1,11.2273
erratic,1,11.2273
erriapus,1,11.2273
errol,7,9.8411
erroll,7,9.8411
erroneous,2,10.8218
erroneously,2,10.8218
error,7,9.8411
errors,7,9.8411
ersatz,3,10.5342
erupt,13,9.2816
erupted,13,9.2816
eruption,13,9.2816
eruptions,13,9.2816
eruptum,1,11.2273
erwin,2,10.8218
erykah,3,10.5342
erythrocytes,3,10.5342
erythromycin,2,10.8218
erythrophobia,1,11.2273
erza,1,11.2273
es,5,10.1288
esa,1,11.2273
esau,2,10.8218
escalante,1,11.2273
escalator,1,11.2273
escalivada,1,11.2273
escape,53,7.9324
escaped,53,7.9324
escapement,53,7.9324
escapes,53,7.9324
escaping,53,7.9324
escapist,1,11.2273
escargot,5,10.1288
esch,1,11.2273
eschew,2,10.8218
eschewed,2,10.8218
escobar,3,10.5342
escobars,3,10.5342
escorial,1,11.2273
escort,1,11.2273
escritoire,1,11.2273
escudo,2,10.8218
esens,1,11.2273
esk,2,10.8218
eskimo,5,10.1288
eskimos,5,10.1288
esme,2,10.8218
esmeralda,1,11.2273
esmerelda,1,11.2273
esophageal,1,11.2273
esophoria,1,11.2273
esoteric,1,11.2273
esp,1,11.2273
espa,1,11.2273
espanol,1,11.2273
especially,26,8.6251
espejo,2,10.8218
esperance,1,11.2273
esperanto,5,10.1288
espionage,1,11.2273
espirito,1,11.2273
espn,10,9.5227
espnews,1,11.2273
espns,10,9.5227
esposito,4,10.3111
espoused,1,11.2273
espresso,11,9.4357
esq,1,11.2273
esque,1,11.2273
esreh,1,11.2273
essance,1,11.2273
essay,6,9.9746
essayist,3,10.5342
essays,6,9.9746
essence,4,10.3111
essential,28,8.5536
essentially,28,8.5536
essex,2,10.8218
essling,2,10.8218
est,7,9.8411
establish,105,7.2589
established,105,7.2589
establishes,105,7.2589
establishing,105,7.2589
establishment,105,7.2589
establishments,105,7.2589
estate,16,9.0875
estates,16,9.0875
este,7,9.8411
esteemed,1,11.2273
estella,1,11.2273
estelle,2,10.8218
ester,1,11.2273
estes,7,9.8411
esteves,1,11.2273
estevesz,1,11.2273
estevez,3,10.5342
esther,6,9.9746
estimate,35,8.3375
estimated,35,8.3375
estimates,35,8.3375
estimation,35,8.3375
estivation,1,11.2273
estlin,1,11.2273
estonia,5,10.1288
estoy,1,11.2273
estrada,1,11.2273
estragon,1,11.2273
estranged,1,11.2273
estremadoyro,1,11.2273
estrogen,2,10.8218
estuaries,2,10.8218
estuary,2,10.8218
eswatini,2,10.8218
et,5,10.1288
et3,1,11.2273
etat,1,11.2273
etc,3,10.5342
etch,1,11.2273
etcher,1,11.2273
eternal,20,8.8763
eternity,20,8.8763
eth,1,11.2273
ethan,9,9.618
ethanol,1,11.2273
ethel,10,9.5227
ethene,1,11.2273
etheric,1,11.2273
ethic,2,10.8218
ethical,2,10.8218
ethiopia,14,9.2126
ethiopian,4,10.3111
ethiopias,14,9.2126
ethnic,15,9.1481
ethnicity,15,9.1481
ethnoornithology,1,11.2273
ethnos,1,11.2273
ethology,2,10.8218
ethopia,1,11.2273
ethylene,2,10.8218
etienne,1,11.2273
etna,2,10.8218
etruscan,1,11.2273
etta,5,10.1288
ettingers,1,11.2273
ettore,1,11.2273
etudes,1,11.2273
etymologist,2,10.8218
etymologists,2,10.8218
etymology,2,10.8218
eu,31,8.4552
eua,1,11.2273
eubanks,1,11.2273
euboea,1,11.2273
eucalyptus,4,10.3111
eucharist,1,11.2273
euclid,6,9.9746
eudyptes,1,11.2273
eug,15,9.1481
eugene,9,9.618
eugenio,2,10.8218
eukanuba,1,11.2273
eukaryotic,3,10.5342
euler,29,8.5197
eulerian,1,11.2273
eulers,29,8.5197
eulogy,1,11.2273
eumenides,1,11.2273
eunice,1,11.2273
eunuch,1,11.2273
euphegenia,1,11.2273
euphemism,1,11.2273
euphemistic,1,11.2273
euphoria,1,11.2273
euphrates,5,10.1288
eupraksia,1,11.2273
eurasia,3,10.5342
eurasian,3,10.5342
eureka,1,11.2273
euro,15,9.1481
euroleague,1,11.2273
europa,3,10.5342
europe,145,6.9394
european,261,6.3568
europeans,261,6.3568
europos,1,11.2273
euroregion,7,9.8411
eurovision,16,9.0875
eurozone,1,11.2273
eurydike,1,11.2273
eurythmics,1,11.2273
eusebio,1,11.2273
eusocial,1,11.2273
eustace,12,9.3557
euston,1,11.2273
euterpe,1,11.2273
euthanasia,2,10.8218
euthanised,1,11.2273
ev,37,8.2835
eva,30,8.487
evacuate,4,10.3111
evacuated,4,10.3111
evacuation,4,10.3111
evacuees,2,10.8218
evan,36,8.3102
evanescence,21,8.8298
evanescences,21,8.8298
evangelical,1,11.2273
evangeline,1,11.2273
evangelist,2,10.8218
evangelista,2,10.8218
evanovichs,2,10.8218
evans,36,8.3102
evanston,2,10.8218
evaporated,5,10.1288
evaporating,5,10.1288
evaporation,5,10.1288
evapotranspiration,1,11.2273
evariste,1,11.2273
evasion,1,11.2273
evazan,1,11.2273
eve,37,8.2835
eveline,1,11.2273
evelyn,3,10.5342
even,91,7.4003
evenflow,1,11.2273
evening,91,7.4003
evenings,91,7.4003
evenly,2,10.8218
evens,91,7.4003
event,187,6.6874
events,187,6.6874
eventual,38,8.2575
eventually,38,8.2575
ever,220,6.5262
everbody,1,11.2273
everdeen,2,10.8218
everdeens,2,10.8218
everest,25,8.6628
everett,7,9.8411
everglades,1,11.2273
evergreen,6,9.9746
everheart,1,11.2273
everlast,3,10.5342
everlasting,3,10.5342
evers,220,6.5262
everton,1,11.2273
every,183,6.7088
everybody,40,8.2076
everybodys,40,8.2076
everyday,10,9.5227
everyone,38,8.2575
everyones,38,8.2575
everythin,1,11.2273
everywhere,4,10.3111
eves,37,8.2835
evgalvasil,1,11.2273
evgeni,2,10.8218
evgeny,2,10.8218
evicted,1,11.2273
evidence,18,8.9763
evie,1,11.2273
evigan,1,11.2273
evil,76,7.578
evilheart,1,11.2273
evilness,76,7.578
evils,76,7.578
evinrude,1,11.2273
evita,6,9.9746
evoked,2,10.8218
evokes,2,10.8218
evolution,10,9.5227
evolutionary,5,10.1288
evolve,45,8.0926
evolved,45,8.0926
evolves,45,8.0926
evry,2,10.8218
ew,10,9.5227
ewan,2,10.8218
ewbank,1,11.2273
ewe,10,9.5227
ewell,1,11.2273
ewes,10,9.5227
ewing,10,9.5227
ewok,1,11.2273
ex,53,7.9324
exact,9,9.618
exactly,15,9.1481
exaggerated,3,10.5342
exaggeration,3,10.5342
exalts,1,11.2273
exam,3,10.5342
examination,15,9.1481
examine,15,9.1481
examined,15,9.1481
examiner,15,9.1481
examining,15,9.1481
example,35,8.3375
examples,35,8.3375
excalibur,3,10.5342
excavation,2,10.8218
excavations,2,10.8218
excedrin,2,10.8218
exceed,4,10.3111
exceeded,2,10.8218
exceeding,2,10.8218
exceeds,4,10.3111
excel,19,8.925
excelled,19,8.925
excellency,19,8.925
excellent,19,8.925
excelsior,1,11.2273
except,58,7.8439
exception,58,7.8439
exceptional,58,7.8439
excercised,1,11.2273
excerpt,5,10.1288
excerpted,5,10.1288
excess,14,9.2126
excesses,14,9.2126
excessive,14,9.2126
excessively,14,9.2126
exchange,25,8.6628
exchanged,25,8.6628
exchanges,25,8.6628
excitability,7,9.8411
excited,7,9.8411
excitement,7,9.8411
exciting,7,9.8411
exclaim,1,11.2273
exclamation,2,10.8218
exclave,5,10.1288
excluded,13,9.2816
excluding,13,9.2816
exclusive,19,8.925
exclusively,19,8.925
excommunicated,3,10.5342
excommunicating,3,10.5342
excommunication,3,10.5342
excretion,1,11.2273
excuse,3,10.5342
execute,51,7.9701
executed,51,7.9701
executing,51,7.9701
execution,51,7.9701
executive,51,7.9701
executives,51,7.9701
exercise,12,9.3557
exercised,12,9.3557
exercises,12,9.3557
exerted,1,11.2273
exeter,2,10.8218
exhale,2,10.8218
exhausted,1,11.2273
exhibit,9,9.618
exhibited,9,9.618
exhibition,9,9.618
exhibits,9,9.618
exhumed,1,11.2273
exidor,1,11.2273
exile,10,9.5227
exiled,10,9.5227
exist,80,7.5274
existed,80,7.5274
existence,80,7.5274
existences,80,7.5274
existent,80,7.5274
existing,80,7.5274
exists,80,7.5274
exit,5,10.1288
exiting,5,10.1288
exits,5,10.1288
exitus,1,11.2273
exocoetidae,1,11.2273
exodus,11,9.4357
exorcise,1,11.2273
exorcism,4,10.3111
exorcisms,4,10.3111
exorcist,13,9.2816
exorcists,13,9.2816
exosphere,1,11.2273
exotic,6,9.9746
expand,8,9.7233
expanded,8,9.7233
expands,8,9.7233
expansion,12,9.3557
expatriate,1,11.2273
expect,27,8.5887
expectancy,27,8.5887
expectation,27,8.5887
expectations,27,8.5887
expected,27,8.5887
expecting,27,8.5887
expecto,2,10.8218
expedition,17,9.0304
expeditions,17,9.0304
expelled,7,9.8411
expels,7,9.8411
expense,18,8.9763
expensive,18,8.9763
experience,45,8.0926
experienced,8,9.7233
experiences,45,8.0926
experiment,45,8.0926
experimental,4,10.3111
experiments,45,8.0926
expert,20,8.8763
experts,20,8.8763
explained,17,9.0304
explaining,17,9.0304
explains,17,9.0304
explanation,2,10.8218
explanatory,1,11.2273
explicit,5,10.1288
explode,12,9.3557
exploded,12,9.3557
explodes,12,9.3557
exploitation,6,9.9746
exploits,6,9.9746
exploration,98,7.3271
explorations,98,7.3271
explore,98,7.3271
explored,98,7.3271
explorer,98,7.3271
explorers,98,7.3271
explores,98,7.3271
exploring,98,7.3271
explosion,10,9.5227
explosions,10,9.5227
explosive,10,9.5227
exponent,3,10.5342
exponential,1,11.2273
export,14,9.2126
exported,14,9.2126
exporter,14,9.2126
exporting,14,9.2126
exports,14,9.2126
expos,1,11.2273
expose,18,8.9763
exposed,18,8.9763
exposes,18,8.9763
exposing,18,8.9763
exposition,4,10.3111
exposure,3,10.5342
express,88,7.4334
expressed,88,7.4334
expresses,88,7.4334
expressing,88,7.4334
expression,88,7.4334
expressions,88,7.4334
expressway,1,11.2273
exprssion,1,11.2273
exquisite,1,11.2273
exsist,1,11.2273
extant,3,10.5342
extend,9,9.618
extended,9,9.618
extends,9,9.618
extensible,10,9.5227
extension,10,9.5227
extensions,10,9.5227
extensive,10,9.5227
extent,2,10.8218
exterior,1,11.2273
exterminating,5,10.1288
extermination,5,10.1288
exterminator,5,10.1288
external,4,10.3111
externality,4,10.3111
externally,4,10.3111
extinct,50,7.9895
extinction,50,7.9895
extinctions,50,7.9895
extinguish,3,10.5342
extinguisher,3,10.5342
extort,2,10.8218
extorted,2,10.8218
extra,21,8.8298
extract,17,9.0304
extracted,17,9.0304
extracting,17,9.0304
extraction,17,9.0304
extraocular,1,11.2273
extraordinaire,1,11.2273
extraordinarily,2,10.8218
extraordinary,10,9.5227
extrapyramidal,1,11.2273
extraterrestrial,5,10.1288
extravagance,4,10.3111
extravagant,4,10.3111
extrema,1,11.2273
extreme,39,8.2322
extremely,39,8.2322
extruded,1,11.2273
exup,1,11.2273
exxon,1,11.2273
eye,138,6.9884
eyeball,1,11.2273
eyebrow,3,10.5342
eyebrows,3,10.5342
eyed,24,8.702
eyeglasses,3,10.5342
eyeing,138,6.9884
eyelashes,2,10.8218
eyeless,1,11.2273
eyelid,4,10.3111
eyelids,4,10.3111
eyeliner,1,11.2273
eyepiece,1,11.2273
eyes,138,6.9884
eyesight,6,9.9746
eyez,1,11.2273
eyjafjallaj,1,11.2273
eyjafjallajokull,1,11.2273
eyre,4,10.3111
eysenck,1,11.2273
ez,2,10.8218
ezcode,1,11.2273
eze,2,10.8218
ezekiel,1,11.2273
ezra,3,10.5342
f,522,5.6702
f1,5,10.1288
f4,1,11.2273
f91,1,11.2273
fa,7,9.8411
fab,6,9.9746
fabada,1,11.2273
fabbrica,2,10.8218
faber,1,11.2273
faberg,1,11.2273
fabia,1,11.2273
fabian,1,11.2273
fabini,1,11.2273
fabio,1,11.2273
fable,4,10.3111
fabled,4,10.3111
fables,4,10.3111
fabric,9,9.618
fabricating,9,9.618
fabrics,9,9.618
fabrikam,1,11.2273
fabrizio,1,11.2273
fabulous,7,9.8411
facade,3,10.5342
face,95,7.3578
facebook,2,10.8218
faced,95,7.3578
facelift,1,11.2273
faceman,1,11.2273
faces,95,7.3578
faceted,1,11.2273
facial,8,9.7233
facilities,15,9.1481
facility,15,9.1481
facing,95,7.3578
facsimile,1,11.2273
fact,49,8.0093
facta,1,11.2273
faction,5,10.1288
factions,5,10.1288
factitious,1,11.2273
facto,6,9.9746
factor,20,8.8763
factorial,28,8.5536
factories,28,8.5536
factors,20,8.8763
factory,28,8.5536
facts,49,8.0093
factual,1,11.2273
facula,4,10.3111
facultative,1,11.2273
faculties,2,10.8218
faculty,2,10.8218
faddah,1,11.2273
fadduh,12,9.3557
fade,11,9.4357
faded,11,9.4357
fading,11,9.4357
fag,1,11.2273
fagan,2,10.8218
fagerbakke,1,11.2273
faheem,1,11.2273
fahey,1,11.2273
fahrenheit,16,9.0875
fail,20,8.8763
failed,20,8.8763
failing,20,8.8763
fails,20,8.8763
failure,9,9.618
failures,9,9.618
fain,1,11.2273
faint,4,10.3111
fainted,4,10.3111
fainting,4,10.3111
faints,4,10.3111
fair,32,8.4245
fairbanks,3,10.5342
faire,32,8.4245
fairfax,2,10.8218
fairfield,1,11.2273
fairies,74,7.6043
fairly,19,8.925
fairstein,1,11.2273
fairy,74,7.6043
fairytale,2,10.8218
faith,29,8.5197
faithful,29,8.5197
faithfulness,29,8.5197
faiths,29,8.5197
faizon,1,11.2273
fajngold,1,11.2273
fake,24,8.702
fakes,24,8.702
falafel,1,11.2273
falcon,20,8.8763
falcons,20,8.8763
falk,1,11.2273
falkenlust,1,11.2273
falkland,3,10.5342
falklands,3,10.5342
falkor,1,11.2273
fall,142,6.9601
fallen,14,9.2126
fallin,1,11.2273
falling,142,6.9601
fallopian,1,11.2273
fallout,1,11.2273
falls,142,6.9601
fallujah,1,11.2273
false,2224,4.2523
falsehood,1,11.2273
falsification,1,11.2273
falsified,1,11.2273
falstaffian,1,11.2273
falta,1,11.2273
falz,1,11.2273
falzones,1,11.2273
famadihana,1,11.2273
fame,129,7.0552
famed,129,7.0552
famer,18,8.9763
famers,18,8.9763
familia,1,11.2273
familiar,4,10.3111
families,510,5.6932
family,510,5.6932
familys,510,5.6932
famine,1,11.2273
famous,1130,4.9098
famously,5,10.1288
fan,57,7.861
fancliff,1,11.2273
fancy,8,9.7233
fandango,1,11.2273
faneuil,1,11.2273
fang,5,10.1288
fangs,5,10.1288
fangtooth,1,11.2273
fannie,4,10.3111
fanning,57,7.861
fannings,57,7.861
fanny,4,10.3111
fans,57,7.861
fanta,4,10.3111
fantana,1,11.2273
fantasia,7,9.8411
fantasies,72,7.6313
fantasizes,1,11.2273
fantasmagorie,1,11.2273
fantastic,6,9.9746
fantasticks,1,11.2273
fantasy,72,7.6313
fanynka,1,11.2273
far,61,7.7944
faraday,8,9.7233
faramir,1,11.2273
faraway,2,10.8218
farber,1,11.2273
farce,1,11.2273
farciot,2,10.8218
fare,61,7.7944
farewell,7,9.8411
farfalle,2,10.8218
fargo,13,9.2816
farid,1,11.2273
farinelli,1,11.2273
farley,2,10.8218
farm,34,8.3657
farmer,27,8.5887
farmers,27,8.5887
farmhouse,1,11.2273
farming,34,8.3657
farmland,2,10.8218
farms,34,8.3657
farner,1,11.2273
farnsworh,1,11.2273
farnum,1,11.2273
faroe,1,11.2273
faroese,1,11.2273
farouk,1,11.2273
farplane,1,11.2273
farquaad,1,11.2273
farquard,1,11.2273
farrah,10,9.5227
farrar,1,11.2273
farrell,3,10.5342
farrelly,1,11.2273
farringdon,1,11.2273
farroukh,1,11.2273
farrow,5,10.1288
farsi,1,11.2273
farson,1,11.2273
farther,1,11.2273
farthest,2,10.8218
farve,2,10.8218
fasciculatum,1,11.2273
fascinated,6,9.9746
fascinating,6,9.9746
fascist,6,9.9746
fascists,6,9.9746
fashion,84,7.4793
fashionable,84,7.4793
fashioned,84,7.4793
faso,4,10.3111
fast,66,7.7169
fasten,5,10.1288
fastened,5,10.1288
fasteners,5,10.1288
faster,9,9.618
fastest,21,8.8298
fasting,66,7.7169
fat,85,7.4676
fata,1,11.2273
fatal,21,8.8298
fatale,21,8.8298
fatalis,1,11.2273
fatalities,21,8.8298
fatally,21,8.8298
fate,85,7.4676
fated,85,7.4676
fates,85,7.4676
fatha,1,11.2273
fathead,1,11.2273
father,384,5.9741
fathered,384,5.9741
fatherhood,1,11.2273
fathering,384,5.9741
fatherland,1,11.2273
fatherless,1,11.2273
fathers,384,5.9741
fatigue,4,10.3111
fatophobia,1,11.2273
fator,1,11.2273
fats,85,7.4676
fatso,4,10.3111
fattening,1,11.2273
fattest,2,10.8218
fatti,9,9.618
fatty,9,9.618
fatu,3,10.5342
fauchard,1,11.2273
faulkner,3,10.5342
faulknerian,2,10.8218
fault,3,10.5342
faulty,1,11.2273
faun,2,10.8218
fauna,3,10.5342
faurot,2,10.8218
faustian,1,11.2273
faustina,1,11.2273
faustino,1,11.2273
faustus,1,11.2273
fauvism,1,11.2273
favela,1,11.2273
faversham,1,11.2273
favor,14,9.2126
favorable,14,9.2126
favored,14,9.2126
favorite,100,7.3071
favour,2,10.8218
favouring,2,10.8218
favourite,17,9.0304
favre,8,9.7233
favres,8,9.7233
fawcett,9,9.618
fawcetts,9,9.618
fawkes,2,10.8218
fawlty,1,11.2273
fawn,4,10.3111
fax,1,11.2273
fay,4,10.3111
fayard,1,11.2273
faye,3,10.5342
fayed,4,10.3111
fayette,2,10.8218
fayne,2,10.8218
faynes,2,10.8218
fazal,1,11.2273
fazio,1,11.2273
fbi,24,8.702
fbis,24,8.702
fc,6,9.9746
fcc,1,11.2273
fck,1,11.2273
fd8,1,11.2273
fda,1,11.2273
fdr,9,9.618
fe,13,9.2816
fe8,1,11.2273
fealty,1,11.2273
fear,192,6.6612
feared,192,6.6612
fearful,192,6.6612
fearin,1,11.2273
fearing,192,6.6612
fearless,1,11.2273
fearow,1,11.2273
fears,192,6.6612
feasible,1,11.2273
feast,13,9.2816
feasts,13,9.2816
feat,6,9.9746
feather,14,9.2126
featherless,1,11.2273
feathers,14,9.2126
featherstone,1,11.2273
featherwhisker,1,11.2273
feats,6,9.9746
feature,564,5.5937
featured,564,5.5937
featureless,1,11.2273
features,564,5.5937
featuring,564,5.5937
feb,1,11.2273
febriphobia,1,11.2273
february,110,7.2129
febuary,1,11.2273
fecal,1,11.2273
fecundo,1,11.2273
fed,5,10.1288
federal,51,7.9701
federalist,2,10.8218
federated,51,7.9701
federation,51,7.9701
federative,51,7.9701
federer,51,7.9701
federico,2,10.8218
fedex,1,11.2273
fedora,1,11.2273
fedotov,1,11.2273
fedynskij,1,11.2273
fee,13,9.2816
feed,38,8.2575
feeder,1,11.2273
feeding,38,8.2575
feeds,38,8.2575
feel,90,7.4112
feelgood,1,11.2273
feelin,5,10.1288
feeling,90,7.4112
feelings,90,7.4112
feels,90,7.4112
feeney,1,11.2273
feeny,1,11.2273
fees,13,9.2816
feet,74,7.6043
feig,1,11.2273
feigner,1,11.2273
feijohada,1,11.2273
feilds,1,11.2273
fein,1,11.2273
feisty,1,11.2273
feldman,4,10.3111
feldon,3,10.5342
feli,2,10.8218
felicis,1,11.2273
felicitas,2,10.8218
felicity,1,11.2273
felimath,1,11.2273
feline,4,10.3111
felipe,7,9.8411
felis,2,10.8218
felix,14,9.2126
felixs,14,9.2126
fell,28,8.5536
fella,3,10.5342
fellas,3,10.5342
feller,2,10.8218
fellini,4,10.3111
fellinis,4,10.3111
fellow,22,8.7853
fellows,22,8.7853
fellowship,17,9.0304
felon,1,11.2273
felonious,5,10.1288
felony,5,10.1288
felsic,1,11.2273
felt,14,9.2126
felton,7,9.8411
feltons,7,9.8411
female,302,6.2121
females,302,6.2121
femine,1,11.2273
feminine,1,11.2273
feminist,7,9.8411
femme,3,10.5342
femmes,3,10.5342
femoral,1,11.2273
femur,2,10.8218
fen,3,10.5342
fence,8,9.7233
fences,8,9.7233
fencing,8,9.7233
fender,2,10.8218
fenech,1,11.2273
fenfir,1,11.2273
feng,4,10.3111
fenix,3,10.5342
fennec,2,10.8218
fenny,1,11.2273
fenrir,1,11.2273
fenris,1,11.2273
fenstud,1,11.2273
fenton,1,11.2273
fenway,2,10.8218
feo,1,11.2273
fer,1,11.2273
ferb,8,9.7233
ferbs,8,9.7233
ferdinand,25,8.6628
feretrophobia,1,11.2273
fergie,13,9.2816
fergies,13,9.2816
ferguson,7,9.8411
ferm,1,11.2273
fermentation,8,9.7233
fermented,8,9.7233
fermi,5,10.1288
fermiac,1,11.2273
fermina,1,11.2273
fermium,1,11.2273
fern,4,10.3111
fernandez,2,10.8218
fernando,7,9.8411
ferns,4,10.3111
feronia,1,11.2273
ferophobia,1,11.2273
ferradas,1,11.2273
ferrara,1,11.2273
ferrari,4,10.3111
ferrell,20,8.8763
ferrells,20,8.8763
ferrer,1,11.2273
ferrera,1,11.2273
ferret,2,10.8218
ferrets,2,10.8218
ferrigno,5,10.1288
ferris,16,9.0875
ferromagnetic,1,11.2273
ferronaire,1,11.2273
ferry,16,9.0875
ferryman,1,11.2273
fertile,12,9.3557
fertility,12,9.3557
fertilize,12,9.3557
fertilized,12,9.3557
fertilizer,12,9.3557
ferunt,1,11.2273
fes,13,9.2816
fescue,1,11.2273
fesnyng,1,11.2273
fess,2,10.8218
fest,1,11.2273
fester,2,10.8218
festival,66,7.7169
festivals,66,7.7169
festive,66,7.7169
festivities,66,7.7169
festivus,9,9.618
festus,1,11.2273
feta,2,10.8218
fetch,4,10.3111
fetched,4,10.3111
fetches,4,10.3111
fete,1,11.2273
fetid,1,11.2273
fetus,6,9.9746
fetuses,1,11.2273
feud,9,9.618
feudal,4,10.3111
feudalism,4,10.3111
feuding,9,9.618
fever,25,8.6628
few,62,7.7784
fewer,1,11.2273
fewest,1,11.2273
fey,2,10.8218
feya,1,11.2273
fez,2,10.8218
fezzik,1,11.2273
fh,2,10.8218
fhms,1,11.2273
fi,46,8.0711
fianarantsoa,1,11.2273
fianc,13,9.2816
fiance,13,9.2816
fiancee,1,11.2273
fiances,13,9.2816
fiat,3,10.5342
fiba,1,11.2273
fibber,1,11.2273
fiber,9,9.618
fiberfill,1,11.2273
fiberglass,2,10.8218
fibers,9,9.618
fiboluuminescence,1,11.2273
fibonacci,4,10.3111
fibre,1,11.2273
fibreglass,1,11.2273
fibrin,2,10.8218
fibromyalgia,8,9.7233
fibromyalgya,1,11.2273
fibrous,1,11.2273
fibula,1,11.2273
fichte,1,11.2273
fiction,393,5.9512
fictional,393,5.9512
fictionalized,393,5.9512
fictitious,4,10.3111
ficus,1,11.2273
fiddle,4,10.3111
fiddler,4,10.3111
fide,2,10.8218
fidel,21,8.8298
fidelis,2,10.8218
fideua,1,11.2273
fido,2,10.8218
fidrych,1,11.2273
fie,46,8.0711
fief,1,11.2273
field,139,6.9813
fielder,6,9.9746
fielders,6,9.9746
fielding,139,6.9813
fields,139,6.9813
fiennes,1,11.2273
fierce,6,9.9746
fierceness,6,9.9746
fiero,1,11.2273
fiery,1,11.2273
fiesta,3,10.5342
fifa,18,8.9763
fife,2,10.8218
fifi,2,10.8218
fifteen,10,9.5227
fifteenth,2,10.8218
fifth,52,7.9511
fifths,52,7.9511
fifty,5,10.1288
fig,7,9.8411
figaro,1,11.2273
figg,1,11.2273
fight,127,7.0707
fighter,30,8.487
fighters,30,8.487
fightin,3,10.5342
fighting,127,7.0707
fights,127,7.0707
figment,1,11.2273
figs,7,9.8411
figurative,100,7.3071
figuratively,100,7.3071
figure,100,7.3071
figured,100,7.3071
figures,100,7.3071
fiji,6,9.9746
fijian,1,11.2273
filament,1,11.2273
filch,2,10.8218
filchner,1,11.2273
file,38,8.2575
filed,38,8.2575
files,38,8.2575
filing,38,8.2575
filipinas,1,11.2273
filipino,24,8.702
filipinos,24,8.702
fill,52,7.9511
filled,52,7.9511
filler,1,11.2273
fillies,4,10.3111
filling,52,7.9511
fillmore,2,10.8218
fills,52,7.9511
filly,4,10.3111
film,1204,4.8477
filmed,1204,4.8477
filmic,1,11.2273
filming,1204,4.8477
filmmaker,10,9.5227
filmmakers,10,9.5227
filmmaking,10,9.5227
filmnapoleon,1,11.2273
filmore,1,11.2273
films,1204,4.8477
filter,4,10.3111
filters,4,10.3111
filthy,1,11.2273
filtration,1,11.2273
fin,51,7.9701
fina,1,11.2273
finacee,1,11.2273
final,233,6.4693
finale,233,6.4693
finalist,3,10.5342
finally,233,6.4693
finals,233,6.4693
finance,7,9.8411
financed,7,9.8411
financial,8,9.7233
financially,8,9.7233
financing,7,9.8411
finasteride,1,11.2273
finch,7,9.8411
finchale,1,11.2273
finchs,7,9.8411
finction,1,11.2273
find,258,6.3682
finding,258,6.3682
findings,258,6.3682
finds,258,6.3682
fine,51,7.9701
fined,51,7.9701
finer,2,10.8218
fines,51,7.9701
finest,4,10.3111
finger,37,8.2835
fingered,37,8.2835
fingerlike,1,11.2273
fingernail,2,10.8218
fingernails,2,10.8218
fingerprint,10,9.5227
fingerprints,10,9.5227
fingers,37,8.2835
fingertips,4,10.3111
finicky,1,11.2273
finis,1,11.2273
finish,168,6.7936
finished,168,6.7936
finishes,168,6.7936
finishing,168,6.7936
finita,1,11.2273
finite,2,10.8218
finklea,1,11.2273
finland,30,8.487
finlandia,3,10.5342
finlay,1,11.2273
finn,11,9.4357
finned,51,7.9701
finney,5,10.1288
finnish,19,8.925
finno,1,11.2273
finns,11,9.4357
fins,51,7.9701
finster,1,11.2273
fiona,15,9.1481
fionas,15,9.1481
fiorentina,1,11.2273
fiorina,1,11.2273
fiorucci,1,11.2273
fir,190,6.6716
fire,190,6.6716
firearm,5,10.1288
firearms,5,10.1288
firebird,1,11.2273
firebolt,1,11.2273
firebug,1,11.2273
fired,190,6.6716
firefall,1,11.2273
firefighter,4,10.3111
firefighters,4,10.3111
firefighting,4,10.3111
fireflies,4,10.3111
firefly,4,10.3111
fireheart,2,10.8218
firehouse,1,11.2273
firelight,1,11.2273
fireman,3,10.5342
firemen,2,10.8218
firemens,2,10.8218
firemoney,1,11.2273
firenze,1,11.2273
firepaw,1,11.2273
fireplace,3,10.5342
fireplay,1,11.2273
fires,190,6.6716
firestars,3,10.5342
firestarter,2,10.8218
firewall,2,10.8218
firewire,1,11.2273
firewood,2,10.8218
fireworks,2,10.8218
firing,190,6.6716
firkin,1,11.2273
firm,11,9.4357
firmness,11,9.4357
first,3419,3.843
firstborn,1,11.2273
firsts,3419,3.843
firth,2,10.8218
fiscal,1,11.2273
fischer,19,8.925
fish,114,7.1775
fishburne,1,11.2273
fished,114,7.1775
fisher,14,9.2126
fisherman,6,9.9746
fishermen,5,10.1288
fishermens,5,10.1288
fishes,114,7.1775
fishing,114,7.1775
fishman,1,11.2273
fishs,114,7.1775
fishy,1,11.2273
fisk,4,10.3111
fission,1,11.2273
fist,16,9.0875
fistful,16,9.0875
fisto,1,11.2273
fistula,1,11.2273
fit,19,8.925
fitch,2,10.8218
fitness,19,8.925
fits,19,8.925
fitted,19,8.925
fitzcairn,1,11.2273
fitzgerald,10,9.5227
fitzgeralds,10,9.5227
fitzpatrick,2,10.8218
five,168,6.7936
fiver,2,10.8218
fix,11,9.4357
fixed,11,9.4357
fixing,11,9.4357
fixture,3,10.5342
fixx,2,10.8218
fiyero,1,11.2273
fizz,1,11.2273
fjaroabyggo,1,11.2273
fjords,1,11.2273
fl,4,10.3111
fl1,1,11.2273
flack,1,11.2273
flag,162,6.8296
flagg,2,10.8218
flagged,162,6.8296
flaggs,2,10.8218
flags,162,6.8296
flagship,1,11.2273
flagstaff,3,10.5342
flaherty,1,11.2273
flair,3,10.5342
flairs,3,10.5342
flak,4,10.3111
flakes,4,10.3111
flamboyant,4,10.3111
flamboyantly,1,11.2273
flame,13,9.2816
flamel,1,11.2273
flamenco,2,10.8218
flames,13,9.2816
flaming,13,9.2816
flamingo,10,9.5227
flamingos,10,9.5227
flammable,1,11.2273
flanders,4,10.3111
flanigan,1,11.2273
flank,1,11.2273
flannel,1,11.2273
flannigan,1,11.2273
flap,2,10.8218
flapping,2,10.8218
flash,13,9.2816
flashback,4,10.3111
flashbacks,4,10.3111
flashdance,1,11.2273
flashed,13,9.2816
flashing,13,9.2816
flashlight,3,10.5342
flashy,1,11.2273
flask,1,11.2273
flat,19,8.925
flatbed,1,11.2273
flatbread,2,10.8218
flatkaka,1,11.2273
flatliners,1,11.2273
flats,19,8.925
flatt,1,11.2273
flattery,1,11.2273
flattop,1,11.2273
flatulence,1,11.2273
flautist,1,11.2273
flav,2,10.8218
flavian,1,11.2273
flavio,1,11.2273
flavius,1,11.2273
flavonoids,3,10.5342
flavor,33,8.3947
flavored,33,8.3947
flavoring,33,8.3947
flavors,33,8.3947
flavour,4,10.3111
flavours,4,10.3111
flavs,2,10.8218
flaws,1,11.2273
flax,4,10.3111
flay,1,11.2273
flcl,1,11.2273
flea,6,9.9746
fleas,6,9.9746
fled,4,10.3111
flee,4,10.3111
fleece,2,10.8218
fleeing,4,10.3111
fleener,1,11.2273
flees,4,10.3111
fleet,11,9.4357
fleeting,11,9.4357
fleetwood,6,9.9746
fleisch,1,11.2273
fleischer,3,10.5342
fleming,8,9.7233
flemings,8,9.7233
flemington,1,11.2273
flemish,4,10.3111
flemming,8,9.7233
flesh,11,9.4357
fleshy,3,10.5342
fletch,22,8.7853
fletcher,2,10.8218
fletchs,22,8.7853
fleur,5,10.1288
fleurs,5,10.1288
flew,18,8.9763
flex,1,11.2273
flexer,1,11.2273
flexibility,3,10.5342
flexible,3,10.5342
flick,7,9.8411
flier,3,10.5342
fliers,3,10.5342
flies,16,9.0875
flifo,1,11.2273
flight,61,7.7944
flightless,3,10.5342
flights,61,7.7944
flinders,2,10.8218
fling,1,11.2273
flinn,1,11.2273
flinstones,1,11.2273
flint,4,10.3111
flints,4,10.3111
flintstone,21,8.8298
flintstones,21,8.8298
flip,12,9.3557
flipped,12,9.3557
flippers,2,10.8218
flips,12,9.3557
flirt,2,10.8218
flirtatious,1,11.2273
flirts,2,10.8218
flits,1,11.2273
flitwick,1,11.2273
flo,3,10.5342
float,15,9.1481
floating,15,9.1481
flock,2,10.8218
flockhart,1,11.2273
flogging,1,11.2273
floo,1,11.2273
flood,9,9.618
flooding,9,9.618
floor,30,8.487
floorball,1,11.2273
floors,30,8.487
floorwalker,1,11.2273
flop,11,9.4357
floppy,2,10.8218
flops,11,9.4357
flora,6,9.9746
floralgraphy,1,11.2273
florence,17,9.0304
florentine,3,10.5342
florentino,1,11.2273
floreo,2,10.8218
flores,1,11.2273
florey,1,11.2273
floria,1,11.2273
floriade,1,11.2273
floriano,1,11.2273
florida,82,7.5031
floridas,82,7.5031
florin,1,11.2273
floriography,1,11.2273
florist,1,11.2273
florista,1,11.2273
florrish,1,11.2273
floss,1,11.2273
flossie,1,11.2273
flotsky,1,11.2273
flottiglia,1,11.2273
flounder,4,10.3111
flour,8,9.7233
flourish,6,9.9746
flourished,6,9.9746
flow,38,8.2575
flower,119,7.1351
flowering,119,7.1351
flowerography,1,11.2273
flowers,119,7.1351
flowery,1,11.2273
flowing,38,8.2575
flown,6,9.9746
flows,38,8.2575
floyd,48,8.0295
floyds,48,8.0295
flu,1,11.2273
flubbed,1,11.2273
flubber,1,11.2273
fluctuat,1,11.2273
fluctuating,1,11.2273
fluent,3,10.5342
fluffles,1,11.2273
fluffy,8,9.7233
fluid,16,9.0875
fluids,16,9.0875
fluke,1,11.2273
flung,1,11.2273
flunky,1,11.2273
fluorescent,3,10.5342
fluoresces,3,10.5342
fluoridate,3,10.5342
fluoride,3,10.5342
fluorine,2,10.8218
fluorite,1,11.2273
fluoxamine,1,11.2273
flush,4,10.3111
flushed,4,10.3111
flushing,4,10.3111
flute,6,9.9746
fluted,6,9.9746
fluviatilis,1,11.2273
flux,1,11.2273
fly,108,7.231
flyer,5,10.1288
flyers,5,10.1288
flying,108,7.231
flynn,7,9.8411
flynns,7,9.8411
flytrap,2,10.8218
fm,3,10.5342
fnc,1,11.2273
fo,3,10.5342
foal,1,11.2273
foam,1,11.2273
foamy,1,11.2273
focaccia,1,11.2273
focker,8,9.7233
fockers,8,9.7233
focus,8,9.7233
focused,31,8.4552
focuses,31,8.4552
focusing,31,8.4552
foe,3,10.5342
fofa,1,11.2273
fog,3,10.5342
fogelberg,1,11.2273
fogells,2,10.8218
fogerty,1,11.2273
fogg,1,11.2273
foghat,1,11.2273
foghorn,1,11.2273
foi,2,10.8218
foie,2,10.8218
fokker,1,11.2273
folate,2,10.8218
folded,4,10.3111
foley,4,10.3111
foliage,1,11.2273
folic,4,10.3111
folium,1,11.2273
folk,38,8.2575
folkies,1,11.2273
folklore,21,8.8298
folkloric,21,8.8298
folks,38,8.2575
folktale,1,11.2273
folles,1,11.2273
folliani,1,11.2273
follicles,2,10.8218
follies,3,10.5342
follow,1786,4.4639
followed,1786,4.4639
follower,1786,4.4639
followers,1786,4.4639
following,1786,4.4639
follows,1786,4.4639
follwing,1,11.2273
follwong,1,11.2273
folsom,3,10.5342
folson,1,11.2273
foltz,1,11.2273
fond,4,10.3111
fonda,31,8.4552
fondas,31,8.4552
fondly,2,10.8218
fondue,1,11.2273
foniasophobia,1,11.2273
font,1,11.2273
fontaine,1,11.2273
fontainebleau,1,11.2273
fontana,1,11.2273
fontella,1,11.2273
fonz,7,9.8411
fonzie,7,9.8411
fonzies,7,9.8411
foo,3,10.5342
food,200,6.6207
foodfight,1,11.2273
foodophobia,1,11.2273
foods,200,6.6207
foofa,1,11.2273
fool,29,8.5197
fooled,29,8.5197
foolhardy,1,11.2273
foolish,4,10.3111
foolishly,1,11.2273
fools,29,8.5197
foot,39,8.2322
footbag,1,11.2273
football,213,6.5583
footballers,213,6.5583
footballs,213,6.5583
foote,39,8.2322
footed,39,8.2322
footprint,2,10.8218
footprints,2,10.8218
footsteps,2,10.8218
footwear,1,11.2273
footwork,1,11.2273
fop,2,10.8218
foray,1,11.2273
forbade,2,10.8218
forbes,11,9.4357
forbid,2,10.8218
forbidden,26,8.6251
forbidding,2,10.8218
forbush,1,11.2273
force,158,6.8544
forced,158,6.8544
forceful,158,6.8544
forces,158,6.8544
forcibly,1,11.2273
forcing,158,6.8544
ford,90,7.4112
fordham,2,10.8218
fordman,1,11.2273
fords,90,7.4112
fore,1,11.2273
forearm,2,10.8218
forefront,1,11.2273
foreground,1,11.2273
forehead,3,10.5342
foreign,27,8.5887
foreigner,27,8.5887
forel,1,11.2273
forelimbs,1,11.2273
foreman,5,10.1288
foremans,5,10.1288
foremost,1,11.2273
forensic,3,10.5342
forerunner,3,10.5342
foresake,1,11.2273
foreseeing,1,11.2273
foresight,1,11.2273
forest,33,8.3947
forests,33,8.3947
foretold,2,10.8218
foretopman,1,11.2273
forever,38,8.2575
foreword,1,11.2273
forge,4,10.3111
forger,1,11.2273
forget,14,9.2126
forgetful,14,9.2126
forgetting,14,9.2126
forging,4,10.3111
forgive,2,10.8218
forgiven,1,11.2273
forgiveness,2,10.8218
forgot,1,11.2273
forgotten,8,9.7233
forint,1,11.2273
fork,4,10.3111
form,306,6.1991
formal,18,8.9763
formaldehyde,1,11.2273
formally,18,8.9763
forman,7,9.8411
formans,7,9.8411
format,34,8.3657
formation,34,8.3657
formations,34,8.3657
formed,306,6.1991
former,282,6.2801
formerly,16,9.0875
formicary,1,11.2273
formidable,1,11.2273
forming,306,6.1991
formosa,1,11.2273
forms,306,6.1991
formula,18,8.9763
formulas,18,8.9763
formulate,6,9.9746
formulated,6,9.9746
formulating,6,9.9746
formulation,6,9.9746
forneria,1,11.2273
forrest,39,8.2322
forrests,39,8.2322
forsyte,1,11.2273
forsythe,1,11.2273
fort,17,9.0304
forte,17,9.0304
forth,8,9.7233
forthcoming,1,11.2273
forties,9,9.618
fortification,1,11.2273
fortified,2,10.8218
fortius,1,11.2273
fortnight,2,10.8218
fortress,4,10.3111
forts,17,9.0304
fortuna,1,11.2273
fortunate,28,8.5536
fortunately,28,8.5536
fortune,28,8.5536
fortunes,28,8.5536
fortuneteller,3,10.5342
fortunetelling,3,10.5342
forty,9,9.618
forward,15,9.1481
foss,9,9.618
fossa,2,10.8218
fosse,9,9.618
fosses,9,9.618
fossie,1,11.2273
fossil,25,8.6628
fossilized,25,8.6628
fossils,25,8.6628
fosss,1,11.2273
foster,16,9.0875
foto,1,11.2273
foucault,4,10.3111
foudgshlsdag,1,11.2273
fouette,1,11.2273
fought,76,7.578
fouke,1,11.2273
foul,8,9.7233
fouls,8,9.7233
found,491,5.7308
foundation,11,9.4357
founded,491,5.7308
founder,74,7.6043
founders,74,7.6043
founding,491,5.7308
fountain,9,9.618
fountainhead,1,11.2273
fountains,9,9.618
four,273,6.3122
fourche,1,11.2273
fourchette,1,11.2273
fourier,2,10.8218
fournier,1,11.2273
fourpeaked,1,11.2273
fours,273,6.3122
foursome,1,11.2273
foursquare,1,11.2273
fourteen,8,9.7233
fourteenth,2,10.8218
fourth,68,7.6875
foutette,1,11.2273
fowl,2,10.8218
fowler,3,10.5342
fox,69,7.6732
foxbat,1,11.2273
foxborough,1,11.2273
foxes,69,7.6732
foxfire,1,11.2273
foxglove,1,11.2273
foxs,69,7.6732
foxtrot,17,9.0304
foxwoods,1,11.2273
foxworthy,2,10.8218
foxx,15,9.1481
foxxs,15,9.1481
foxy,3,10.5342
fq,1,11.2273
fr,1,11.2273
fr3,1,11.2273
fractions,2,10.8218
frage,1,11.2273
fragments,1,11.2273
fragrance,12,9.3557
fragrances,12,9.3557
fragrant,3,10.5342
fraisers,1,11.2273
frakesh,1,11.2273
frame,14,9.2126
framed,14,9.2126
frames,14,9.2126
framework,1,11.2273
framingham,1,11.2273
frampton,3,10.5342
framptons,3,10.5342
fran,15,9.1481
franc,229,6.4865
franca,1,11.2273
france,229,6.4865
frances,229,6.4865
francesca,4,10.3111
francescas,4,10.3111
francesco,1,11.2273
franchise,16,9.0875
franchising,16,9.0875
franchize,6,9.9746
francine,2,10.8218
francis,54,7.9141
franciscan,1,11.2273
francisco,46,8.0711
franciscus,1,11.2273
franciscuszeno,1,11.2273
franciss,2,10.8218
franciswasiak,1,11.2273
franciszek,1,11.2273
franco,9,9.618
francois,5,10.1288
franconero,1,11.2273
francos,9,9.618
francs,229,6.4865
francsis,1,11.2273
frank,136,7.0029
franke,136,7.0029
frankel,1,11.2273
franken,5,10.1288
frankenstein,23,8.7428
frankensteins,23,8.7428
frankenstien,1,11.2273
frankfurt,4,10.3111
frankie,13,9.2816
frankies,13,9.2816
frankin,1,11.2273
franklin,68,7.6875
franklins,68,7.6875
frankly,1,11.2273
franks,136,7.0029
franksgiving,2,10.8218
frankston,1,11.2273
franky,13,9.2816
frann,1,11.2273
franny,1,11.2273
frans,15,9.1481
fransisco,1,11.2273
franz,15,9.1481
frascati,1,11.2273
fraser,7,9.8411
frasier,17,9.0304
frasiers,17,9.0304
frassetto,1,11.2273
fraternal,5,10.1288
fraternit,2,10.8218
fraternity,5,10.1288
fraternize,5,10.1288
fraud,4,10.3111
frauds,4,10.3111
fraunhofer,3,10.5342
fraysers,1,11.2273
frazier,1,11.2273
freak,6,9.9746
freakin,1,11.2273
freakouts,1,11.2273
freaky,1,11.2273
freal,2,10.8218
frears,1,11.2273
fred,80,7.5274
freddie,33,8.3947
freddy,33,8.3947
freddys,33,8.3947
frederic,5,10.1288
frederick,935,5.0956
fredericka,1,11.2273
fredericksburg,2,10.8218
frederico,2,10.8218
fredo,2,10.8218
fredrick,1,11.2273
fredriksson,1,11.2273
freds,80,7.5274
free,62,7.7784
freecreditreport,10,9.5227
freed,4,10.3111
freedom,28,8.5536
freedomland,1,11.2273
freedomm,1,11.2273
freedoms,28,8.5536
freeek,1,11.2273
freelance,1,11.2273
freeling,1,11.2273
freeman,13,9.2816
freemasonry,2,10.8218
frees,62,7.7784
freestyle,3,10.5342
freethinker,1,11.2273
freetown,2,10.8218
freeway,11,9.4357
freeze,8,9.7233
freezer,3,10.5342
freezes,8,9.7233
freezing,8,9.7233
frehley,3,10.5342
frehleys,3,10.5342
frei,1,11.2273
freight,1,11.2273
freiherr,1,11.2273
fremina,1,11.2273
fremont,1,11.2273
frenandez,1,11.2273
french,275,6.305
frenchie,1,11.2273
frenchman,3,10.5342
frenchmans,3,10.5342
frenchtown,1,11.2273
frensch,1,11.2273
frenzy,5,10.1288
frequencies,32,8.4245
frequency,32,8.4245
frequent,32,8.4245
frequented,32,8.4245
frequently,32,8.4245
frequents,32,8.4245
fresco,1,11.2273
fresh,48,8.0295
fresher,1,11.2273
freshly,2,10.8218
freshman,2,10.8218
freshwater,11,9.4357
fresleven,1,11.2273
fresno,4,10.3111
fret,1,11.2273
freud,34,8.3657
freuds,34,8.3657
frewer,2,10.8218
freya,4,10.3111
freytag,1,11.2273
frgt,1,11.2273
friar,2,10.8218
friars,2,10.8218
friction,5,10.1288
frid,1,11.2273
frida,1,11.2273
friday,63,7.7627
fridays,63,7.7627
fridge,2,10.8218
fried,16,9.0875
frieden,1,11.2273
friedkin,14,9.2126
friedland,1,11.2273
friedman,7,9.8411
friedrich,91,7.4003
friend,429,5.8644
friendly,14,9.2126
friends,429,5.8644
friendship,18,8.9763
fries,16,9.0875
frigate,1,11.2273
frige,1,11.2273
frigg,2,10.8218
frigga,1,11.2273
friggatriskaidekaphobia,2,10.8218
frighten,4,10.3111
frightened,4,10.3111
frigophobia,1,11.2273
frilled,2,10.8218
frindle,1,11.2273
fringe,12,9.3557
fringes,12,9.3557
frinks,1,11.2273
frio,1,11.2273
fripp,2,10.8218
frisbee,2,10.8218
frisch,1,11.2273
frisco,2,10.8218
frisian,1,11.2273
frisking,1,11.2273
fritch,1,11.2273
frith,1,11.2273
fritz,6,9.9746
fro,1,11.2273
frobenius,2,10.8218
frobisher,1,11.2273
frodo,9,9.618
frodos,9,9.618
frog,61,7.7944
frogger,1,11.2273
frogman,2,10.8218
frogmore,1,11.2273
frogs,61,7.7944
frohliche,1,11.2273
fromm,1,11.2273
front,54,7.9141
frontal,1,11.2273
fronted,54,7.9141
frontier,8,9.7233
frontiers,8,9.7233
frontiersman,8,9.7233
frontman,13,9.2816
frontseat,1,11.2273
froot,1,11.2273
froslass,1,11.2273
frosslass,1,11.2273
frost,12,9.3557
frosted,12,9.3557
frosty,3,10.5342
frothy,1,11.2273
frou,1,11.2273
frozen,14,9.2126
frugal,2,10.8218
fruit,96,7.3474
fruits,96,7.3474
fruity,4,10.3111
frump,1,11.2273
frumpy,1,11.2273
frustrated,4,10.3111
frustrating,4,10.3111
frustration,4,10.3111
fry,24,8.702
fryderyk,1,11.2273
frye,24,8.702
fryin,1,11.2273
frying,24,8.702
frys,24,8.702
ft,15,9.1481
ftp,2,10.8218
fu,10,9.5227
fu6,1,11.2273
fuath,1,11.2273
fuchs,1,11.2273
fuchsia,1,11.2273
fuckin,1,11.2273
fudd,2,10.8218
fudge,9,9.618
fudgeman,1,11.2273
fudges,9,9.618
fuel,7,9.8411
fuerte,2,10.8218
fuerza,1,11.2273
fufu,1,11.2273
fugees,4,10.3111
fugitive,4,10.3111
fugu,2,10.8218
fugue,2,10.8218
fuhrer,1,11.2273
fuji,4,10.3111
fujian,1,11.2273
fujimori,1,11.2273
fujita,3,10.5342
ful,1,11.2273
fulcanelli,1,11.2273
fulci,1,11.2273
fulfill,6,9.9746
fulfilled,6,9.9746
fulfilling,6,9.9746
fulfillment,6,9.9746
fulfilment,6,9.9746
fulgencio,1,11.2273
fulks,1,11.2273
full,161,6.8357
fullback,2,10.8218
fullbuster,1,11.2273
fuller,1,11.2273
fullest,1,11.2273
fullhouse,1,11.2273
fully,13,9.2816
fulton,5,10.1288
fume,2,10.8218
fumes,2,10.8218
fumikotsukimoto,1,11.2273
fumum,1,11.2273
fun,25,8.6628
funafuti,1,11.2273
funaki,1,11.2273
funakoshi,1,11.2273
function,40,8.2076
functionally,40,8.2076
functioned,40,8.2076
functioning,40,8.2076
functions,40,8.2076
fund,12,9.3557
fundamental,6,9.9746
funded,12,9.3557
fundraiser,3,10.5342
fundraising,3,10.5342
funds,12,9.3557
fundy,1,11.2273
funeral,18,8.9763
funereal,18,8.9763
fungal,1,11.2273
fungi,12,9.3557
fungitics,1,11.2273
fungus,2,10.8218
funk,13,9.2816
funke,13,9.2816
funkify,1,11.2273
funks,13,9.2816
funkster,1,11.2273
funky,5,10.1288
funnel,3,10.5342
funniest,5,10.1288
funny,18,8.9763
funnyman,1,11.2273
fuqua,1,11.2273
fur,25,8.6628
furay,2,10.8218
furies,7,9.8411
furillo,2,10.8218
furioso,1,11.2273
furious,7,9.8411
furlan,1,11.2273
furley,2,10.8218
furlong,1,11.2273
furnace,1,11.2273
furnas,1,11.2273
furnishings,1,11.2273
furniture,3,10.5342
furry,2,10.8218
furtado,1,11.2273
furter,3,10.5342
furters,3,10.5342
furthermore,1,11.2273
furthermost,1,11.2273
furthest,1,11.2273
fury,7,9.8411
fusajiro,1,11.2273
fuse,2,10.8218
fusilli,2,10.8218
fusion,6,9.9746
fuss,4,10.3111
fussa,1,11.2273
futile,3,10.5342
futilely,3,10.5342
futurama,18,8.9763
future,116,7.1603
futuristic,1,11.2273
fuzzy,1,11.2273
fx,1,11.2273
fybromyalgia,1,11.2273
fyi,1,11.2273
fyodor,5,10.1288
fyodorovna,4,10.3111
fyodorovnas,4,10.3111
g,65,7.7319
g1,1,11.2273
ga,43,8.137
gaara,1,11.2273
gabbin,1,11.2273
gabbro,1,11.2273
gabe,3,10.5342
gabi,1,11.2273
gabirel,1,11.2273
gable,19,8.925
gabler,1,11.2273
gables,19,8.925
gabon,3,10.5342
gabor,4,10.3111
gaborone,1,11.2273
gabourey,1,11.2273
gabriel,37,8.2835
gabriela,3,10.5342
gabriele,37,8.2835
gabriella,5,10.1288
gabrielle,37,8.2835
gabrielles,37,8.2835
gabriels,37,8.2835
gackt,2,10.8218
gacy,1,11.2273
gad,5,10.1288
gadda,1,11.2273
gaddafi,1,11.2273
gadget,6,9.9746
gadgets,6,9.9746
gado,2,10.8218
gads,5,10.1288
gadsby,1,11.2273
gadwall,1,11.2273
gaelic,6,9.9746
gafat,1,11.2273
gaft,1,11.2273
gaga,1,11.2273
gagarin,4,10.3111
gage,1,11.2273
gaggle,2,10.8218
gahan,2,10.8218
gaheris,1,11.2273
gaia,1,11.2273
gail,6,9.9746
gails,6,9.9746
gaiman,1,11.2273
gain,67,7.7021
gained,67,7.7021
gaines,67,7.7021
gaining,67,7.7021
gains,67,7.7021
gainsville,1,11.2273
gaisha,1,11.2273
gaius,2,10.8218
gajeel,1,11.2273
gal,12,9.3557
gala,1,11.2273
galactic,5,10.1288
galactica,7,9.8411
galactose,1,11.2273
galadriel,1,11.2273
galah,1,11.2273
galahad,1,11.2273
galan,1,11.2273
galapagos,2,10.8218
galatea,2,10.8218
galatians,1,11.2273
galaxies,23,8.7428
galaxy,23,8.7428
galcayo,1,11.2273
galdumug,1,11.2273
gale,12,9.3557
galecki,2,10.8218
galen,1,11.2273
galeras,1,11.2273
galerita,1,11.2273
galibina,1,11.2273
galician,1,11.2273
galilean,5,10.1288
galilee,2,10.8218
galilei,15,9.1481
galileo,23,8.7428
galina,1,11.2273
galit,2,10.8218
gall,3,10.5342
gallade,1,11.2273
gallagher,10,9.5227
gallants,1,11.2273
gallbladder,4,10.3111
galleon,2,10.8218
galleons,2,10.8218
gallerani,1,11.2273
galleries,2,10.8218
gallery,2,10.8218
gallevespians,1,11.2273
galleys,1,11.2273
gallic,1,11.2273
gallileo,1,11.2273
gallipoli,4,10.3111
gallium,1,11.2273
gallo,2,10.8218
gallon,12,9.3557
gallons,12,9.3557
galloping,2,10.8218
gallos,2,10.8218
gallows,2,10.8218
gallstones,2,10.8218
galois,1,11.2273
galore,4,10.3111
galores,4,10.3111
gals,12,9.3557
galt,1,11.2273
galtieri,1,11.2273
galton,1,11.2273
galumphing,1,11.2273
galuyot,1,11.2273
galvalume,1,11.2273
galvani,2,10.8218
galvanic,1,11.2273
galvanotherapy,1,11.2273
galveston,2,10.8218
galway,1,11.2273
gama,1,11.2273
gambia,2,10.8218
gambian,1,11.2273
gambier,1,11.2273
gambino,3,10.5342
gambinos,3,10.5342
gambit,4,10.3111
gamble,11,9.4357
gambler,5,10.1288
gambling,11,9.4357
gamboge,1,11.2273
gambol,1,11.2273
game,771,5.2853
gamecube,1,11.2273
gamekeeper,1,11.2273
gamelan,1,11.2273
gamera,1,11.2273
games,771,5.2853
gamgee,1,11.2273
gaming,771,5.2853
gamma,6,9.9746
gamophobia,3,10.5342
gamzigrad,1,11.2273
gana,1,11.2273
ganache,2,10.8218
gandhi,23,8.7428
gandhis,23,8.7428
gandolfini,1,11.2273
gandolfo,1,11.2273
ganesh,2,10.8218
gang,82,7.5031
ganga,1,11.2273
gange,82,7.5031
ganges,82,7.5031
gangland,1,11.2273
gangs,82,7.5031
gangss,1,11.2273
gangsta,4,10.3111
gangstas,4,10.3111
gangster,19,8.925
gangsters,19,8.925
gannon,2,10.8218
gannondorf,1,11.2273
ganondorf,1,11.2273
gansu,1,11.2273
gantry,1,11.2273
ganymed,1,11.2273
ganymede,3,10.5342
ganz,1,11.2273
gao,1,11.2273
gaon,2,10.8218
gaozu,1,11.2273
gap,5,10.1288
gar,3,10.5342
garabet,1,11.2273
garage,6,9.9746
garagiola,2,10.8218
garagiolas,2,10.8218
garbage,9,9.618
garbo,12,9.3557
garbos,12,9.3557
garc,1,11.2273
garcia,18,8.9763
garciaparra,1,11.2273
garcias,18,8.9763
garda,1,11.2273
garden,55,7.8961
gardener,55,7.8961
gardenia,1,11.2273
gardens,55,7.8961
gardner,12,9.3557
gardners,12,9.3557
garfield,19,8.925
garfields,19,8.925
garfunkel,11,9.4357
garfunkels,11,9.4357
garfunkle,1,11.2273
gargantuan,1,11.2273
garland,12,9.3557
garlands,12,9.3557
garlic,16,9.0875
garlick,1,11.2273
garment,10,9.5227
garments,10,9.5227
garn,1,11.2273
garner,7,9.8411
garnered,7,9.8411
garnerin,1,11.2273
garnet,2,10.8218
garnett,2,10.8218
garnish,2,10.8218
garnished,2,10.8218
garowe,1,11.2273
garr,1,11.2273
garret,2,10.8218
garrett,6,9.9746
garrick,1,11.2273
garrincha,1,11.2273
garris,5,10.1288
garrison,4,10.3111
garros,1,11.2273
garry,5,10.1288
gart,1,11.2273
garters,1,11.2273
garth,18,8.9763
garths,18,8.9763
garuda,1,11.2273
garvey,1,11.2273
gary,73,7.6177
garys,73,7.6177
gas,43,8.137
gascony,2,10.8218
gaseous,8,9.7233
gases,8,9.7233
gashouse,1,11.2273
gaslight,1,11.2273
gasnier,1,11.2273
gasoline,4,10.3111
gass,3,10.5342
gasser,1,11.2273
gasses,3,10.5342
gassim,1,11.2273
gaston,3,10.5342
gastric,5,10.1288
gastro,1,11.2273
gastrocnemius,1,11.2273
gastroliths,1,11.2273
gastros,1,11.2273
gat,35,8.3375
gate,35,8.3375
gately,35,8.3375
gatelys,35,8.3375
gates,35,8.3375
gateway,4,10.3111
gath,1,11.2273
gather,19,8.925
gathered,19,8.925
gathering,19,8.925
gatheringcan,1,11.2273
gatherings,19,8.925
gatka,1,11.2273
gatling,1,11.2273
gator,4,10.3111
gatorade,3,10.5342
gators,4,10.3111
gatsby,4,10.3111
gattacceca,1,11.2273
gatti,1,11.2273
gatto,1,11.2273
gatun,1,11.2273
gaucho,2,10.8218
gaugamela,1,11.2273
gauguin,1,11.2273
gaul,1,11.2273
gauley,1,11.2273
gaulle,1,11.2273
gauntlets,1,11.2273
gauss,12,9.3557
gaussian,3,10.5342
gaustaoppen,1,11.2273
gautama,1,11.2273
gauthier,1,11.2273
gautier,1,11.2273
gavan,1,11.2273
gave,140,6.9742
gavin,1,11.2273
gawain,1,11.2273
gawd,1,11.2273
gay,17,9.0304
gaya,1,11.2273
gaye,20,8.8763
gayes,20,8.8763
gayheart,1,11.2273
gayle,2,10.8218
gaylen,2,10.8218
gaylord,3,10.5342
gaza,1,11.2273
gazed,2,10.8218
gazette,1,11.2273
gazing,2,10.8218
gazoo,1,11.2273
gazpacho,3,10.5342
gazprom,1,11.2273
gb,1,11.2273
gb1,1,11.2273
gc1,1,11.2273
gcf,1,11.2273
gd,1,11.2273
gdansk,1,11.2273
gdp,2,10.8218
ge,21,8.8298
gear,11,9.4357
geared,11,9.4357
gearhead,1,11.2273
gears,11,9.4357
geceler,1,11.2273
gecko,7,9.8411
geckos,7,9.8411
gedalia,1,11.2273
geddy,1,11.2273
gee,21,8.8298
geek,1,11.2273
geeky,1,11.2273
geena,3,10.5342
gees,21,8.8298
geese,3,10.5342
geezeh,1,11.2273
geezer,3,10.5342
geffen,1,11.2273
gehrig,7,9.8411
gehrigs,7,9.8411
gehrke,1,11.2273
geichas,1,11.2273
geico,1,11.2273
geiger,1,11.2273
geils,1,11.2273
geisel,3,10.5342
geisha,10,9.5227
geist,1,11.2273
gek,1,11.2273
gel,2,10.8218
gela,1,11.2273
gelatin,2,10.8218
gelato,1,11.2273
gelbart,1,11.2273
geld,1,11.2273
geldof,2,10.8218
geldonia,1,11.2273
geli,1,11.2273
gelignite,1,11.2273
geliophobia,1,11.2273
gellar,3,10.5342
geller,4,10.3111
gels,2,10.8218
gelugpa,1,11.2273
gelukkige,1,11.2273
gem,7,9.8411
gemini,7,9.8411
geminio,1,11.2273
geminis,7,9.8411
gemino,1,11.2273
gemologists,1,11.2273
gemstone,14,9.2126
gemstones,14,9.2126
gen,42,8.16
gena,2,10.8218
genco,1,11.2273
gender,3,10.5342
gendun,1,11.2273
gene,42,8.16
genealogical,2,10.8218
genealogy,2,10.8218
genene,1,11.2273
genera,2,10.8218
general,382,5.9793
generales,1,11.2273
generalissimo,1,11.2273
generalization,382,5.9793
generalize,382,5.9793
generalizes,382,5.9793
generally,382,5.9793
generals,382,5.9793
generated,382,5.9793
generates,382,5.9793
generating,382,5.9793
generation,382,5.9793
generations,382,5.9793
generative,382,5.9793
generator,382,5.9793
generic,382,5.9793
generously,382,5.9793
genes,42,8.16
genesis,24,8.702
genetic,16,9.0875
genetically,16,9.0875
genetics,16,9.0875
geneva,6,9.9746
geneve,1,11.2273
gengar,2,10.8218
genghis,1,11.2273
genie,4,10.3111
genii,1,11.2273
genioplasty,1,11.2273
genital,3,10.5342
genius,21,8.8298
gennaro,1,11.2273
genoa,6,9.9746
genocide,2,10.8218
genoese,1,11.2273
genoise,1,11.2273
genovese,1,11.2273
genpuku,1,11.2273
genre,68,7.6875
genres,68,7.6875
gent,1,11.2273
gentile,1,11.2273
gentle,7,9.8411
gentleman,10,9.5227
gentlemanly,1,11.2273
gentlemen,6,9.9746
gentler,1,11.2273
gently,2,10.8218
gentofte,1,11.2273
gentoo,1,11.2273
gentry,1,11.2273
genua,1,11.2273
genuine,2,10.8218
genuinely,2,10.8218
genus,22,8.7853
genya,1,11.2273
geocentric,1,11.2273
geoff,1,11.2273
geoffjames,1,11.2273
geoffrey,5,10.1288
geographer,40,8.2076
geographic,40,8.2076
geographical,40,8.2076
geographically,40,8.2076
geography,7,9.8411
geogry,1,11.2273
geol,1,11.2273
geologic,21,8.8298
geological,21,8.8298
geologically,21,8.8298
geologist,3,10.5342
geologists,3,10.5342
geology,21,8.8298
geometric,1,11.2273
geometry,13,9.2816
geonosis,1,11.2273
geordi,1,11.2273
georg,434,5.8529
george,434,5.8529
georges,434,5.8529
georgetown,3,10.5342
georgette,1,11.2273
georgi,6,9.9746
georgia,88,7.4334
georgian,4,10.3111
georgians,4,10.3111
georgie,6,9.9746
georgine,1,11.2273
georgios,1,11.2273
georgiou,6,9.9746
gephyrophobia,1,11.2273
gephysrophobia,1,11.2273
ger,15,9.1481
gerais,1,11.2273
gerald,25,8.6628
geraldine,2,10.8218
geraldines,2,10.8218
geranium,3,10.5342
gerard,11,9.4357
gerardus,2,10.8218
gerascophobia,1,11.2273
gerbil,1,11.2273
gerda,1,11.2273
gere,15,9.1481
gerentex,1,11.2273
geres,15,9.1481
gerhard,2,10.8218
geri,3,10.5342
germ,2,10.8218
germain,1,11.2273
german,230,6.4822
germanic,230,6.4822
germanica,1,11.2273
germanotta,1,11.2273
germans,230,6.4822
germantitov,1,11.2273
germany,152,6.8927
germanys,152,6.8927
geronimo,2,10.8218
gerontion,1,11.2273
gerontology,2,10.8218
gerosa,1,11.2273
gerritsen,1,11.2273
gerry,4,10.3111
gershom,1,11.2273
gershon,1,11.2273
gershwin,7,9.8411
gertie,2,10.8218
gertrude,4,10.3111
gertruida,1,11.2273
gerudo,1,11.2273
gervais,1,11.2273
gery,3,10.5342
ges,21,8.8298
gesell,1,11.2273
gesso,1,11.2273
gestation,17,9.0304
geste,2,10.8218
gesture,5,10.1288
get,547,5.624
getafe,1,11.2273
gethsemane,1,11.2273
gets,547,5.624
gettin,2,10.8218
getting,547,5.624
getty,1,11.2273
gettysburg,21,8.8298
gez,1,11.2273
gezelle,1,11.2273
gh9,1,11.2273
ghana,6,9.9746
ghandi,3,10.5342
gharial,2,10.8218
ghenghis,1,11.2273
gheorghe,1,11.2273
ghetto,8,9.7233
ghost,106,7.2495
ghostbusters,7,9.8411
ghostley,1,11.2273
ghosts,106,7.2495
ghoulardi,1,11.2273
ghul,1,11.2273
ghv2,1,11.2273
gi,1,11.2273
gia,2,10.8218
giacconi,1,11.2273
giacomo,7,9.8411
giamatti,2,10.8218
gian,2,10.8218
giancarlo,1,11.2273
gianna,1,11.2273
gianni,3,10.5342
giannigalli,1,11.2273
giant,98,7.3271
giants,98,7.3271
gibb,5,10.1288
gibbon,3,10.5342
gibbons,3,10.5342
gibbous,1,11.2273
gibbs,5,10.1288
gibby,1,11.2273
gibraltar,3,10.5342
gibreel,1,11.2273
gibside,1,11.2273
gibson,47,8.0501
gibsons,47,8.0501
gichin,1,11.2273
gideon,4,10.3111
gideons,4,10.3111
gidget,2,10.8218
gielgud,1,11.2273
gielinor,2,10.8218
giengs,1,11.2273
gifford,1,11.2273
gift,37,8.2835
gifted,37,8.2835
gifts,37,8.2835
gig,3,10.5342
gigabyte,2,10.8218
gigabytes,2,10.8218
gigan,1,11.2273
gigantic,6,9.9746
gigantoleteira,1,11.2273
gigawatts,1,11.2273
giggity,1,11.2273
giggle,1,11.2273
giggs,1,11.2273
gigli,2,10.8218
gigs,3,10.5342
gigue,2,10.8218
gil,14,9.2126
gila,2,10.8218
giladi,1,11.2273
gilbert,17,9.0304
gilbreth,1,11.2273
gilchrist,1,11.2273
gilda,1,11.2273
gilderoy,1,11.2273
gilead,1,11.2273
giles,14,9.2126
gilgamesh,2,10.8218
gilgar,2,10.8218
gili,1,11.2273
gilingham,1,11.2273
gill,9,9.618
gilles,9,9.618
gillette,1,11.2273
gilliam,2,10.8218
gilliams,2,10.8218
gillian,1,11.2273
gillies,2,10.8218
gilligan,36,8.3102
gilligans,36,8.3102
gillingham,1,11.2273
gills,9,9.618
gilly,2,10.8218
gilmore,44,8.1146
gilmores,44,8.1146
gilmour,4,10.3111
gilyarovskij,1,11.2273
gimli,1,11.2273
gimme,10,9.5227
gimmel,1,11.2273
gimmick,1,11.2273
gin,16,9.0875
gina,7,9.8411
ginas,7,9.8411
ginger,12,9.3557
gingerbread,3,10.5342
gingy,1,11.2273
ginny,9,9.618
ginnys,9,9.618
gino,1,11.2273
ginsberg,3,10.5342
ginseng,1,11.2273
gio,1,11.2273
giocondo,1,11.2273
giordano,1,11.2273
giorgini,1,11.2273
giorgio,3,10.5342
giovanni,16,9.0875
gippsland,1,11.2273
giraffe,23,8.7428
giraffes,23,8.7428
girard,2,10.8218
girardi,2,10.8218
giratina,1,11.2273
girdle,2,10.8218
girella,1,11.2273
girl,350,6.0659
girlfight,1,11.2273
girlfriend,79,7.5398
girlfriends,79,7.5398
girls,350,6.0659
giro,1,11.2273
girth,1,11.2273
gisele,2,10.8218
gish,1,11.2273
gitega,1,11.2273
giuppone,1,11.2273
giuseppe,7,9.8411
giveem,1,11.2273
given,193,6.656
gives,70,7.659
giving,70,7.659
giza,15,9.1481
gizah,1,11.2273
gizmo,1,11.2273
gjorge,1,11.2273
gk9,1,11.2273
glabrous,1,11.2273
glaciation,5,10.1288
glacier,5,10.1288
glaciers,5,10.1288
glaciologist,1,11.2273
glad,2,10.8218
glades,2,10.8218
gladiator,15,9.1481
gladiatorial,2,10.8218
gladio,1,11.2273
gladman,47,8.0501
gladney,1,11.2273
gladys,15,9.1481
glaed,2,10.8218
glaedelig,1,11.2273
glalie,1,11.2273
glam,3,10.5342
glamorous,1,11.2273
glamour,3,10.5342
gland,27,8.5887
glands,27,8.5887
glasenappia,1,11.2273
glasgow,5,10.1288
glass,58,7.8439
glasses,58,7.8439
glasshouse,1,11.2273
glauber,1,11.2273
glaucoma,2,10.8218
glavine,1,11.2273
glazer,1,11.2273
glazeware,1,11.2273
gleaming,1,11.2273
gleason,2,10.8218
glee,3,10.5342
glen,21,8.8298
glenervans,1,11.2273
glengarry,1,11.2273
glenn,23,8.7428
glenwood,1,11.2273
glick,1,11.2273
glickman,1,11.2273
glide,10,9.5227
glider,4,10.3111
glides,10,9.5227
gliding,10,9.5227
gliese,1,11.2273
glima,1,11.2273
glimfeather,1,11.2273
glimmer,1,11.2273
glimpse,1,11.2273
glinda,1,11.2273
gliscor,2,10.8218
glitter,5,10.1288
glittering,5,10.1288
glitters,5,10.1288
gloaming,1,11.2273
global,8,9.7233
globalization,8,9.7233
globalnet,1,11.2273
globe,39,8.2322
globetrotters,4,10.3111
globo,1,11.2273
globular,2,10.8218
gloomy,3,10.5342
glorfindel,1,11.2273
gloria,23,8.7428
gloriana,1,11.2273
glorietta,1,11.2273
glorious,15,9.1481
glory,15,9.1481
glossophobia,1,11.2273
gloucester,2,10.8218
glove,11,9.4357
glover,1,11.2273
gloves,11,9.4357
glow,4,10.3111
glows,4,10.3111
glucagon,1,11.2273
gluckman,1,11.2273
glucose,1,11.2273
glue,1,11.2273
gluten,1,11.2273
glutinous,1,11.2273
gluto,1,11.2273
glutz,1,11.2273
glycephobia,1,11.2273
glycolipids,1,11.2273
glycoside,2,10.8218
glycosides,2,10.8218
gm,3,10.5342
gma,1,11.2273
gmy,1,11.2273
gnaw,1,11.2273
gnome,3,10.5342
gnorm,1,11.2273
gnr,2,10.8218
gnu,2,10.8218
go,378,5.9897
go9,1,11.2273
goa,2,10.8218
goal,38,8.2575
goalie,6,9.9746
goalkeeper,3,10.5342
goalkeepers,3,10.5342
goals,38,8.2575
goaltender,3,10.5342
goaltenders,3,10.5342
goat,24,8.702
goats,24,8.702
goauld,3,10.5342
gob,2,10.8218
gobel,1,11.2273
gobi,3,10.5342
gobind,1,11.2273
gobis,3,10.5342
goblet,10,9.5227
goblin,15,9.1481
goblins,15,9.1481
gobs,2,10.8218
gocta,1,11.2273
god,224,6.5084
godart,1,11.2273
goddard,2,10.8218
goddaughter,3,10.5342
goddess,67,7.7021
goddesses,67,7.7021
godfather,39,8.2322
godfrey,4,10.3111
godfreys,4,10.3111
godine,1,11.2273
godll,1,11.2273
godmother,6,9.9746
godot,1,11.2273
godparents,1,11.2273
godric,3,10.5342
godro,1,11.2273
gods,224,6.5084
godsmack,3,10.5342
godson,1,11.2273
godspell,3,10.5342
godtfred,1,11.2273
godthaab,1,11.2273
godzila,1,11.2273
godzilla,18,8.9763
godzillas,18,8.9763
goebbels,2,10.8218
goedenavond,1,11.2273
goes,378,5.9897
goeteborg,1,11.2273
goethe,3,10.5342
goggles,1,11.2273
gogh,5,10.1288
goghs,5,10.1288
gogo,1,11.2273
gogol,1,11.2273
goh,1,11.2273
gohan,1,11.2273
gohongaze,1,11.2273
goi,2,10.8218
goin,5,10.1288
going,378,5.9897
gojira,1,11.2273
goku,5,10.1288
gokus,5,10.1288
gol,1,11.2273
golan,1,11.2273
golbaengi,1,11.2273
gold,130,7.0476
golda,2,10.8218
goldberg,29,8.5197
goldbergs,29,8.5197
goldblum,2,10.8218
golddigger,2,10.8218
golden,198,6.6307
goldeneye,3,10.5342
goldfinger,14,9.2126
goldfish,15,9.1481
goldie,3,10.5342
golding,130,7.0476
goldman,2,10.8218
goldmember,1,11.2273
goldmill,1,11.2273
goldmine,1,11.2273
golds,130,7.0476
goldsboro,1,11.2273
goldsmith,2,10.8218
goldstone,1,11.2273
goldwater,2,10.8218
goldwaters,2,10.8218
goldwyn,1,11.2273
golem,1,11.2273
golevka,1,11.2273
golf,60,7.8106
golfer,26,8.6251
golfers,26,8.6251
golfing,60,7.8106
golfo,1,11.2273
golgi,4,10.3111
golgotha,1,11.2273
goliath,5,10.1288
golightly,2,10.8218
goligoski,1,11.2273
golitsyn,1,11.2273
gollum,3,10.5342
gollums,3,10.5342
gomer,12,9.3557
gomez,5,10.1288
gomme,1,11.2273
gon,61,7.7944
goncalo,1,11.2273
gondi,1,11.2273
gondii,1,11.2273
gondor,1,11.2273
gondorff,1,11.2273
gondwana,1,11.2273
gone,61,7.7944
gong,3,10.5342
gonimbrasia,1,11.2273
gonna,33,8.3947
gons,61,7.7944
gonsalves,1,11.2273
gonzaga,2,10.8218
gonzales,1,11.2273
gonzalez,1,11.2273
gonzo,3,10.5342
goo,1,11.2273
goobacks,1,11.2273
goober,2,10.8218
goobers,2,10.8218
gooch,1,11.2273
good,199,6.6257
goodbar,1,11.2273
goodbye,11,9.4357
goodbyes,11,9.4357
goode,199,6.6257
goodeve,1,11.2273
goodfellas,11,9.4357
goodman,13,9.2816
goodmans,13,9.2816
goodness,199,6.6257
goodnight,2,10.8218
goods,199,6.6257
goodspeed,2,10.8218
goodwill,3,10.5342
goodwin,8,9.7233
goody,1,11.2273
goodyear,1,11.2273
goofty,1,11.2273
goofy,2,10.8218
google,5,10.1288
goon,1,11.2273
goonie,34,8.3657
goonies,34,8.3657
goose,13,9.2816
gooseberries,3,10.5342
gooseberry,3,10.5342
goosefeather,1,11.2273
gooses,13,9.2816
gop,2,10.8218
gopher,4,10.3111
gora,2,10.8218
gorbachev,3,10.5342
gorbatskij,1,11.2273
gordie,7,9.8411
gordimer,1,11.2273
gordium,1,11.2273
gordo,2,10.8218
gordon,22,8.7853
gordy,7,9.8411
gore,15,9.1481
gored,15,9.1481
goren,1,11.2273
goreng,2,10.8218
gores,15,9.1481
gorey,6,9.9746
gorge,4,10.3111
gorgeous,4,10.3111
gorges,4,10.3111
gorgo,1,11.2273
gorgonzola,2,10.8218
gorilka,1,11.2273
gorilla,6,9.9746
gorillas,6,9.9746
gorillaz,1,11.2273
gorky,2,10.8218
gorman,1,11.2273
gorno,1,11.2273
gorontalo,1,11.2273
gorshin,2,10.8218
gort,1,11.2273
gos,378,5.9897
goshen,1,11.2273
goslin,1,11.2273
gosling,7,9.8411
gospel,22,8.7853
gospels,22,8.7853
gossard,2,10.8218
gosselaar,1,11.2273
gossett,1,11.2273
gossip,2,10.8218
gossips,2,10.8218
gost,1,11.2273
got,236,6.4566
goth,6,9.9746
gotha,1,11.2273
gotham,6,9.9746
gothams,6,9.9746
gothel,1,11.2273
gothic,29,8.5197
gothicam,1,11.2273
gothika,1,11.2273
goths,6,9.9746
gotland,1,11.2273
gots,236,6.4566
gott,1,11.2273
gotta,7,9.8411
gottfried,7,9.8411
gotthold,2,10.8218
gotti,2,10.8218
gottlieb,2,10.8218
gottorp,1,11.2273
gotye,1,11.2273
gouda,2,10.8218
gouged,1,11.2273
gough,1,11.2273
goulash,1,11.2273
gould,5,10.1288
gourd,3,10.5342
gourde,3,10.5342
gourdon,2,10.8218
gourmet,2,10.8218
gout,1,11.2273
gov,1,11.2273
govern,104,7.2683
governed,104,7.2683
governess,2,10.8218
governing,104,7.2683
government,104,7.2683
governmental,10,9.5227
governments,104,7.2683
governor,34,8.3657
governorate,34,8.3657
governors,34,8.3657
governs,104,7.2683
govorukhin,1,11.2273
gow,2,10.8218
gowk,1,11.2273
gown,2,10.8218
gowni,1,11.2273
goyathlay,1,11.2273
goyle,4,10.3111
gozaimasu,1,11.2273
gozo,2,10.8218
gprs,2,10.8218
gps,2,10.8218
gq,1,11.2273
gr,2,10.8218
grab,9,9.618
grabbed,9,9.618
grabs,9,9.618
grace,54,7.9141
graced,54,7.9141
graceful,54,7.9141
graceland,3,10.5342
graces,54,7.9141
gracia,1,11.2273
gracilis,1,11.2273
gracious,5,10.1288
grad,19,8.925
grade,19,8.925
grader,1,11.2273
grades,19,8.925
gradgrind,1,11.2273
grads,19,8.925
gradual,113,7.1863
gradually,113,7.1863
graduate,113,7.1863
graduated,113,7.1863
graduates,113,7.1863
graduating,113,7.1863
graduation,113,7.1863
grady,3,10.5342
graf,1,11.2273
graffit,2,10.8218
graffiti,13,9.2816
graffiting,2,10.8218
graffitium,1,11.2273
graffitius,1,11.2273
graffito,1,11.2273
graft,1,11.2273
graham,18,8.9763
grahams,18,8.9763
grail,23,8.7428
grain,11,9.4357
grainger,1,11.2273
grains,11,9.4357
gral,1,11.2273
gram,5,10.1288
grambling,1,11.2273
graminivore,1,11.2273
grammar,1,11.2273
grammaticalization,1,11.2273
grammatically,2,10.8218
grammer,3,10.5342
grammies,115,7.1689
grammy,115,7.1689
grammys,115,7.1689
grampa,1,11.2273
gramps,1,11.2273
grams,5,10.1288
gran,2,10.8218
grana,1,11.2273
granacher,1,11.2273
granada,1,11.2273
grand,76,7.578
grandaddy,1,11.2273
grandchild,3,10.5342
granddaughter,6,9.9746
grande,76,7.578
grandeur,1,11.2273
grandfather,13,9.2816
grandkids,1,11.2273
grandma,13,9.2816
grandmaster,3,10.5342
grandmother,28,8.5536
grandmothers,28,8.5536
grandpa,10,9.5227
grandparents,4,10.3111
grandpas,10,9.5227
grandson,6,9.9746
grange,2,10.8218
granger,16,9.0875
grangerford,1,11.2273
grangers,16,9.0875
granite,4,10.3111
granivores,1,11.2273
granny,6,9.9746
grannys,6,9.9746
granola,1,11.2273
grant,77,7.5651
granted,77,7.5651
grants,77,7.5651
granular,1,11.2273
granville,1,11.2273
grape,38,8.2575
grapefruit,5,10.1288
grapes,38,8.2575
graph,4,10.3111
graphic,10,9.5227
graphical,10,9.5227
graphics,10,9.5227
graphite,3,10.5342
graphophobia,1,11.2273
grappelli,1,11.2273
grapple,1,11.2273
graps,38,8.2575
gras,9,9.618
grass,26,8.6251
grasses,26,8.6251
grasshopper,5,10.1288
grasshoppers,5,10.1288
grasslands,2,10.8218
grassley,1,11.2273
grassroots,1,11.2273
grassy,1,11.2273
grata,1,11.2273
grateful,26,8.6251
gratify,1,11.2273
gratitude,1,11.2273
graupel,1,11.2273
gravas,1,11.2273
grave,21,8.8298
gravel,2,10.8218
graveler,2,10.8218
gravemind,1,11.2273
graves,21,8.8298
gravestone,3,10.5342
graveyard,2,10.8218
gravitation,8,9.7233
gravitational,8,9.7233
gravity,26,8.6251
gravitys,26,8.6251
gravy,2,10.8218
gray,20,8.8763
graydon,1,11.2273
graying,20,8.8763
grayson,1,11.2273
graystripe,1,11.2273
graze,2,10.8218
grease,25,8.6628
greased,25,8.6628
greaser,1,11.2273
greasy,1,11.2273
great,591,5.5475
greatbotkin,1,11.2273
greater,14,9.2126
greatest,126,7.0785
greatly,9,9.618
greatness,591,5.5475
greats,591,5.5475
grecian,1,11.2273
greco,1,11.2273
greece,56,7.8784
greed,4,10.3111
greedy,1,11.2273
greek,285,6.2696
greeks,285,6.2696
greektown,1,11.2273
green,299,6.222
greenage,1,11.2273
greenation,1,11.2273
greenback,1,11.2273
greenbaum,1,11.2273
greenbay,2,10.8218
greenbelt,1,11.2273
greenberg,3,10.5342
greenbow,1,11.2273
greenburgand,1,11.2273
greene,299,6.222
greener,1,11.2273
greenes,299,6.222
greenest,1,11.2273
greenfield,2,10.8218
greenhouse,3,10.5342
greenhouses,3,10.5342
greenie,1,11.2273
greenjeans,1,11.2273
greenland,22,8.7853
greenlandic,22,8.7853
greenleaf,1,11.2273
greens,299,6.222
greensmith,1,11.2273
greenstone,2,10.8218
greenway,2,10.8218
greenwhich,1,11.2273
greenwich,5,10.1288
greenwood,1,11.2273
greers,1,11.2273
greeting,29,8.5197
greetings,29,8.5197
greets,29,8.5197
greg,34,8.3657
gregor,3,10.5342
gregorian,8,9.7233
gregorio,2,10.8218
gregory,43,8.137
gregs,34,8.3657
grenada,4,10.3111
grenade,3,10.5342
grenades,3,10.5342
grenadine,3,10.5342
grenadines,3,10.5342
grendel,3,10.5342
grendels,3,10.5342
grenville,1,11.2273
greshams,2,10.8218
greta,13,9.2816
gretchen,7,9.8411
gretel,2,10.8218
gretsky,1,11.2273
gretzky,6,9.9746
grevys,2,10.8218
grew,22,8.7853
grey,82,7.5031
greyback,1,11.2273
greyhound,5,10.1288
greylock,1,11.2273
greypool,1,11.2273
greys,82,7.5031
greystripe,1,11.2273
grid,1,11.2273
gridirons,1,11.2273
grieg,2,10.8218
grier,2,10.8218
griers,2,10.8218
griese,2,10.8218
griesman,1,11.2273
grievances,1,11.2273
grievous,5,10.1288
grifball,1,11.2273
griffey,1,11.2273
griffin,17,9.0304
griffindore,1,11.2273
griffins,17,9.0304
griffith,34,8.3657
griffiths,34,8.3657
griffon,2,10.8218
grifone,1,11.2273
grigori,8,9.7233
grigorijrichters,1,11.2273
grilled,2,10.8218
grim,7,9.8411
grimes,7,9.8411
grimhilde,1,11.2273
grimm,4,10.3111
grimmauld,1,11.2273
grimms,4,10.3111
grinch,14,9.2126
grinchs,14,9.2126
grind,2,10.8218
grindelwald,1,11.2273
grinder,2,10.8218
grindhouse,2,10.8218
gringotts,1,11.2273
grint,1,11.2273
grip,4,10.3111
grisham,1,11.2273
grishanin,1,11.2273
grishom,1,11.2273
grissom,2,10.8218
griswold,6,9.9746
griswolds,6,9.9746
grit,2,10.8218
gritty,1,11.2273
grizabella,1,11.2273
grizzled,1,11.2273
grizzlies,18,8.9763
grizzly,18,8.9763
grocery,4,10.3111
grodin,2,10.8218
groening,2,10.8218
groenings,2,10.8218
grogan,3,10.5342
grogans,3,10.5342
grogory,1,11.2273
grohl,2,10.8218
groin,1,11.2273
grolsch,1,11.2273
grom,1,11.2273
gromphadorhina,1,11.2273
gronau,1,11.2273
groom,9,9.618
groomer,3,10.5342
groomers,3,10.5342
grooming,9,9.618
grooms,9,9.618
groove,5,10.1288
grooved,5,10.1288
groovin,1,11.2273
groovy,4,10.3111
gross,27,8.5887
grosse,27,8.5887
grossed,27,8.5887
grossglockner,1,11.2273
grossing,27,8.5887
grossly,1,11.2273
grossman,1,11.2273
grotesque,1,11.2273
grotius,1,11.2273
groton,1,11.2273
grotto,1,11.2273
groucho,3,10.5342
ground,44,8.1146
groundbreaking,3,10.5342
grounded,44,8.1146
groundhog,4,10.3111
groundhogs,4,10.3111
grounds,44,8.1146
groundskeeper,3,10.5342
group,701,5.3791
grouped,701,5.3791
groupie,4,10.3111
groups,701,5.3791
grousbeck,1,11.2273
grouse,1,11.2273
grove,3,10.5342
grover,10,9.5227
grow,88,7.4334
grower,2,10.8218
growers,2,10.8218
growing,88,7.4334
growl,1,11.2273
grown,24,8.702
grows,88,7.4334
growth,14,9.2126
grozniy,1,11.2273
grr,1,11.2273
grubers,1,11.2273
grubler,1,11.2273
grubman,1,11.2273
gruenintzig,1,11.2273
gruesome,1,11.2273
grumby,2,10.8218
grumbys,2,10.8218
grumman,2,10.8218
grumpy,1,11.2273
grundman,2,10.8218
grunge,15,9.1481
grunnings,1,11.2273
grunt,4,10.3111
grunts,4,10.3111
grunwald,2,10.8218
gruss,1,11.2273
gruwell,1,11.2273
gruyere,1,11.2273
gryffindor,13,9.2816
gryffindore,13,9.2816
gryffindors,13,9.2816
grygar,1,11.2273
gryll,1,11.2273
gs,3,10.5342
gsg,1,11.2273
gt2,1,11.2273
gta,1,11.2273
gto,4,10.3111
gtos,4,10.3111
gtts,1,11.2273
guadalupe,2,10.8218
guadiana,1,11.2273
guadosalam,1,11.2273
guam,1,11.2273
guang,1,11.2273
guangdong,1,11.2273
guangzhou,1,11.2273
guano,1,11.2273
guanyin,1,11.2273
guaran,3,10.5342
guarani,3,10.5342
guarantee,5,10.1288
guaranteed,5,10.1288
guarantees,5,10.1288
guard,37,8.2835
guarded,37,8.2835
guardhouse,1,11.2273
guardian,12,9.3557
guardians,12,9.3557
guarding,37,8.2835
guards,37,8.2835
guaspari,1,11.2273
guatemala,15,9.1481
guatemalan,1,11.2273
guava,1,11.2273
gubernatorial,1,11.2273
guercino,1,11.2273
guernsey,1,11.2273
guero,1,11.2273
guerrilla,2,10.8218
guess,35,8.3375
guest,64,7.7472
guestbook,1,11.2273
guests,64,7.7472
guevara,14,9.2126
guevaras,14,9.2126
guffman,2,10.8218
guglielmo,6,9.9746
guidance,3,10.5342
guide,24,8.702
guided,24,8.702
guides,24,8.702
guiding,24,8.702
guido,4,10.3111
guild,6,9.9746
guildenstern,1,11.2273
guilder,2,10.8218
guildford,1,11.2273
guildhall,1,11.2273
guildo,1,11.2273
guilin,1,11.2273
guillermo,2,10.8218
guillotine,2,10.8218
guillotined,2,10.8218
guilty,7,9.8411
guinea,48,8.0295
guinean,1,11.2273
guiness,135,7.0102
guinevere,2,10.8218
guineveres,2,10.8218
guinness,13,9.2816
guitar,62,7.7784
guitarist,77,7.5651
guitarists,77,7.5651
guitarra,1,11.2273
guitars,62,7.7784
guiteau,1,11.2273
gujarati,1,11.2273
gula,1,11.2273
gulden,1,11.2273
gulf,11,9.4357
gulkis,1,11.2273
gullah,1,11.2273
gullivers,6,9.9746
gum,18,8.9763
gumb,1,11.2273
gumbles,1,11.2273
gumbolds,1,11.2273
gumby,1,11.2273
gumm,2,10.8218
gump,29,8.5197
gumps,29,8.5197
gums,18,8.9763
gun,89,7.4222
gunaydin,1,11.2273
gunfight,4,10.3111
gunfighter,4,10.3111
gunfighting,4,10.3111
gunga,1,11.2273
gunl,1,11.2273
gunman,4,10.3111
gunmen,2,10.8218
gunn,1,11.2273
gunned,89,7.4222
gunners,1,11.2273
gunnery,1,11.2273
gunninson,1,11.2273
gunpowder,3,10.5342
guns,89,7.4222
gunship,1,11.2273
gunshot,1,11.2273
gunsight,1,11.2273
gunslinger,12,9.3557
gunslingers,12,9.3557
gunsmoke,21,8.8298
gunther,2,10.8218
gunung,1,11.2273
gurg,1,11.2273
gurion,2,10.8218
gurrl,1,11.2273
gurtrued,1,11.2273
guru,4,10.3111
gus,11,9.4357
guseva,1,11.2273
gush,1,11.2273
gusha,1,11.2273
gusta,1,11.2273
gustaf,6,9.9746
gustafsson,1,11.2273
gustav,17,9.0304
gustave,17,9.0304
gut,5,10.1288
gutenberg,2,10.8218
guterson,1,11.2273
guthan,1,11.2273
guthix,1,11.2273
guthrie,6,9.9746
guts,5,10.1288
gutted,5,10.1288
gutter,1,11.2273
guy,135,7.0102
guyana,8,9.7233
guyanese,1,11.2273
guyenne,1,11.2273
guynes,1,11.2273
guys,135,7.0102
guzman,1,11.2273
gwar,1,11.2273
gwen,12,9.3557
gwendal,1,11.2273
gwendolyn,1,11.2273
gwens,12,9.3557
gwyneth,13,9.2816
gwynne,3,10.5342
gyarados,2,10.8218
gyatso,2,10.8218
gygax,1,11.2273
gyllenhaal,2,10.8218
gym,7,9.8411
gymnasium,1,11.2273
gymnast,17,9.0304
gymnastics,17,9.0304
gymnasts,17,9.0304
gymnophobia,1,11.2273
gynaecologic,1,11.2273
gynophobia,2,10.8218
gypsies,8,9.7233
gypsophila,1,11.2273
gypsum,1,11.2273
gypsy,8,9.7233
gyroscope,1,11.2273
gywneth,1,11.2273
h,158,6.8544
h1n1,1,11.2273
h22,1,11.2273
h2o,2,10.8218
h3o,1,11.2273
ha,4,10.3111
haaa,1,11.2273
haarlem,1,11.2273
haas,3,10.5342
haasts,1,11.2273
habe,2,10.8218
haber,1,11.2273
habima,1,11.2273
habit,11,9.4357
habitat,14,9.2126
habitation,11,9.4357
habitats,14,9.2126
habits,11,9.4357
habitual,2,10.8218
habitus,2,10.8218
habs,2,10.8218
habsburg,1,11.2273
hack,1,11.2273
hacker,4,10.3111
hackers,4,10.3111
hackett,3,10.5342
hackford,1,11.2273
hackman,6,9.9746
hackmans,6,9.9746
hacksaw,1,11.2273
hacky,1,11.2273
hadad,1,11.2273
hadden,1,11.2273
haddix,1,11.2273
haddonfield,2,10.8218
hadeharia,1,11.2273
haden,2,10.8218
hadens,2,10.8218
hades,10,9.5227
hadley,2,10.8218
hadleyville,1,11.2273
hadnt,2,10.8218
hadrian,2,10.8218
hadron,1,11.2273
hadrosaurs,1,11.2273
hae,4,10.3111
haeckel,1,11.2273
haematids,1,11.2273
haematogenesis,1,11.2273
haematopoiesis,1,11.2273
hafner,1,11.2273
haga,1,11.2273
hagar,7,9.8411
hagen,12,9.3557
hagens,12,9.3557
haggai,2,10.8218
haggar,1,11.2273
haggard,4,10.3111
haggen,1,11.2273
haggis,3,10.5342
hagia,5,10.1288
hagiophobia,1,11.2273
hagrid,15,9.1481
hagrids,15,9.1481
hague,4,10.3111
hah,1,11.2273
hahaphobia,1,11.2273
hahn,6,9.9746
hai,8,9.7233
haifa,11,9.4357
haifas,11,9.4357
haig,12,9.3557
haigh,1,11.2273
haight,1,11.2273
haigs,12,9.3557
haiku,2,10.8218
hail,15,9.1481
haile,15,9.1481
hailed,15,9.1481
hailey,1,11.2273
hailie,1,11.2273
hailing,15,9.1481
hails,15,9.1481
hailstone,1,11.2273
haim,9,9.618
haims,9,9.618
hain,1,11.2273
hair,112,7.1951
hairbrush,1,11.2273
haircut,4,10.3111
hairdo,4,10.3111
hairdresser,4,10.3111
haired,112,7.1951
hairless,5,10.1288
hairs,112,7.1951
hairspray,3,10.5342
hairstyle,12,9.3557
hairstyles,12,9.3557
hairy,5,10.1288
hairyman,1,11.2273
haiti,13,9.2816
haka,2,10.8218
hal,21,8.8298
halas,1,11.2273
halbrook,1,11.2273
haldetrude,1,11.2273
haldir,1,11.2273
hale,21,8.8298
haled,21,8.8298
halen,6,9.9746
halestrom,1,11.2273
haley,11,9.4357
haleys,11,9.4357
half,143,6.9532
halfback,1,11.2273
halford,5,10.1288
halfords,5,10.1288
halfway,2,10.8218
halicarnassus,1,11.2273
halie,1,11.2273
halitosis,1,11.2273
halkidiki,1,11.2273
hall,151,6.8993
hallaca,1,11.2273
halle,151,6.8993
halleck,1,11.2273
hallelujah,1,11.2273
haller,1,11.2273
halley,12,9.3557
halleys,12,9.3557
halliwell,7,9.8411
halliwells,7,9.8411
hallmark,3,10.5342
hallo,1,11.2273
hallow,16,9.0875
halloween,55,7.8961
hallows,16,9.0875
halls,151,6.8993
hallucinations,1,11.2273
hallway,2,10.8218
hally,1,11.2273
halo,33,8.3947
halophile,1,11.2273
halos,33,8.3947
halotherapy,1,11.2273
halpert,9,9.618
halsey,2,10.8218
halt,4,10.3111
halted,4,10.3111
halting,4,10.3111
halvdan,1,11.2273
ham,16,9.0875
hamartia,1,11.2273
hamburg,8,9.7233
hamburger,8,9.7233
hamill,1,11.2273
hamilton,18,8.9763
hamiltonian,1,11.2273
hamiltons,18,8.9763
hamlet,8,9.7233
hamlets,8,9.7233
hamlin,2,10.8218
hamm,1,11.2273
hammer,15,9.1481
hammerfest,1,11.2273
hammerin,2,10.8218
hammers,15,9.1481
hammerstein,10,9.5227
hammett,1,11.2273
hammock,1,11.2273
hammond,22,8.7853
hammonds,22,8.7853
hammurabi,1,11.2273
hamner,1,11.2273
hampshire,13,9.2816
hampstead,1,11.2273
hampton,6,9.9746
hamster,3,10.5342
hamurabi,1,11.2273
han,41,8.1835
hana,1,11.2273
hanbun,1,11.2273
hancock,5,10.1288
hand,131,7.04
handbags,1,11.2273
handball,4,10.3111
handbook,1,11.2273
handcannon,1,11.2273
handcuffed,1,11.2273
handed,131,7.04
handedly,2,10.8218
handel,2,10.8218
hander,3,10.5342
handful,131,7.04
handheld,4,10.3111
handicap,3,10.5342
handicapped,3,10.5342
handing,131,7.04
handkerchief,1,11.2273
handle,6,9.9746
handlebar,1,11.2273
handled,6,9.9746
handler,5,10.1288
handlers,5,10.1288
handles,6,9.9746
handprints,1,11.2273
handris,2,10.8218
hands,131,7.04
handset,3,10.5342
handshake,2,10.8218
handsome,9,9.618
handwriting,1,11.2273
handwritten,1,11.2273
handy,6,9.9746
handyman,3,10.5342
handys,6,9.9746
hanen,1,11.2273
haney,1,11.2273
hanfu,1,11.2273
hang,25,8.6628
hangar,1,11.2273
hanged,25,8.6628
hangem,1,11.2273
hangin,1,11.2273
hanging,25,8.6628
hangman,2,10.8218
hangout,6,9.9746
hangover,2,10.8218
hangs,25,8.6628
hank,79,7.5398
hankey,1,11.2273
hanks,79,7.5398
hankss,1,11.2273
hanky,1,11.2273
hanley,2,10.8218
hanna,8,9.7233
hannah,44,8.1146
hannes,1,11.2273
hannibal,19,8.925
hannigan,1,11.2273
hannoki,1,11.2273
hannon,1,11.2273
hannukah,2,10.8218
hanoi,2,10.8218
hanover,2,10.8218
hanratty,1,11.2273
hans,41,8.1835
hansberry,1,11.2273
hanse,1,11.2273
hansel,2,10.8218
hanskya,1,11.2273
hanson,6,9.9746
hanukkah,2,10.8218
hanwell,1,11.2273
hanzl,1,11.2273
haosef,1,11.2273
hapless,1,11.2273
hapon,1,11.2273
happen,194,6.6509
happened,194,6.6509
happening,194,6.6509
happens,194,6.6509
happiest,1,11.2273
happily,1,11.2273
happiness,112,7.1951
happy,112,7.1951
happyness,11,9.4357
happys,112,7.1951
hapsburg,2,10.8218
har,7,9.8411
hara,2,10.8218
haracio,1,11.2273
harada,2,10.8218
haraj,1,11.2273
harald,1,11.2273
harambee,1,11.2273
harana,2,10.8218
harappan,1,11.2273
harare,4,10.3111
haras,2,10.8218
harass,6,9.9746
harassed,6,9.9746
harasses,6,9.9746
harassment,6,9.9746
harbin,1,11.2273
harbinger,2,10.8218
harbingers,2,10.8218
harbor,29,8.5197
harbored,29,8.5197
harbors,29,8.5197
harbour,7,9.8411
harboured,7,9.8411
harcourt,1,11.2273
hard,83,7.4911
hardaway,1,11.2273
hardball,1,11.2273
hardboiled,1,11.2273
hardcastle,1,11.2273
hardcore,7,9.8411
hardees,2,10.8218
harden,4,10.3111
hardened,4,10.3111
hardening,4,10.3111
harder,1,11.2273
hardest,3,10.5342
hardin,3,10.5342
harding,83,7.4911
hardings,83,7.4911
hardlight,1,11.2273
hardly,7,9.8411
hardness,83,7.4911
hardpan,1,11.2273
hardware,4,10.3111
hardwood,1,11.2273
hardy,35,8.3375
hardys,35,8.3375
hare,7,9.8411
harem,3,10.5342
hares,7,9.8411
harford,2,10.8218
hargeisa,1,11.2273
hargitay,6,9.9746
hargitays,6,9.9746
hargreave,2,10.8218
hari,13,9.2816
haribert,1,11.2273
harington,1,11.2273
haris,13,9.2816
hark,1,11.2273
harker,2,10.8218
harlan,3,10.5342
harlem,8,9.7233
harlequin,3,10.5342
harlequins,3,10.5342
harley,2,10.8218
harlin,1,11.2273
harlon,1,11.2273
harlowe,1,11.2273
harm,17,9.0304
harmans,1,11.2273
harmed,17,9.0304
harmful,17,9.0304
harming,17,9.0304
harmless,4,10.3111
harmon,8,9.7233
harmonic,8,9.7233
harmonica,5,10.1288
harmonies,5,10.1288
harmonize,8,9.7233
harmony,5,10.1288
harms,17,9.0304
harnack,1,11.2273
harold,21,8.8298
harolds,21,8.8298
harp,3,10.5342
harper,13,9.2816
harpers,13,9.2816
harpies,4,10.3111
harpo,2,10.8218
harps,3,10.5342
harpsichord,3,10.5342
harptones,1,11.2273
harpy,4,10.3111
harpys,4,10.3111
harrahs,1,11.2273
harrelson,1,11.2273
harried,506,5.701
harriet,5,10.1288
harrington,1,11.2273
harris,506,5.701
harrisburg,2,10.8218
harrison,42,8.16
harrisons,42,8.16
harrods,2,10.8218
harroun,2,10.8218
harrowing,1,11.2273
harry,506,5.701
harrys,506,5.701
harsh,4,10.3111
harshman,1,11.2273
hart,12,9.3557
hartford,7,9.8411
hartigan,1,11.2273
hartley,4,10.3111
hartwig,4,10.3111
haruhi,1,11.2273
harukanaru,1,11.2273
harum,1,11.2273
haruno,2,10.8218
harvard,34,8.3657
harvath,1,11.2273
harvest,9,9.618
harvester,9,9.618
harvesting,9,9.618
harvestmen,1,11.2273
harvey,26,8.6251
harveys,26,8.6251
harvick,3,10.5342
harwell,1,11.2273
hary,13,9.2816
hasagawa,1,11.2273
hasenpfeffer,2,10.8218
hash,1,11.2273
hashanah,1,11.2273
hashannah,1,11.2273
hasidism,1,11.2273
haskel,2,10.8218
haskels,2,10.8218
haskins,1,11.2273
hasnt,6,9.9746
hassan,1,11.2273
hasselbeck,1,11.2273
hasselhoff,1,11.2273
hassey,1,11.2273
hasta,2,10.8218
haste,7,9.8411
hastings,7,9.8411
hastrup,1,11.2273
hat,78,7.5524
hatch,6,9.9746
hatched,6,9.9746
hatcher,2,10.8218
hatches,6,9.9746
hatchet,1,11.2273
hate,78,7.5524
hated,78,7.5524
hater,1,11.2273
hates,78,7.5524
hath,1,11.2273
hatha,1,11.2273
hathaway,4,10.3111
hatikvah,1,11.2273
hatred,1,11.2273
hats,78,7.5524
hatshepsut,2,10.8218
hattie,4,10.3111
hattin,1,11.2273
haudenosaunee,1,11.2273
hauer,1,11.2273
haughton,1,11.2273
haughty,2,10.8218
hauls,1,11.2273
haunt,33,8.3947
haunted,33,8.3947
haunting,33,8.3947
hauntingly,1,11.2273
hauntings,33,8.3947
haunts,33,8.3947
haute,3,10.5342
hav,79,7.5398
hava,1,11.2273
havana,6,9.9746
havel,2,10.8218
haven,3,10.5342
havens,3,10.5342
havent,4,10.3111
haviland,1,11.2273
having,79,7.5398
havlicek,3,10.5342
havoc,1,11.2273
haw,2,10.8218
hawaii,70,7.659
hawaiian,18,8.9763
hawes,2,10.8218
hawk,33,8.3947
hawkeye,14,9.2126
hawkeyes,14,9.2126
hawkfrost,1,11.2273
hawking,33,8.3947
hawkins,3,10.5342
hawkman,1,11.2273
hawkmoth,1,11.2273
hawks,33,8.3947
hawn,2,10.8218
hawthorn,4,10.3111
hawthorne,4,10.3111
hawthornes,4,10.3111
hay,8,9.7233
hayden,4,10.3111
haydn,2,10.8218
haydns,2,10.8218
hayek,2,10.8218
hayes,19,8.925
hayley,1,11.2273
haylie,1,11.2273
haynes,3,10.5342
hayreddin,1,11.2273
haysbert,1,11.2273
haystack,1,11.2273
haytham,2,10.8218
hayward,1,11.2273
hayworth,1,11.2273
hazard,5,10.1288
haze,6,9.9746
hazel,5,10.1288
hazelnut,2,10.8218
hazelnuts,2,10.8218
hazlewoods,1,11.2273
hazzard,15,9.1481
hb,1,11.2273
hbo,18,8.9763
hbos,18,8.9763
hcl,2,10.8218
hd,4,10.3111
hdl,2,10.8218
head,243,6.4276
headache,2,10.8218
headaches,2,10.8218
headband,1,11.2273
headbangers,1,11.2273
headed,243,6.4276
heading,243,6.4276
headless,3,10.5342
headline,12,9.3557
headlined,12,9.3557
headlines,12,9.3557
headlining,12,9.3557
headmaster,10,9.5227
headmistress,2,10.8218
headphones,1,11.2273
headpiece,1,11.2273
headquartered,24,8.702
headquarters,24,8.702
headroom,11,9.4357
heads,243,6.4276
headshot,1,11.2273
headstrong,3,10.5342
headwater,2,10.8218
headwaters,2,10.8218
heal,14,9.2126
healed,14,9.2126
healey,1,11.2273
healing,14,9.2126
heals,14,9.2126
health,37,8.2835
healthy,12,9.3557
healy,1,11.2273
heap,2,10.8218
hear,85,7.4676
heard,72,7.6313
hearing,85,7.4676
hearings,85,7.4676
hearnet,1,11.2273
hears,85,7.4676
hearst,4,10.3111
heart,182,6.7142
heartache,2,10.8218
heartbeat,3,10.5342
heartbreak,12,9.3557
heartbreaker,12,9.3557
heartbreakers,12,9.3557
heartburn,3,10.5342
hearted,182,6.7142
heartfilla,1,11.2273
hearth,1,11.2273
heartland,4,10.3111
heartlight,1,11.2273
hearts,182,6.7142
heartsease,1,11.2273
heartstrings,1,11.2273
heartthrob,2,10.8218
heat,28,8.5536
heated,28,8.5536
heath,21,8.8298
heathcliff,2,10.8218
heather,6,9.9746
heaton,1,11.2273
heatwave,1,11.2273
heaven,54,7.9141
heavenly,2,10.8218
heavens,54,7.9141
heavier,37,8.2835
heaviest,8,9.7233
heavily,7,9.8411
heavy,37,8.2835
heavyweight,16,9.0875
hebrew,52,7.9511
hebron,2,10.8218
hecatoncheires,1,11.2273
heche,1,11.2273
heck,1,11.2273
heckerling,1,11.2273
heckle,1,11.2273
hector,6,9.9746
hectors,6,9.9746
hed,2,10.8218
hedda,1,11.2273
heder,1,11.2273
hedge,2,10.8218
hedgehog,4,10.3111
hedley,6,9.9746
hedonism,1,11.2273
hedonists,1,11.2273
hedorah,1,11.2273
hedren,1,11.2273
hedy,4,10.3111
hee,32,8.4245
heel,10,9.5227
heeled,10,9.5227
heels,10,9.5227
heep,2,10.8218
heffermans,1,11.2273
heffernan,4,10.3111
heffernans,4,10.3111
heflin,1,11.2273
hefner,3,10.5342
hegel,2,10.8218
hegemony,1,11.2273
hegland,1,11.2273
hei,39,8.2322
heiberg,1,11.2273
heidegger,2,10.8218
heidelberg,1,11.2273
heidi,8,9.7233
heifetz,1,11.2273
heifeweizenbier,1,11.2273
heiffer,1,11.2273
heigh,2,10.8218
height,39,8.2322
heights,39,8.2322
heilgenstadt,1,11.2273
heindl,1,11.2273
heineken,1,11.2273
heinkel,1,11.2273
heinrich,52,7.9511
heinz,5,10.1288
heir,4,10.3111
heiress,2,10.8218
heirs,4,10.3111
heisenberg,1,11.2273
heisman,13,9.2816
heist,3,10.5342
hektor,1,11.2273
held,153,6.8862
helen,33,8.3947
helena,14,9.2126
helens,33,8.3947
helianthus,1,11.2273
helicon,2,10.8218
helicopter,16,9.0875
helicopters,16,9.0875
heligionism,1,11.2273
helin,436,5.8483
heliocentric,1,11.2273
heliophobia,2,10.8218
helios,4,10.3111
heliotrope,1,11.2273
helium,11,9.4357
helix,2,10.8218
hell,43,8.137
hella,2,10.8218
hellas,2,10.8218
hellbent,1,11.2273
hellbound,1,11.2273
hellboy,1,11.2273
hellenic,1,11.2273
hellenistic,1,11.2273
heller,8,9.7233
hellers,8,9.7233
hellfighters,1,11.2273
hellfire,1,11.2273
hello,89,7.4222
helloween,3,10.5342
hellowen,1,11.2273
hellraiser,3,10.5342
hells,43,8.137
hellscream,1,11.2273
helm,5,10.1288
helmet,8,9.7233
helmets,8,9.7233
helminthology,1,11.2273
helminthophobia,1,11.2273
helms,5,10.1288
helmut,1,11.2273
heloderma,1,11.2273
help,162,6.8296
helped,162,6.8296
helper,6,9.9746
helpers,6,9.9746
helpful,162,6.8296
helping,162,6.8296
helplessly,2,10.8218
helps,162,6.8296
helsinki,9,9.618
helvetica,1,11.2273
hematoma,1,11.2273
hemetoy,1,11.2273
hemi,2,10.8218
hemidemisemiquaver,1,11.2273
hemingway,37,8.2835
hemingways,37,8.2835
hemiscorpiidae,1,11.2273
hemisphere,30,8.487
hemispheres,30,8.487
hemispsheres,1,11.2273
hemlock,1,11.2273
hemoglobin,2,10.8218
hemorrhage,1,11.2273
hemorrhoids,1,11.2273
hemp,4,10.3111
hemphill,1,11.2273
hempleman,1,11.2273
hemsley,2,10.8218
hemsworth,1,11.2273
hen,8,9.7233
hence,2,10.8218
henchman,4,10.3111
henchmen,10,9.5227
henchmens,10,9.5227
henchwoman,4,10.3111
henderson,3,10.5342
hendley,1,11.2273
hendrik,3,10.5342
hendrix,17,9.0304
hendrixs,17,9.0304
henke,1,11.2273
henley,7,9.8411
hennessy,1,11.2273
henning,8,9.7233
hennis,1,11.2273
henotheism,1,11.2273
henri,152,6.8927
henrietta,1,11.2273
henrik,2,10.8218
henriksen,2,10.8218
henry,152,6.8927
henrys,152,6.8927
hens,8,9.7233
henson,5,10.1288
hensons,5,10.1288
hepatitis,2,10.8218
hepato,1,11.2273
hepburn,29,8.5197
hepburns,29,8.5197
hephaestus,7,9.8411
hephaestuss,1,11.2273
hepzibah,1,11.2273
hera,10,9.5227
heracles,2,10.8218
herakles,2,10.8218
heraldic,1,11.2273
heraldry,1,11.2273
herb,40,8.2076
herbaceous,1,11.2273
herbal,2,10.8218
herbert,18,8.9763
herberts,18,8.9763
herbhauptman,1,11.2273
herbie,3,10.5342
herbivore,17,9.0304
herbivores,17,9.0304
herbivorous,17,9.0304
herbology,1,11.2273
herbs,40,8.2076
herbst,1,11.2273
hercalesian,1,11.2273
hercule,21,8.8298
herculean,1,11.2273
hercules,21,8.8298
herd,12,9.3557
herder,2,10.8218
herders,2,10.8218
herding,12,9.3557
herdman,1,11.2273
herds,12,9.3557
herdsman,1,11.2273
hereditary,3,10.5342
heredity,3,10.5342
heres,16,9.0875
heresy,1,11.2273
herg,1,11.2273
heritage,8,9.7233
herman,28,8.5536
hermana,1,11.2273
hermann,12,9.3557
hermano,1,11.2273
hermans,28,8.5536
hermes,13,9.2816
hermie,1,11.2273
herminator,2,10.8218
hermione,56,7.8784
hermiones,56,7.8784
hermit,3,10.5342
hermits,3,10.5342
hermoine,2,10.8218
hermon,2,10.8218
hermones,2,10.8218
hermosa,1,11.2273
hern,1,11.2273
hernan,1,11.2273
hernia,1,11.2273
hero,137,6.9956
herod,4,10.3111
herodotus,3,10.5342
heroes,137,6.9956
heroic,137,6.9956
heroically,137,6.9956
heroin,27,8.5887
heroine,27,8.5887
heron,1,11.2273
heronian,1,11.2273
herpes,3,10.5342
herpetoculture,1,11.2273
herpetologist,1,11.2273
herpetology,2,10.8218
herps,3,10.5342
herrera,1,11.2273
herring,16,9.0875
herriots,1,11.2273
hers,16,9.0875
herschel,2318,4.2126
herse,1,11.2273
herself,24,8.702
hershey,9,9.618
hersheys,9,9.618
hersholt,1,11.2273
hersilia,1,11.2273
hertha,1,11.2273
hertz,1,11.2273
herzegovina,3,10.5342
herzigova,1,11.2273
hes,32,8.4245
hesitate,1,11.2273
hesperia,1,11.2273
hesse,2,10.8218
hessian,6,9.9746
hessians,6,9.9746
hester,1,11.2273
hestia,6,9.9746
heston,5,10.1288
hestons,5,10.1288
hetero,1,11.2273
heterodonts,1,11.2273
heteronomy,1,11.2273
heteropalindrome,1,11.2273
heterosexual,3,10.5342
hetfield,3,10.5342
hetherington,1,11.2273
hetzel,1,11.2273
hevelius,7,9.8411
hever,1,11.2273
hew,1,11.2273
hewitt,12,9.3557
hewitts,12,9.3557
hewlett,2,10.8218
hewn,1,11.2273
hewson,4,10.3111
hex,1,11.2273
hexagon,2,10.8218
hexagram,2,10.8218
hexagrams,2,10.8218
hexakosioihexekontahexaphobia,1,11.2273
hey,39,8.2322
heyday,2,10.8218
heywood,1,11.2273
hezbolah,1,11.2273
hhh,1,11.2273
hi,2075,4.3191
hibbert,2,10.8218
hibernate,9,9.618
hibernation,9,9.618
hiccup,3,10.5342
hiccups,3,10.5342
hickenbottom,2,10.8218
hickok,1,11.2273
hickory,3,10.5342
hicks,5,10.1288
hid,22,8.7853
hidalgo,2,10.8218
hidden,15,9.1481
hide,22,8.7853
hideous,22,8.7853
hideously,22,8.7853
hiders,1,11.2273
hides,22,8.7853
hiding,22,8.7853
hie,2075,4.3191
hiena,1,11.2273
hierarchy,5,10.1288
hieroglyphs,1,11.2273
hierophobia,1,11.2273
higashimiyako,1,11.2273
higbie,1,11.2273
higgins,5,10.1288
higgs,2,10.8218
high,298,6.2254
higher,29,8.5197
highest,142,6.9601
highflyer,1,11.2273
highgrove,1,11.2273
highland,14,9.2126
highlander,14,9.2126
highlanders,14,9.2126
highlands,14,9.2126
highlight,7,9.8411
highlights,7,9.8411
highly,33,8.3947
highness,298,6.2254
highschool,1,11.2273
hightower,1,11.2273
highway,15,9.1481
highwayman,1,11.2273
higley,1,11.2273
hijab,1,11.2273
hijacked,7,9.8411
hijacking,7,9.8411
hijaua,1,11.2273
hike,5,10.1288
hikesr,1,11.2273
hiking,5,10.1288
hilaria,1,11.2273
hilarious,52,7.9511
hilary,52,7.9511
hilarydownes,1,11.2273
hilarys,52,7.9511
hilbert,2,10.8218
hilda,3,10.5342
hildebrand,1,11.2273
hildegarde,1,11.2273
hildesheim,1,11.2273
hill,160,6.8419
hillaby,1,11.2273
hillard,1,11.2273
hillary,7,9.8411
hillbillies,29,8.5197
hillbilly,29,8.5197
hillel,1,11.2273
hillenburg,1,11.2273
hiller,1,11.2273
hillhouse,1,11.2273
hillibillies,1,11.2273
hills,160,6.8419
hilly,7,9.8411
hilo,1,11.2273
hilton,11,9.4357
hilts,1,11.2273
himalayan,1,11.2273
himalayas,3,10.5342
himbry,1,11.2273
hime,1,11.2273
himmler,1,11.2273
himno,1,11.2273
himself,59,7.8271
hinata,1,11.2273
hinckley,3,10.5342
hind,5,10.1288
hindenburg,2,10.8218
hinder,4,10.3111
hindgut,1,11.2273
hindi,5,10.1288
hindman,1,11.2273
hindu,29,8.5197
hinduism,29,8.5197
hindus,29,8.5197
hines,3,10.5342
hinge,3,10.5342
hinged,3,10.5342
hino,1,11.2273
hinsons,1,11.2273
hint,2,10.8218
hints,2,10.8218
hip,48,8.0295
hipped,48,8.0295
hippie,15,9.1481
hippies,15,9.1481
hippo,5,10.1288
hippocampus,1,11.2273
hippocrates,3,10.5342
hippocratic,1,11.2273
hippodamia,1,11.2273
hippogriff,2,10.8218
hippolyte,1,11.2273
hippomobile,1,11.2273
hippopotamus,5,10.1288
hippopotamuses,1,11.2273
hippopotomonstrosesquippedaliophobia,2,10.8218
hippos,5,10.1288
hippy,15,9.1481
hips,48,8.0295
hirah,1,11.2273
hiram,1,11.2273
hire,29,8.5197
hired,29,8.5197
hires,29,8.5197
hiro,1,11.2273
hirohito,1,11.2273
hiroo,1,11.2273
hiroshima,6,9.9746
hirsch,8,9.7233
his,2075,4.3191
hisham,1,11.2273
hispania,1,11.2273
hispanic,3,10.5342
hispaniola,3,10.5342
hiss,2,10.8218
hisses,2,10.8218
histoire,1,11.2273
historian,17,9.0304
historians,17,9.0304
historic,89,7.4222
historical,89,7.4222
historically,89,7.4222
histories,177,6.7418
history,177,6.7418
historys,177,6.7418
hit,1222,4.8332
hitachi,1,11.2273
hitch,6,9.9746
hitchcock,31,8.4552
hitchcocks,31,8.4552
hitchcok,1,11.2273
hitched,6,9.9746
hitcher,2,10.8218
hitchhickers,1,11.2273
hitchhike,9,9.618
hitchhiker,9,9.618
hitchhikers,9,9.618
hitchhikes,9,9.618
hitcocks,1,11.2273
hitler,38,8.2575
hitlers,38,8.2575
hitless,1,11.2273
hitman,3,10.5342
hits,1222,4.8332
hitter,25,8.6628
hitters,25,8.6628
hitting,1222,4.8332
hittite,1,11.2273
hiv,7,9.8411
hive,7,9.8411
hl,2,10.8218
hlburg,1,11.2273
hler,4,10.3111
hm102,1,11.2273
hms,1,11.2273
hmv,1,11.2273
hnida,1,11.2273
ho,9,9.618
hoa,2,10.8218
hoani,1,11.2273
hoatzin,1,11.2273
hoax,4,10.3111
hobart,3,10.5342
hobbes,10,9.5227
hobbies,23,8.7428
hobbit,4,10.3111
hobbits,4,10.3111
hobbs,10,9.5227
hobby,23,8.7428
hobie,1,11.2273
hoboken,3,10.5342
hobos,1,11.2273
hobsbawm,1,11.2273
hochner,1,11.2273
hockey,61,7.7944
hockley,1,11.2273
hocus,1,11.2273
hodges,2,10.8218
hodophobia,1,11.2273
hofburg,2,10.8218
hoff,1,11.2273
hoffa,1,11.2273
hoffman,28,8.5536
hoffmann,1,11.2273
hoffmans,28,8.5536
hog,8,9.7233
hogan,20,8.8763
hogans,20,8.8763
hogfathers,1,11.2273
hogg,5,10.1288
hoggett,1,11.2273
hoglan,1,11.2273
hogmanay,1,11.2273
hogs,8,9.7233
hogsmeade,1,11.2273
hogsmede,1,11.2273
hogwarts,36,8.3102
hohenzollern,1,11.2273
hoi,1,11.2273
hoisin,1,11.2273
hojicha,1,11.2273
hokage,2,10.8218
hokey,1,11.2273
hokies,1,11.2273
hokkaido,1,11.2273
hokku,1,11.2273
hola,2,10.8218
holberton,1,11.2273
holbrook,3,10.5342
holbrooke,3,10.5342
hold,105,7.2589
holden,8,9.7233
holder,8,9.7233
holders,8,9.7233
holding,105,7.2589
holds,105,7.2589
hole,34,8.3657
holes,34,8.3657
holiday,90,7.4112
holidays,90,7.4112
holiest,3,10.5342
hollaback,1,11.2273
holland,18,8.9763
hollands,18,8.9763
holley,1,11.2273
holliday,4,10.3111
hollidays,4,10.3111
hollies,24,8.702
holliman,1,11.2273
hollingsworth,2,10.8218
hollis,24,8.702
hollow,10,9.5227
holloways,1,11.2273
hollowness,10,9.5227
holly,24,8.702
hollybrass,1,11.2273
hollys,24,8.702
hollywood,120,7.1268
hollywoods,120,7.1268
holmenkollen,1,11.2273
holmes,31,8.4552
holocaust,6,9.9746
holocene,2,10.8218
holocron,1,11.2273
holodeck,1,11.2273
hologram,2,10.8218
holography,2,10.8218
holst,1,11.2273
holstein,1,11.2273
holsworth,1,11.2273
holt,1,11.2273
holtzman,1,11.2273
holy,76,7.578
holyoke,1,11.2273
hombres,1,11.2273
home,323,6.1455
homeboys,1,11.2273
homecoming,6,9.9746
homeland,6,9.9746
homeless,9,9.618
homelessness,9,9.618
homemade,1,11.2273
homemaker,2,10.8218
homeopathy,1,11.2273
homer,50,7.9895
homers,50,7.9895
homerun,4,10.3111
homeruns,4,10.3111
homes,323,6.1455
homestar,6,9.9746
hometown,10,9.5227
homeworld,3,10.5342
homichlophobia,1,11.2273
homicidal,4,10.3111
homicide,4,10.3111
hominid,6,9.9746
hominids,6,9.9746
hominophobia,1,11.2273
homo,9,9.618
homoerotic,1,11.2273
homogeneity,2,10.8218
homogenization,2,10.8218
homolycanth,1,11.2273
homosexual,11,9.4357
homosexuality,11,9.4357
homosexuals,11,9.4357
honda,6,9.9746
hondo,2,10.8218
honduran,1,11.2273
honduras,20,8.8763
honecker,1,11.2273
honest,5,10.1288
honestants,5,10.1288
honestly,2,10.8218
honesty,5,10.1288
honey,24,8.702
honeybee,2,10.8218
honeybees,2,10.8218
honeymoon,21,8.8298
honeymooners,21,8.8298
honeysuckle,1,11.2273
hong,17,9.0304
honiara,1,11.2273
honkin,1,11.2273
honky,9,9.618
honkytonk,1,11.2273
honolulu,11,9.4357
honor,75,7.591
honorable,75,7.591
honorably,75,7.591
honorary,11,9.4357
honored,75,7.591
honoria,1,11.2273
honorific,1,11.2273
honoring,75,7.591
honors,75,7.591
honour,6,9.9746
honoured,6,9.9746
honshu,1,11.2273
honus,1,11.2273
hoochie,1,11.2273
hoochs,1,11.2273
hood,17,9.0304
hooded,17,9.0304
hoods,17,9.0304
hoofs,1,11.2273
hoohah,1,11.2273
hook,22,8.7853
hookah,2,10.8218
hooke,22,8.7853
hooked,22,8.7853
hooker,4,10.3111
hookers,4,10.3111
hooligan,2,10.8218
hooligans,2,10.8218
hooloovoo,1,11.2273
hoop,8,9.7233
hooper,6,9.9746
hoops,8,9.7233
hoopz,2,10.8218
hoosier,10,9.5227
hoosiers,10,9.5227
hooters,3,10.5342
hooterville,2,10.8218
hootie,22,8.7853
hoover,16,9.0875
hooves,2,10.8218
hop,81,7.5152
hope,81,7.5152
hopeful,81,7.5152
hopeless,2,10.8218
hopelessly,2,10.8218
hopera,9,9.618
hopes,81,7.5152
hopi,1,11.2273
hoping,81,7.5152
hopituh,1,11.2273
hopkin,18,8.9763
hopkins,18,8.9763
hopped,81,7.5152
hopper,11,9.4357
hoppers,11,9.4357
hopping,81,7.5152
hoppy,2,10.8218
hops,81,7.5152
hopton,1,11.2273
horace,11,9.4357
horacio,1,11.2273
horatio,4,10.3111
horch,1,11.2273
horcrux,12,9.3557
horcruxes,12,9.3557
horde,2,10.8218
hordes,2,10.8218
horizon,11,9.4357
horizons,11,9.4357
horizontal,8,9.7233
horizonte,8,9.7233
horky,1,11.2273
hormephobia,1,11.2273
hormone,14,9.2126
hormones,14,9.2126
horn,41,8.1835
hornbeck,1,11.2273
hornblower,3,10.5342
hornblowers,3,10.5342
hornbostel,1,11.2273
hornby,2,10.8218
horne,41,8.1835
horned,41,8.1835
horner,2,10.8218
hornero,1,11.2273
horners,2,10.8218
hornes,41,8.1835
hornet,5,10.1288
hornets,5,10.1288
hornoad,1,11.2273
horns,41,8.1835
hornsby,3,10.5342
hornstein,1,11.2273
hornswaggle,1,11.2273
horny,2,10.8218
horology,1,11.2273
horos,1,11.2273
horoscope,1,11.2273
horowitz,3,10.5342
horowitzs,3,10.5342
horribilis,1,11.2273
horrible,10,9.5227
horribly,1,11.2273
horrific,1,11.2273
horrified,3,10.5342
horrifying,3,10.5342
horror,136,7.0029
horrorpunk,1,11.2273
horrors,136,7.0029
horse,124,7.0943
horseback,9,9.618
horseman,2,10.8218
horsemen,3,10.5342
horserace,1,11.2273
horses,124,7.0943
horseshoe,5,10.1288
horsetail,1,11.2273
horton,10,9.5227
hortons,10,9.5227
horus,2,10.8218
hos,9,9.618
hose,1,11.2273
hosea,2,10.8218
hospital,51,7.9701
hospitality,51,7.9701
hospitalized,51,7.9701
hospitals,51,7.9701
host,165,6.8114
hostage,14,9.2126
hostages,14,9.2126
hosted,165,6.8114
hostess,1,11.2273
hostetler,1,11.2273
hostile,4,10.3111
hostiles,4,10.3111
hosting,165,6.8114
hosts,165,6.8114
hot,96,7.3474
hotbeds,1,11.2273
hotdog,1,11.2273
hotel,63,7.7627
hotelier,1,11.2273
hotels,63,7.7627
hoth,4,10.3111
hotness,96,7.3474
hots,96,7.3474
hotspur,1,11.2273
hotsy,1,11.2273
hotter,1,11.2273
hottest,6,9.9746
hotties,1,11.2273
hou,1,11.2273
houdan,1,11.2273
houdini,4,10.3111
houghton,1,11.2273
houlihan,7,9.8411
houlihans,7,9.8411
houllier,1,11.2273
hound,13,9.2816
hounds,13,9.2816
hounek,1,11.2273
hounsou,2,10.8218
hounsous,2,10.8218
hour,71,7.645
hours,71,7.645
house,322,6.1486
housebreak,1,11.2273
housed,322,6.1486
housefly,1,11.2273
household,13,9.2816
households,13,9.2816
housekeeper,4,10.3111
housemaid,1,11.2273
houseman,3,10.5342
housemans,3,10.5342
housemother,2,10.8218
houser,1,11.2273
houses,322,6.1486
housewarming,1,11.2273
housewife,3,10.5342
housewives,11,9.4357
housing,322,6.1486
housman,1,11.2273
houston,65,7.7319
houstons,65,7.7319
houten,1,11.2273
houtman,1,11.2273
houyhnhnms,1,11.2273
hover,1,11.2273
hovland,1,11.2273
howard,65,7.7319
howdy,3,10.5342
howe,3,10.5342
howell,4,10.3111
howells,4,10.3111
however,34,8.3657
howie,5,10.1288
howland,1,11.2273
howled,1,11.2273
howler,1,11.2273
howlett,2,10.8218
howser,2,10.8218
hoxha,1,11.2273
hoxhaism,1,11.2273
hoxter,1,11.2273
hoyas,1,11.2273
hoye,1,11.2273
hoyle,1,11.2273
hozuki,1,11.2273
hp,3,10.5342
hpv,1,11.2273
hr,9,9.618
hrabosky,1,11.2273
hrer,1,11.2273
hroni,1,11.2273
hrothgar,1,11.2273
hrozn,1,11.2273
hrs,9,9.618
hrvatska,1,11.2273
hryvnia,1,11.2273
ht,1,11.2273
htg,1,11.2273
html,2,10.8218
http,5,10.1288
hu,3,10.5342
huai,1,11.2273
hualalai,1,11.2273
huang,6,9.9746
huangdi,3,10.5342
huangshan,1,11.2273
huayna,1,11.2273
hub,4,10.3111
hubands,1,11.2273
hubba,1,11.2273
hubbard,3,10.5342
hubble,11,9.4357
hubei,1,11.2273
huber,1,11.2273
hubert,4,10.3111
hubley,1,11.2273
hucbald,1,11.2273
huchra,1,11.2273
huckleberry,9,9.618
huddled,1,11.2273
hudgens,2,10.8218
hudson,29,8.5197
hudsons,29,8.5197
hue,3,10.5342
huebel,1,11.2273
huey,5,10.1288
huffelpuff,1,11.2273
hufflepuff,3,10.5342
hufflepuffs,3,10.5342
huffllepuff,1,11.2273
huffman,1,11.2273
huge,120,7.1268
hugely,120,7.1268
hugger,1,11.2273
huggy,2,10.8218
hugh,30,8.487
hughenden,1,11.2273
hughes,30,8.487
hugin,1,11.2273
hugo,13,9.2816
hugos,13,9.2816
huitzilopochtli,2,10.8218
huizinga,1,11.2273
huku,1,11.2273
hula,2,10.8218
huli,1,11.2273
hulk,21,8.8298
hulka,2,10.8218
hull,8,9.7233
hum,8,9.7233
human,308,6.1926
humane,308,6.1926
humanist,2,10.8218
humanitarian,3,10.5342
humanity,308,6.1926
humanoid,4,10.3111
humans,308,6.1926
humason,1,11.2273
humbert,2,10.8218
humble,2,10.8218
humbleness,2,10.8218
humboldts,1,11.2273
hume,8,9.7233
humean,1,11.2273
humerus,1,11.2273
humid,2,10.8218
humiliates,2,10.8218
humiliating,2,10.8218
humility,2,10.8218
humma,1,11.2273
hummel,1,11.2273
hummer,1,11.2273
humming,8,9.7233
hummingbird,14,9.2126
hummingbirds,14,9.2126
hummus,2,10.8218
humor,16,9.0875
humoring,16,9.0875
humorist,4,10.3111
humorists,4,10.3111
humorous,16,9.0875
humors,16,9.0875
humour,1,11.2273
humpback,2,10.8218
humperdinck,1,11.2273
humphrey,13,9.2816
humphry,1,11.2273
humpty,2,10.8218
humpy,1,11.2273
humuhumu,1,11.2273
hun,9,9.618
hunan,1,11.2273
hunchback,2,10.8218
hundred,33,8.3947
hundreds,33,8.3947
hundredth,1,11.2273
hung,10,9.5227
hungarian,16,9.0875
hungary,21,8.8298
hunger,13,9.2816
hungnam,1,11.2273
hungry,7,9.8411
hunk,1,11.2273
hunkpapa,1,11.2273
hunky,1,11.2273
hunnicut,1,11.2273
hunnicutt,6,9.9746
hunnicutts,6,9.9746
huns,9,9.618
hunt,69,7.6732
hunted,69,7.6732
hunter,48,8.0295
hunterdon,1,11.2273
hunters,48,8.0295
hunting,69,7.6732
huntresses,1,11.2273
hunts,69,7.6732
huntsman,1,11.2273
hur,2,10.8218
huracan,1,11.2273
hurdle,2,10.8218
hurdles,2,10.8218
hurley,4,10.3111
hurleys,4,10.3111
hurling,1,11.2273
huron,3,10.5342
hurricane,33,8.3947
hurricanes,33,8.3947
hurriedly,1,11.2273
hurry,2,10.8218
hurt,23,8.7428
hurthle,1,11.2273
hurting,23,8.7428
hurts,23,8.7428
hurwitz,3,10.5342
husband,128,7.0629
husbands,128,7.0629
hush,6,9.9746
huskies,6,9.9746
husky,6,9.9746
hussein,8,9.7233
husseins,8,9.7233
husserl,1,11.2273
hustle,2,10.8218
hustler,4,10.3111
huston,5,10.1288
hut,6,9.9746
hutch,12,9.3557
hutchence,2,10.8218
hutchens,1,11.2273
hutchinson,2,10.8218
huts,6,9.9746
hutto,1,11.2273
hutton,1,11.2273
huwebes,1,11.2273
huxley,2,10.8218
huxtable,6,9.9746
huygens,5,10.1288
hviezdoslav,1,11.2273
hw,1,11.2273
hw1,1,11.2273
hwa,1,11.2273
hwyl,1,11.2273
hx,1,11.2273
hy,3,10.5342
hyacinth,6,9.9746
hyacinthe,6,9.9746
hyatt,4,10.3111
hybrid,18,8.9763
hybrids,18,8.9763
hyde,9,9.618
hydes,9,9.618
hydra,2,10.8218
hydrocephalus,1,11.2273
hydrochloric,2,10.8218
hydrodynamic,1,11.2273
hydrogen,19,8.925
hydrogenated,19,8.925
hydrometer,1,11.2273
hydronium,1,11.2273
hydrophobic,2,10.8218
hydropolis,1,11.2273
hydrostatics,1,11.2273
hyena,11,9.4357
hyenas,11,9.4357
hygeia,1,11.2273
hylonomus,1,11.2273
hyman,8,9.7233
hymie,1,11.2273
hymn,7,9.8411
hymns,7,9.8411
hyneas,1,11.2273
hyneks,1,11.2273
hyogo,1,11.2273
hype,2,10.8218
hyper,3,10.5342
hyperactive,2,10.8218
hyperactivity,2,10.8218
hyperbola,3,10.5342
hyperbolic,1,11.2273
hypercarnivore,1,11.2273
hypergiants,1,11.2273
hypermodern,1,11.2273
hyperplasia,1,11.2273
hypertension,2,10.8218
hyperthyroidism,2,10.8218
hypnos,1,11.2273
hypnotise,2,10.8218
hypnotised,2,10.8218
hypnotises,2,10.8218
hypnotize,3,10.5342
hypnotized,3,10.5342
hypo,1,11.2273
hypocrite,1,11.2273
hypoglycemia,2,10.8218
hypophysis,1,11.2273
hypotenuse,2,10.8218
hypothesis,7,9.8411
hypothetical,1,11.2273
hypothyroidism,1,11.2273
hysterical,1,11.2273
hyuuga,2,10.8218
hz,1,11.2273
hz84,1,11.2273
iago,2,10.8218
iamb,1,11.2273
iams,1,11.2273
ian,22,8.7853
ianlyon,1,11.2273
ianthe,1,11.2273
iapetus,2,10.8218
iara,1,11.2273
iatrophobia,2,10.8218
iau,1,11.2273
ib,1,11.2273
iberian,5,10.1288
ibiza,11,9.4357
ibizas,11,9.4357
ibm,10,9.5227
ibn,4,10.3111
ibrahimovic,1,11.2273
ibsen,2,10.8218
ibu,1,11.2273
ibuprofen,1,11.2273
ic,114,7.1775
icarly,25,8.6628
icarus,2,10.8218
icbm,1,11.2273
icc,6,9.9746
icd,1,11.2273
ice,114,7.1775
iceberg,6,9.9746
icebergs,6,9.9746
iced,114,7.1775
iceland,31,8.4552
icelandic,31,8.4552
icelands,31,8.4552
iceman,4,10.3111
ich,4,10.3111
ichabod,1,11.2273
ichthyologist,1,11.2273
ichthyology,3,10.5342
ichthyophobia,1,11.2273
ichthyosaurs,2,10.8218
icicle,2,10.8218
ick,2,10.8218
icmp,1,11.2273
icon,43,8.137
iconic,43,8.137
iconosphere,1,11.2273
icons,43,8.137
icq,1,11.2273
icterine,1,11.2273
icthyostega,1,11.2273
icy,1,11.2273
id,44,8.1146
ida,4,10.3111
idaho,15,9.1481
idea,39,8.2322
ideal,44,8.1146
idealised,1,11.2273
ideals,44,8.1146
ideas,39,8.2322
identical,42,8.16
identically,42,8.16
identifiable,31,8.4552
identification,4,10.3111
identified,31,8.4552
identifies,31,8.4552
identify,31,8.4552
identifying,31,8.4552
identity,42,8.16
ideology,4,10.3111
ideophobia,1,11.2273
ides,44,8.1146
idi,14,9.2126
idiocracy,1,11.2273
idioglossia,1,11.2273
idiom,3,10.5342
idiomatic,1,11.2273
idiosyncratic,1,11.2273
idiot,18,8.9763
idiotic,18,8.9763
idiots,18,8.9763
iditarod,4,10.3111
idle,2,10.8218
idlett,1,11.2273
idlewild,1,11.2273
idli,1,11.2273
idling,2,10.8218
idol,54,7.9141
idolize,54,7.9141
idols,54,7.9141
idp,1,11.2273
ids,44,8.1146
iduna,1,11.2273
ie,1,11.2273
ifty,1,11.2273
ifugao,2,10.8218
ig,1,11.2273
igbo,1,11.2273
iglesia,3,10.5342
iglesias,3,10.5342
ign,4,10.3111
ignacious,1,11.2273
ignatius,4,10.3111
igneous,4,10.3111
ignite,4,10.3111
ignited,4,10.3111
igniting,4,10.3111
ignorance,9,9.618
ignorant,9,9.618
ignore,9,9.618
ignored,9,9.618
ignoring,9,9.618
igns,4,10.3111
igor,5,10.1288
iguana,2,10.8218
iguanas,2,10.8218
iguazu,1,11.2273
ih,1,11.2273
ihop,2,10.8218
ii,216,6.5444
iihf,1,11.2273
iii,71,7.645
iikizukuri,1,11.2273
iimarinen,1,11.2273
iis,216,6.5444
ijiraq,1,11.2273
ik,14,9.2126
ika,1,11.2273
ikaw,1,11.2273
ike,14,9.2126
ikea,1,11.2273
ikes,14,9.2126
il,18,8.9763
ilang,1,11.2273
ile,18,8.9763
ileum,1,11.2273
iliad,5,10.1288
ilinsky,1,11.2273
ill,67,7.7021
illegal,22,8.7853
illegalism,22,8.7853
illegally,22,8.7853
illegitimate,3,10.5342
illiad,1,11.2273
illicit,1,11.2273
illidan,2,10.8218
illini,1,11.2273
illinois,53,7.9324
illiterate,2,10.8218
illness,67,7.7021
illnesses,67,7.7021
illogical,1,11.2273
illuminati,1,11.2273
illumination,1,11.2273
illusion,7,9.8411
illusionist,3,10.5342
illusions,7,9.8411
illustrated,13,9.2816
illustrative,13,9.2816
illustrator,13,9.2816
illya,1,11.2273
illyria,1,11.2273
ilm,1,11.2273
ilocos,1,11.2273
ilon,1,11.2273
ils,18,8.9763
ilsa,1,11.2273
ilse,2,10.8218
iluvatar,1,11.2273
ilya,1,11.2273
ilyich,14,9.2126
im,143,6.9532
image,31,8.4552
imagery,3,10.5342
images,31,8.4552
imaginarium,1,11.2273
imaginary,5,10.1288
imagination,10,9.5227
imagine,10,9.5227
imagined,10,9.5227
imaging,31,8.4552
imai,1,11.2273
iman,1,11.2273
imap,1,11.2273
imbalance,1,11.2273
imbued,1,11.2273
imelda,2,10.8218
imhotep,1,11.2273
imitate,8,9.7233
imitates,8,9.7233
imitating,8,9.7233
imitation,8,9.7233
imitations,8,9.7233
imitator,8,9.7233
imjin,1,11.2273
immaculate,1,11.2273
immamu,1,11.2273
immanuel,12,9.3557
immaterial,1,11.2273
immediate,11,9.4357
immediately,11,9.4357
immense,6,9.9746
immensely,6,9.9746
immersed,1,11.2273
immigrant,15,9.1481
immigrants,15,9.1481
immigrate,15,9.1481
immigrated,15,9.1481
immolation,1,11.2273
immortal,13,9.2816
immortalise,2,10.8218
immortalised,2,10.8218
immortality,13,9.2816
immortalized,13,9.2816
immortals,13,9.2816
immovable,2,10.8218
immune,7,9.8411
immunization,7,9.8411
imoen,1,11.2273
imoportant,1,11.2273
impact,11,9.4357
impaired,2,10.8218
impairment,2,10.8218
impala,2,10.8218
impaler,3,10.5342
impani,1,11.2273
impatience,1,11.2273
impatiens,1,11.2273
impeached,6,9.9746
impeachment,6,9.9746
impeded,1,11.2273
impediment,2,10.8218
impending,2,10.8218
imperative,4,10.3111
imperator,4,10.3111
imperfection,1,11.2273
imperial,26,8.6251
imperialism,26,8.6251
imperioli,1,11.2273
imperius,1,11.2273
impersonate,8,9.7233
impersonated,8,9.7233
impersonates,8,9.7233
impersonating,8,9.7233
impersonation,8,9.7233
impersonator,8,9.7233
impersonators,8,9.7233
implantation,3,10.5342
implanted,3,10.5342
implants,3,10.5342
implement,7,9.8411
implementation,7,9.8411
implemented,7,9.8411
implementing,7,9.8411
implements,7,9.8411
implied,7,9.8411
implies,7,9.8411
imploding,1,11.2273
imply,7,9.8411
impolite,1,11.2273
import,132,7.0325
importance,132,7.0325
important,132,7.0325
imported,132,7.0325
impose,8,9.7233
imposed,8,9.7233
imposes,8,9.7233
imposing,8,9.7233
impossible,14,9.2126
impostor,2,10.8218
impotence,1,11.2273
impounded,1,11.2273
impregnated,3,10.5342
impregnation,3,10.5342
impresario,4,10.3111
impress,21,8.8298
impressed,21,8.8298
impressing,21,8.8298
impression,21,8.8298
impressionism,4,10.3111
impressionist,8,9.7233
impressionists,8,9.7233
impressions,21,8.8298
impressive,21,8.8298
imprisoned,11,9.4357
imprisonment,11,9.4357
improbable,1,11.2273
impromptu,1,11.2273
improper,3,10.5342
improperly,1,11.2273
improv,32,8.4245
improve,32,8.4245
improved,32,8.4245
improvement,32,8.4245
improvements,32,8.4245
improves,32,8.4245
improving,32,8.4245
improvisational,4,10.3111
improvised,4,10.3111
impulse,3,10.5342
impulses,3,10.5342
impulsively,3,10.5342
impurities,1,11.2273
in1986,1,11.2273
ina,1,11.2273
inability,2,10.8218
inaction,2,10.8218
inactive,2,10.8218
inadvertently,2,10.8218
inadvisable,1,11.2273
inaequalis,1,11.2273
inanimate,1,11.2273
inanition,1,11.2273
inappropriate,1,11.2273
inarticulate,1,11.2273
inaugural,21,8.8298
inaugurated,21,8.8298
inauguration,21,8.8298
inaugurations,21,8.8298
inborn,1,11.2273
inbred,1,11.2273
inbreeding,1,11.2273
inc,17,9.0304
inca,21,8.8298
incandescent,2,10.8218
incantation,3,10.5342
incantations,3,10.5342
incapacitate,1,11.2273
incarcerated,3,10.5342
incarnation,3,10.5342
incas,21,8.8298
incendio,1,11.2273
incense,2,10.8218
inception,1,11.2273
incessantly,1,11.2273
incest,1,11.2273
incestuous,2,10.8218
inch,28,8.5536
inches,28,8.5536
inchon,2,10.8218
incident,18,8.9763
incidental,2,10.8218
incidentals,2,10.8218
incidents,18,8.9763
incinerate,1,11.2273
incisive,1,11.2273
incisors,2,10.8218
incitatus,1,11.2273
incites,2,10.8218
inciting,2,10.8218
inclination,2,10.8218
inclinations,2,10.8218
include,256,6.376
included,256,6.376
includes,256,6.376
including,256,6.376
inclusions,1,11.2273
income,13,9.2816
incompetent,1,11.2273
incomplete,2,10.8218
inconsistencies,1,11.2273
inconvenient,1,11.2273
incorporated,11,9.4357
incorporates,11,9.4357
incorporating,11,9.4357
incorporation,11,9.4357
incorrect,33,8.3947
incorrectly,3,10.5342
incorruptible,1,11.2273
increase,29,8.5197
increased,29,8.5197
increases,29,8.5197
increasing,29,8.5197
increasingly,3,10.5342
incredible,29,8.5197
incredibles,29,8.5197
incredibly,6,9.9746
incubates,4,10.3111
incubation,4,10.3111
incubuses,1,11.2273
incumbent,2,10.8218
incur,1,11.2273
indecent,1,11.2273
indeed,3,10.5342
indefinite,1,11.2273
indel,1,11.2273
independence,132,7.0325
independencia,2,10.8218
independent,132,7.0325
independently,132,7.0325
index,4,10.3111
india,113,7.1863
indian,113,7.1863
indiana,78,7.5524
indianapolis,15,9.1481
indians,113,7.1863
indias,113,7.1863
indiawadkins,1,11.2273
indic,25,8.6628
indicate,25,8.6628
indicated,25,8.6628
indicates,25,8.6628
indicative,25,8.6628
indicator,25,8.6628
indicators,25,8.6628
indie,11,9.4357
indies,11,9.4357
indifferent,1,11.2273
indigenous,29,8.5197
indigo,3,10.5342
indira,6,9.9746
indiravati,1,11.2273
indirect,2,10.8218
indiscernibles,1,11.2273
indiscretion,1,11.2273
indispensable,1,11.2273
indisputable,1,11.2273
indivdual,1,11.2273
individual,19,8.925
individually,19,8.925
individuals,19,8.925
indivisible,1,11.2273
indo,13,9.2816
indochina,3,10.5342
indomitable,1,11.2273
indonesia,39,8.2322
indonesian,14,9.2126
indonesians,14,9.2126
indonesias,39,8.2322
indoor,11,9.4357
indoors,11,9.4357
induce,3,10.5342
induces,3,10.5342
inducing,3,10.5342
inducted,38,8.2575
induction,38,8.2575
inductor,1,11.2273
indulge,3,10.5342
indulged,3,10.5342
indus,2,10.8218
industrial,52,7.9511
industrialist,4,10.3111
industrialized,52,7.9511
industries,52,7.9511
industrious,52,7.9511
industry,52,7.9511
indviduals,1,11.2273
indys,11,9.4357
inebriated,1,11.2273
ineffective,1,11.2273
inept,1,11.2273
inequalities,2,10.8218
inequality,2,10.8218
inert,1,11.2273
inertia,1,11.2273
inevitable,2,10.8218
inexpensive,1,11.2273
inexpressible,1,11.2273
infamous,15,9.1481
infamy,1,11.2273
infant,8,9.7233
infanta,1,11.2273
infante,8,9.7233
infantry,6,9.9746
infants,8,9.7233
infatuated,6,9.9746
infected,18,8.9763
infecting,18,8.9763
infection,18,8.9763
infections,18,8.9763
infectious,6,9.9746
infer,4,10.3111
inferno,2,10.8218
inferred,4,10.3111
inferring,4,10.3111
infertility,1,11.2273
infestation,3,10.5342
infested,3,10.5342
infield,4,10.3111
infielder,4,10.3111
infiltrate,7,9.8411
infiltrated,7,9.8411
infiltration,7,9.8411
infinite,5,10.1288
infinitely,5,10.1288
infinitesimal,1,11.2273
infinity,3,10.5342
inflammation,4,10.3111
inflammatory,1,11.2273
inflatable,2,10.8218
inflation,2,10.8218
inflected,1,11.2273
inflicted,4,10.3111
inflicts,4,10.3111
influence,18,8.9763
influenced,15,9.1481
influences,18,8.9763
influential,49,8.0093
influenza,3,10.5342
informal,32,8.4245
informally,32,8.4245
informant,32,8.4245
information,32,8.4245
informed,32,8.4245
informs,32,8.4245
infra,2,10.8218
infractions,1,11.2273
infrared,3,10.5342
infrastructure,1,11.2273
infuriated,1,11.2273
infused,3,10.5342
infusing,3,10.5342
inga,1,11.2273
ingalls,5,10.1288
ingenious,1,11.2273
ingenuity,1,11.2273
ingesting,2,10.8218
ingestion,2,10.8218
inglourious,1,11.2273
ingmar,1,11.2273
ingra,1,11.2273
ingram,4,10.3111
ingredient,63,7.7627
ingredients,63,7.7627
ingrid,9,9.618
inguinal,1,11.2273
inhabit,29,8.5197
inhabitants,29,8.5197
inhabited,29,8.5197
inhabiting,29,8.5197
inhabits,29,8.5197
inhale,2,10.8218
inhales,2,10.8218
inherent,3,10.5342
inherently,3,10.5342
inherit,32,8.4245
inheritance,32,8.4245
inherited,32,8.4245
inheriting,32,8.4245
inherits,32,8.4245
inhibited,2,10.8218
inhibits,2,10.8218
inigo,1,11.2273
inimitable,1,11.2273
initial,88,7.4334
initially,88,7.4334
initials,88,7.4334
initiate,88,7.4334
initiated,88,7.4334
initiates,88,7.4334
initiation,88,7.4334
initiative,88,7.4334
initiatives,88,7.4334
initiators,88,7.4334
injecting,3,10.5342
injection,3,10.5342
injun,1,11.2273
injure,14,9.2126
injured,14,9.2126
injuries,8,9.7233
injuring,14,9.2126
injury,8,9.7233
injustice,1,11.2273
ink,9,9.618
inkheart,1,11.2273
inkspell,9,9.618
inkstand,2,10.8218
inlaid,1,11.2273
inland,4,10.3111
inlet,1,11.2273
inman,1,11.2273
inmate,5,10.1288
inmates,5,10.1288
inn,8,9.7233
inna,1,11.2273
innately,1,11.2273
inner,13,9.2816
innervisions,1,11.2273
inning,12,9.3557
innings,12,9.3557
innocence,12,9.3557
innocent,12,9.3557
innovation,9,9.618
innovations,9,9.618
innovative,9,9.618
inns,8,9.7233
ino,1,11.2273
inoda,10,9.5227
inorganic,1,11.2273
inoue,2,10.8218
input,4,10.3111
inquires,1,11.2273
inquiry,3,10.5342
inquisition,3,10.5342
inquisitive,3,10.5342
inquisitors,1,11.2273
ins,12,9.3557
insalata,1,11.2273
insane,9,9.618
insanity,9,9.618
insatiable,2,10.8218
inscribed,3,10.5342
inscription,5,10.1288
inscriptions,5,10.1288
insect,50,7.9895
insecticide,1,11.2273
insectivorous,1,11.2273
insects,50,7.9895
insensitive,1,11.2273
insensitivity,1,11.2273
inseparable,1,11.2273
insert,2,10.8218
insertion,2,10.8218
inside,31,8.4552
insider,31,8.4552
insignia,3,10.5342
insignificant,1,11.2273
insist,6,9.9746
insisted,6,9.9746
insists,6,9.9746
insomnia,6,9.9746
insomniac,2,10.8218
insouciant,1,11.2273
inspector,12,9.3557
inspects,2,10.8218
inspiration,102,7.2875
inspirational,102,7.2875
inspire,102,7.2875
inspired,102,7.2875
inspiring,102,7.2875
inspiroinut,2,10.8218
install,20,8.8763
installation,20,8.8763
installed,20,8.8763
installment,20,8.8763
instance,2,10.8218
instant,16,9.0875
instantaneous,1,11.2273
instantly,1,11.2273
instead,20,8.8763
instep,1,11.2273
instigated,2,10.8218
instigator,2,10.8218
instill,1,11.2273
instinct,4,10.3111
institute,52,7.9511
instituted,52,7.9511
institutes,52,7.9511
institutess,1,11.2273
institution,52,7.9511
institutions,52,7.9511
instituto,1,11.2273
instruct,9,9.618
instructed,9,9.618
instruction,9,9.618
instructional,9,9.618
instructions,9,9.618
instructor,7,9.8411
instructors,7,9.8411
instructs,9,9.618
instrument,73,7.6177
instrumental,12,9.3557
instruments,73,7.6177
insufficient,1,11.2273
insular,1,11.2273
insulator,1,11.2273
insulin,3,10.5342
insult,4,10.3111
insulted,4,10.3111
insulting,4,10.3111
insurance,11,9.4357
insure,11,9.4357
insures,11,9.4357
insurrection,1,11.2273
int,1,11.2273
intact,2,10.8218
intake,3,10.5342
intangible,1,11.2273
integer,2,10.8218
integers,2,10.8218
integral,15,9.1481
integrate,15,9.1481
integrated,15,9.1481
integration,15,9.1481
integrator,15,9.1481
integrity,15,9.1481
integumentary,1,11.2273
intel,4,10.3111
intellagible,1,11.2273
intellectual,9,9.618
intellectuals,9,9.618
intellia,1,11.2273
intelligeble,1,11.2273
intelligence,19,8.925
intelligences,19,8.925
intelligent,19,8.925
intelligible,19,8.925
intend,17,9.0304
intended,17,9.0304
intends,17,9.0304
intense,10,9.5227
intensely,10,9.5227
intensity,10,9.5227
intent,7,9.8411
intention,7,9.8411
intentional,7,9.8411
intentionally,3,10.5342
intentions,7,9.8411
inter,7,9.8411
interacting,8,9.7233
interaction,8,9.7233
interactions,8,9.7233
interactive,8,9.7233
interagency,1,11.2273
intercalary,1,11.2273
intercellular,1,11.2273
intercept,2,10.8218
interceptions,2,10.8218
interchangeably,2,10.8218
interchanged,2,10.8218
interchip,1,11.2273
intercircuit,1,11.2273
intercollegiate,3,10.5342
interconnect,1,11.2273
intercontinental,5,10.1288
intercourse,1,11.2273
intercreativity,1,11.2273
interest,89,7.4222
interested,89,7.4222
interesting,89,7.4222
interests,89,7.4222
interface,1,11.2273
interfer,2,10.8218
interfere,2,10.8218
interfered,2,10.8218
interference,2,10.8218
intergalactic,1,11.2273
intergovernmental,1,11.2273
interior,6,9.9746
interiors,6,9.9746
interjection,2,10.8218
interjections,2,10.8218
interlude,1,11.2273
intermediate,2,10.8218
intermezzo,1,11.2273
intermission,1,11.2273
intern,130,7.0476
internal,130,7.0476
international,130,7.0476
internationale,2,10.8218
internationally,10,9.5227
internet,34,8.3657
internets,34,8.3657
interns,130,7.0476
internship,1,11.2273
interplanet,1,11.2273
interplanetary,1,11.2273
interplate,1,11.2273
interpol,2,10.8218
interpretation,5,10.1288
interpretations,5,10.1288
interpreted,5,10.1288
interpreters,5,10.1288
interracial,3,10.5342
interregnum,1,11.2273
interrogated,3,10.5342
interrogates,3,10.5342
interrogation,3,10.5342
interrupt,12,9.3557
interrupted,12,9.3557
interruption,12,9.3557
interrupts,12,9.3557
intersecting,4,10.3111
intersection,4,10.3111
intersects,4,10.3111
interstate,5,10.1288
interstellar,1,11.2273
intertwine,2,10.8218
intertwined,2,10.8218
interval,6,9.9746
intervals,6,9.9746
intervene,1,11.2273
interview,39,8.2322
interviewed,39,8.2322
interviewing,39,8.2322
interviews,39,8.2322
intestinal,10,9.5227
intestine,10,9.5227
intestines,10,9.5227
intimate,6,9.9746
intimations,6,9.9746
intimidate,3,10.5342
intimidating,3,10.5342
intimidator,3,10.5342
intolerant,1,11.2273
intoxicated,2,10.8218
intra,1,11.2273
intractable,1,11.2273
intricate,3,10.5342
intrigued,6,9.9746
intrigues,6,9.9746
intriguing,6,9.9746
intro,5,10.1288
introduce,115,7.1689
introduced,115,7.1689
introduces,115,7.1689
introducing,115,7.1689
introduction,5,10.1288
intruder,3,10.5342
intruders,3,10.5342
intrudes,3,10.5342
intuition,2,10.8218
inuit,1,11.2273
inuyasha,4,10.3111
invade,34,8.3657
invaded,34,8.3657
invader,34,8.3657
invaders,34,8.3657
invades,34,8.3657
invading,34,8.3657
invalid,2,10.8218
invalides,2,10.8218
invaluable,1,11.2273
invariably,1,11.2273
invasion,32,8.4245
invasions,32,8.4245
invent,5412,3.4172
invented,5412,3.4172
inventing,5412,3.4172
invention,5412,3.4172
inventions,5412,3.4172
inventor,55,7.8961
inventors,55,7.8961
inventory,1,11.2273
invents,5412,3.4172
inverse,5,10.1288
inversely,5,10.1288
inversion,5,10.1288
invertebrate,5,10.1288
invertebrates,5,10.1288
inverted,3,10.5342
inverter,3,10.5342
investigate,23,8.7428
investigated,23,8.7428
investigating,23,8.7428
investigation,23,8.7428
investigative,23,8.7428
investigator,23,8.7428
investigators,23,8.7428
investment,4,10.3111
investments,4,10.3111
investors,2,10.8218
invetor,1,11.2273
invincibility,2,10.8218
invincible,2,10.8218
invisibility,9,9.618
invisible,9,9.618
invitation,19,8.925
invite,19,8.925
invited,19,8.925
invites,19,8.925
inviting,19,8.925
invito,1,11.2273
invoked,2,10.8218
involuntary,4,10.3111
involve,109,7.2219
involved,109,7.2219
involvement,109,7.2219
involves,109,7.2219
involving,109,7.2219
inward,1,11.2273
inxs,4,10.3111
inyo,1,11.2273
io,5,10.1288
iodate,1,11.2273
iodide,1,11.2273
iodine,4,10.3111
iola,1,11.2273
iommi,3,10.5342
ion,3,10.5342
iona,1,11.2273
ionian,1,11.2273
ionic,2,10.8218
iophobia,1,11.2273
iowa,33,8.3947
iowan,1,11.2273
ip,1,11.2273
ipanema,2,10.8218
ipet,1,11.2273
iphigenia,2,10.8218
iphone,1,11.2273
ipkisss,1,11.2273
ipod,11,9.4357
ipods,11,9.4357
ipsum,1,11.2273
iq,2,10.8218
iqaluit,1,11.2273
iquitos,1,11.2273
ir,2,10.8218
ira,8,9.7233
iran,27,8.5887
iranian,6,9.9746
iraq,35,8.3375
iraqi,7,9.8411
iraqs,35,8.3375
irc,1,11.2273
ireland,70,7.659
irene,9,9.618
irgun,1,11.2273
iridescence,1,11.2273
iridium,2,10.8218
iridology,1,11.2273
irimia,1,11.2273
iris,10,9.5227
irises,1,11.2273
irish,99,7.317
irishman,4,10.3111
irma,2,10.8218
irmelin,1,11.2273
irn,1,11.2273
iroh,1,11.2273
iron,83,7.4911
ironheart,1,11.2273
ironic,83,7.4911
ironically,83,7.4911
ironies,2,10.8218
ironman,1,11.2273
irons,83,7.4911
irony,2,10.8218
iroquoian,2,10.8218
iroquois,6,9.9746
irr,1,11.2273
irrational,9,9.618
irrationality,1,11.2273
irreconcilable,1,11.2273
irregular,4,10.3111
irregularly,1,11.2273
irrelevant,1,11.2273
irreparable,1,11.2273
irreverent,2,10.8218
irrevocably,1,11.2273
irritability,2,10.8218
irritating,2,10.8218
irrupt,1,11.2273
irs,2,10.8218
irtysh,1,11.2273
irvin,3,10.5342
irvine,3,10.5342
irving,6,9.9746
irwin,4,10.3111
isa,2,10.8218
isaac,50,7.9895
isaacs,50,7.9895
isabel,11,9.4357
isabela,1,11.2273
isabella,11,9.4357
isabelle,11,9.4357
isabels,11,9.4357
isachar,1,11.2273
isadora,4,10.3111
isaiah,6,9.9746
isambard,1,11.2273
isami,1,11.2273
isao,1,11.2273
iscariot,3,10.5342
ischemic,1,11.2273
isfahan,1,11.2273
isherwoods,1,11.2273
ishii,1,11.2273
ishikari,1,11.2273
ishmael,7,9.8411
ishmaels,7,9.8411
isiah,1,11.2273
isidore,1,11.2273
isinbayeva,2,10.8218
isis,3,10.5342
iskra,1,11.2273
isla,7,9.8411
islam,39,8.2322
islamabad,3,10.5342
islamic,39,8.2322
island,428,5.8667
islanders,428,5.8667
islands,428,5.8667
islas,7,9.8411
isle,13,9.2816
isles,13,9.2816
islet,6,9.9746
islets,6,9.9746
isley,3,10.5342
ism,2,10.8218
ismail,1,11.2273
ismene,1,11.2273
isnt,22,8.7853
isobe,1,11.2273
isoglosses,1,11.2273
isolate,9,9.618
isolated,9,9.618
isolates,9,9.618
isolation,9,9.618
isolde,1,11.2273
isomer,1,11.2273
isorhythm,1,11.2273
isosceles,1,11.2273
isotope,6,9.9746
isotopes,6,9.9746
isp,1,11.2273
israel,88,7.4334
israeli,29,8.5197
israelite,7,9.8411
israelites,7,9.8411
israels,88,7.4334
issac,12,9.3557
issacs,12,9.3557
issue,61,7.7944
issued,61,7.7944
issues,61,7.7944
issur,1,11.2273
issus,61,7.7944
issyk,2,10.8218
istanbul,18,8.9763
istanbuls,18,8.9763
isthmus,1,11.2273
istunka,1,11.2273
isuzu,1,11.2273
itachi,1,11.2273
italia,3,10.5342
italian,163,6.8235
italiana,1,11.2273
italians,163,6.8235
italic,3,10.5342
italics,3,10.5342
italy,99,7.317
italys,99,7.317
itasca,1,11.2273
itch,3,10.5342
itchykoo,1,11.2273
item,54,7.9141
items,54,7.9141
iterated,1,11.2273
ithaca,3,10.5342
ithaka,1,11.2273
ithildin,1,11.2273
itis,2,10.8218
itll,2,10.8218
itself,11,9.4357
itsy,1,11.2273
itt,1,11.2273
ittf,10,9.5227
itv,1,11.2273
itzach,1,11.2273
itzak,1,11.2273
itzhak,1,11.2273
iubesc,1,11.2273
iuka,1,11.2273
iv,74,7.6043
ivan,15,9.1481
ivana,2,10.8218
ivanhoe,1,11.2273
ivanka,1,11.2273
ivanov,1,11.2273
ivanovich,1,11.2273
ivantsvetaev,1,11.2273
ive,74,7.6043
ives,74,7.6043
ivory,7,9.8411
ivy,9,9.618
iwazaru,2,10.8218
iwazarus,2,10.8218
iwgp,1,11.2273
iwo,2,10.8218
ix,8,9.7233
ixl,1,11.2273
ixtab,1,11.2273
iy,1,11.2273
iyi,1,11.2273
izquierda,1,11.2273
izzie,3,10.5342
j,188,6.6821
j19383260,1,11.2273
ja,3,10.5342
jaar,1,11.2273
jabba,2,10.8218
jabbar,3,10.5342
jabiru,1,11.2273
jabs,1,11.2273
jachi,1,11.2273
jacinto,1,11.2273
jack,250,6.3995
jackal,7,9.8411
jackals,7,9.8411
jackass,10,9.5227
jackers,1,11.2273
jacket,14,9.2126
jackets,14,9.2126
jackie,36,8.3102
jackies,36,8.3102
jackman,3,10.5342
jackmegas,1,11.2273
jacks,250,6.3995
jackson,172,6.7702
jacksons,172,6.7702
jacksonville,2,10.8218
jacky,36,8.3102
jackyl,1,11.2273
jacob,37,8.2835
jacobite,1,11.2273
jacobs,37,8.2835
jacobus,1,11.2273
jacoby,1,11.2273
jacopo,1,11.2273
jacquards,1,11.2273
jacqueline,12,9.3557
jacquelyn,2,10.8218
jacques,19,8.925
jacuzzi,2,10.8218
jada,5,10.1288
jade,6,9.9746
jaded,6,9.9746
jades,6,9.9746
jadrny,1,11.2273
jaegers,1,11.2273
jafar,4,10.3111
jafars,4,10.3111
jaffa,1,11.2273
jaffray,1,11.2273
jag,14,9.2126
jagex,1,11.2273
jagged,14,9.2126
jagger,6,9.9746
jaggers,6,9.9746
jaguar,12,9.3557
jaguars,12,9.3557
jahan,1,11.2273
jaheim,1,11.2273
jai,46,8.0711
jaidev,1,11.2273
jail,17,9.0304
jailed,17,9.0304
jailhouse,3,10.5342
jaime,6,9.9746
jainism,1,11.2273
jaipur,2,10.8218
jakarta,5,10.1288
jake,34,8.3657
jakes,34,8.3657
jakob,1,11.2273
jalabiya,1,11.2273
jaleel,1,11.2273
jalousie,1,11.2273
jam,395,5.9461
jama,1,11.2273
jamaica,29,8.5197
jamaican,9,9.618
jamal,3,10.5342
jamall,3,10.5342
jambalya,1,11.2273
jambon,1,11.2273
jame,395,5.9461
james,395,5.9461
jamesmcdanell,1,11.2273
jamesmelka,1,11.2273
jameson,2,10.8218
jamess,1,11.2273
jamestown,1,11.2273
jami,23,8.7428
jamie,23,8.7428
jamiegilmour,1,11.2273
jamies,23,8.7428
jamison,1,11.2273
jammerson,1,11.2273
jamrock,1,11.2273
jams,395,5.9461
jamuna,2,10.8218
jan,108,7.231
jana,1,11.2273
jane,108,7.231
janeiro,4,10.3111
janel,1,11.2273
janes,108,7.231
janet,41,8.1835
janets,41,8.1835
janeway,1,11.2273
jangle,2,10.8218
janice,5,10.1288
janiero,1,11.2273
janies,22,8.7853
janine,2,10.8218
janis,22,8.7853
janissaries,1,11.2273
janitor,5,10.1288
janitorial,1,11.2273
janitors,5,10.1288
janne,1,11.2273
janos,1,11.2273
jansen,2,10.8218
january,121,7.1186
japa,1,11.2273
japan,112,7.1951
japanese,151,6.8993
japans,112,7.1951
jaql,1,11.2273
jaques,2,10.8218
jar,5,10.1288
jardine,1,11.2273
jared,5,10.1288
jargon,7,9.8411
jarmusch,1,11.2273
jaroff,1,11.2273
jaron,1,11.2273
jarrah,1,11.2273
jarre,2,10.8218
jarrett,5,10.1288
jarrod,2,10.8218
jarron,1,11.2273
jas,3,10.5342
jascha,1,11.2273
jasmine,4,10.3111
jason,60,7.8106
jasons,60,7.8106
jasonwheeler,1,11.2273
jasper,7,9.8411
jaundice,1,11.2273
java,12,9.3557
javan,1,11.2273
javanese,6,9.9746
javelin,2,10.8218
javier,2,10.8218
javiergorosabel,1,11.2273
jaw,29,8.5197
jawbone,1,11.2273
jawbreaker,1,11.2273
jawed,29,8.5197
jaws,29,8.5197
jax,1,11.2273
jay,46,8.0711
jaya,1,11.2273
jayalakshmi,1,11.2273
jayate,1,11.2273
jayawardenapura,1,11.2273
jayce,1,11.2273
jaycee,1,11.2273
jayhawk,2,10.8218
jayhawks,2,10.8218
jayne,5,10.1288
jays,46,8.0711
jazz,90,7.4112
jazzberry,1,11.2273
jb,2,10.8218
jbl,1,11.2273
jd,4,10.3111
jds,4,10.3111
je,11,9.4357
jealous,7,9.8411
jealousy,3,10.5342
jean,89,7.4222
jeanette,9,9.618
jeanne,4,10.3111
jeanneret,1,11.2273
jeannette,3,10.5342
jeannie,16,9.0875
jeannies,16,9.0875
jeans,89,7.4222
jebel,1,11.2273
jeckle,1,11.2273
jed,8,9.7233
jeddah,1,11.2273
jedi,11,9.4357
jeds,8,9.7233
jee,11,9.4357
jeep,2,10.8218
jeepers,1,11.2273
jeeps,2,10.8218
jees,11,9.4357
jeeves,1,11.2273
jeff,71,7.645
jefferey,1,11.2273
jefferson,53,7.9324
jeffersons,53,7.9324
jeffery,1,11.2273
jeffkeck,1,11.2273
jeffrey,9,9.618
jeffreys,9,9.618
jeffries,2,10.8218
jeffs,71,7.645
jeg,1,11.2273
jehan,1,11.2273
jehovah,2,10.8218
jehovahs,2,10.8218
jekyle,3,10.5342
jekyll,3,10.5342
jell,2,10.8218
jello,1,11.2273
jelly,8,9.7233
jellybean,2,10.8218
jellyfish,17,9.0304
jem,3,10.5342
jemison,1,11.2273
jemstone,1,11.2273
jena,1,11.2273
jengu,1,11.2273
jenin,1,11.2273
jenkins,2,10.8218
jenna,3,10.5342
jenner,3,10.5342
jennie,21,8.8298
jennifer,92,7.3895
jennifers,92,7.3895
jenniffer,1,11.2273
jennings,4,10.3111
jenny,21,8.8298
jennys,21,8.8298
jensen,1,11.2273
jeopardy,7,9.8411
jepha,1,11.2273
jeremiah,7,9.8411
jeremihschneider,1,11.2273
jeremy,17,9.0304
jeremys,17,9.0304
jericho,4,10.3111
jericoacoara,1,11.2273
jerk,4,10.3111
jerker,2,10.8218
jermaine,3,10.5342
jerod,1,11.2273
jerome,13,9.2816
jerri,111,7.2039
jerry,111,7.2039
jerrys,111,7.2039
jersey,74,7.6043
jerseys,74,7.6043
jeru,1,11.2273
jerusalem,43,8.137
jerusalems,43,8.137
jerusalim,1,11.2273
jespersen,2,10.8218
jess,73,7.6177
jesse,73,7.6177
jessenius,1,11.2273
jessep,1,11.2273
jesses,73,7.6177
jessi,9,9.618
jessica,28,8.5536
jessie,9,9.618
jessies,9,9.618
jesus,76,7.578
jet,38,8.2575
jete,38,8.2575
jeter,4,10.3111
jethro,15,9.1481
jetliners,1,11.2273
jets,38,8.2575
jetsetters,1,11.2273
jetson,10,9.5227
jetsons,10,9.5227
jett,5,10.1288
jettisoned,2,10.8218
jew,52,7.9511
jewel,19,8.925
jeweler,19,8.925
jewell,19,8.925
jewellery,1,11.2273
jewelry,14,9.2126
jewels,19,8.925
jewesh,1,11.2273
jewess,2,10.8218
jewish,83,7.4911
jews,52,7.9511
jfa,1,11.2273
jfk,2,10.8218
jg1,1,11.2273
ji,1,11.2273
jiang,3,10.5342
jiggle,2,10.8218
jiggy,2,10.8218
jigsaw,1,11.2273
jiles,2,10.8218
jill,23,8.7428
jillette,2,10.8218
jills,23,8.7428
jilted,1,11.2273
jim,131,7.04
jima,2,10.8218
jimbo,1,11.2273
jimi,19,8.925
jiminy,1,11.2273
jimll,1,11.2273
jimme,1,11.2273
jimmie,128,7.0629
jimmy,128,7.0629
jimmys,128,7.0629
jimmysimms,1,11.2273
jims,131,7.04
jin,6,9.9746
jingle,11,9.4357
jingles,11,9.4357
jingoism,1,11.2273
jinks,1,11.2273
jinn,1,11.2273
jinping,1,11.2273
jintishi,2,10.8218
jitka,1,11.2273
jitty,1,11.2273
jive,6,9.9746
jizera,1,11.2273
jizhuanti,1,11.2273
jj,3,10.5342
jjaks,1,11.2273
jk,1,11.2273
jk1,1,11.2273
jo,179,6.7307
joachim,1,11.2273
joad,1,11.2273
joan,35,8.3375
joanie,4,10.3111
joanies,4,10.3111
joanna,9,9.618
joannas,9,9.618
joanne,8,9.7233
joans,35,8.3375
joaquin,9,9.618
job,122,7.1104
jobs,122,7.1104
joc,1,11.2273
jocelyn,1,11.2273
jock,9,9.618
jockey,4,10.3111
jockeys,4,10.3111
jocko,1,11.2273
jocks,9,9.618
jocose,2,10.8218
jodi,9,9.618
jodie,9,9.618
jody,9,9.618
joe,179,6.7307
joel,24,8.702
joels,24,8.702
joes,179,6.7307
joey,44,8.1146
joeys,44,8.1146
jog,2,10.8218
jogging,2,10.8218
johan,7,9.8411
johann,39,8.2322
johannes,39,8.2322
johannesburg,1,11.2273
johannisburg,1,11.2273
johanny,1,11.2273
johanson,1,11.2273
johansson,14,9.2126
johanssons,14,9.2126
johhny,1,11.2273
john,1730,4.4948
johnathan,3,10.5342
johnathon,1,11.2273
johnbauer,1,11.2273
johnbridges,1,11.2273
johnerogers,1,11.2273
johngee,1,11.2273
johnlambert,1,11.2273
johnmason,1,11.2273
johnnie,166,6.8054
johnny,166,6.8054
johnnys,166,6.8054
johnrather,1,11.2273
johns,1730,4.4948
johnson,61,7.7944
johnsons,61,7.7944
johnston,4,10.3111
johny,7,9.8411
johto,1,11.2273
joie,16,9.0875
join,133,7.025
joined,133,7.025
joining,133,7.025
joins,133,7.025
joint,22,8.7853
jointed,22,8.7853
jointly,1,11.2273
joints,22,8.7853
jojo,3,10.5342
jojos,3,10.5342
joke,20,8.8763
joked,20,8.8763
joker,13,9.2816
jokers,13,9.2816
jokes,20,8.8763
jolie,34,8.3657
jolies,34,8.3657
jolla,4,10.3111
jollas,4,10.3111
jolly,3,10.5342
jolson,1,11.2273
joltin,2,10.8218
jomon,1,11.2273
jon,159,6.8481
jonah,6,9.9746
jonas,18,8.9763
jonathan,40,8.2076
jonathans,40,8.2076
jonathon,1,11.2273
jones,159,6.8481
jonesboro,1,11.2273
jonestown,2,10.8218
jong,12,9.3557
jonh,2,10.8218
jonleake,1,11.2273
jonn,1,11.2273
jonnys,1,11.2273
jonquil,1,11.2273
jonson,2,10.8218
jonze,2,10.8218
jookiba,1,11.2273
joon,5,10.1288
joplin,16,9.0875
jor,3,10.5342
jordan,36,8.3102
jordanian,1,11.2273
jordans,36,8.3102
jorden,1,11.2273
jordin,3,10.5342
jordy,1,11.2273
jorge,2,10.8218
jorgensen,1,11.2273
jorma,1,11.2273
jorn,2,10.8218
jorns,2,10.8218
jos,179,6.7307
jose,11,9.4357
josef,9,9.618
josefyne,1,11.2273
josep,7,9.8411
joseph,126,7.0785
josepha,2,10.8218
josephina,1,11.2273
josephine,10,9.5227
josh,23,8.7428
joshs,23,8.7428
joshua,11,9.4357
joshuas,11,9.4357
josie,2,10.8218
joss,12,9.3557
jost,1,11.2273
jostled,1,11.2273
jou,1,11.2273
jour,1,11.2273
journal,12,9.3557
journalism,12,9.3557
journalist,20,8.8763
journalists,20,8.8763
journey,30,8.487
journeys,30,8.487
jousting,1,11.2273
jov,1,11.2273
jovi,26,8.6251
jovial,26,8.6251
jovian,1,11.2273
jovis,26,8.6251
jovovich,10,9.5227
jovovichs,10,9.5227
joxer,5,10.1288
joy,16,9.0875
joyce,8,9.7233
joyces,8,9.7233
joyeux,1,11.2273
joyita,1,11.2273
joyous,1,11.2273
jozef,1,11.2273
jozsef,1,11.2273
jp,1,11.2273
jr,103,7.2779
js,1,11.2273
jt9d,1,11.2273
juan,22,8.7853
juana,1,11.2273
juancinto,1,11.2273
juanclari,1,11.2273
juanita,4,10.3111
juarez,5,10.1288
juba,2,10.8218
jubilee,2,10.8218
jud,22,8.7853
judaea,2,10.8218
judaeo,1,11.2273
judah,5,10.1288
judaic,47,8.0501
judaism,47,8.0501
judas,47,8.0501
judd,22,8.7853
judds,22,8.7853
jude,22,8.7853
judea,2,10.8218
judge,65,7.7319
judged,65,7.7319
judger,1,11.2273
judges,65,7.7319
judging,65,7.7319
judgment,4,10.3111
judi,34,8.3657
judicial,7,9.8411
judiciary,1,11.2273
judish,1,11.2273
judith,2,10.8218
judkins,1,11.2273
judson,2,10.8218
judy,34,8.3657
judys,34,8.3657
juez,1,11.2273
jug,1,11.2273
juggernaut,2,10.8218
juggle,1,11.2273
juggler,2,10.8218
juice,33,8.3947
juices,33,8.3947
juicy,1,11.2273
juke,2,10.8218
jukebox,1,11.2273
julbukk,1,11.2273
julep,1,11.2273
jules,29,8.5197
julia,39,8.2322
julian,5,10.1288
juliana,1,11.2273
julianna,1,11.2273
julianne,2,10.8218
julie,188,6.6821
julien,4,10.3111
julies,188,6.6821
juliet,14,9.2126
juliette,6,9.9746
julio,4,10.3111
julius,39,8.2322
julliard,1,11.2273
july,188,6.6821
julys,188,6.6821
jumba,1,11.2273
jumbo,1,11.2273
jumeirah,2,10.8218
jump,63,7.7627
jumped,63,7.7627
jumper,10,9.5227
jumpers,10,9.5227
jumping,63,7.7627
jumpman,1,11.2273
jumpoing,1,11.2273
jumpped,63,7.7627
jumpsuit,1,11.2273
jun,146,6.9326
junction,13,9.2816
jund,1,11.2273
june,146,6.9326
juneau,5,10.1288
jung,3,10.5342
jungian,1,11.2273
jungle,19,8.925
junichiro,2,10.8218
junior,25,8.6628
juniors,25,8.6628
junk,1,11.2273
junkie,10,9.5227
junkies,10,9.5227
junko,3,10.5342
junkyard,1,11.2273
juno,13,9.2816
junos,13,9.2816
junyo,1,11.2273
jupiter,52,7.9511
jupiters,52,7.9511
jurassic,24,8.702
jure,1,11.2273
jurisdiction,1,11.2273
jurist,1,11.2273
jurong,1,11.2273
juror,9,9.618
jury,2,10.8218
justice,18,8.9763
justices,18,8.9763
justification,1,11.2273
justified,5,10.1288
justifies,5,10.1288
justify,5,10.1288
justin,24,8.702
justinian,2,10.8218
justins,24,8.702
justus,5,10.1288
jute,3,10.5342
juterkilian,1,11.2273
jutes,3,10.5342
jutland,2,10.8218
juts,3,10.5342
juustoleipa,1,11.2273
juvenile,4,10.3111
juvenots,1,11.2273
juventud,1,11.2273
juventus,3,10.5342
juwanna,1,11.2273
jvc,1,11.2273
jw,1,11.2273
jy1,1,11.2273
k,75,7.591
k07599,1,11.2273
k2,10,9.5227
k3,1,11.2273
k4,2,10.8218
k5,1,11.2273
k77,1,11.2273
ka,13,9.2816
kaapstad,1,11.2273
kabaddi,1,11.2273
kabbalah,1,11.2273
kabob,1,11.2273
kabukuri,1,11.2273
kabul,4,10.3111
kaching,1,11.2273
kaczmarek,1,11.2273
kaczynski,2,10.8218
kadambari,1,11.2273
kadema,1,11.2273
kadiddlehopper,1,11.2273
kadima,1,11.2273
kadis,1,11.2273
kaede,2,10.8218
kaffee,1,11.2273
kafka,3,10.5342
kafkas,3,10.5342
kagiso,1,11.2273
kagyu,1,11.2273
kahfre,1,11.2273
kahless,1,11.2273
kahlua,5,10.1288
kahn,5,10.1288
kahne,5,10.1288
kahoy,1,11.2273
kai,13,9.2816
kaifeng,1,11.2273
kailua,1,11.2273
kainji,1,11.2273
kaiseki,1,11.2273
kaiser,2,10.8218
kaiten,1,11.2273
kajol,1,11.2273
kajukenbo,1,11.2273
kakadu,1,11.2273
kakapo,2,10.8218
kakashi,3,10.5342
kaknsas,1,11.2273
kakuna,1,11.2273
kakwa,1,11.2273
kal,8,9.7233
kala,1,11.2273
kalahari,1,11.2273
kalendae,1,11.2273
kalevala,2,10.8218
kali,1,11.2273
kaliapparat,1,11.2273
kalidasa,1,11.2273
kalidor,1,11.2273
kalimantan,1,11.2273
kaliningrad,1,11.2273
kallikantzaroi,1,11.2273
kalling,1,11.2273
kalnapilis,1,11.2273
kalomoira,1,11.2273
kalonji,1,11.2273
kalou,1,11.2273
kam,1,11.2273
kama,1,11.2273
kamchatka,2,10.8218
kamel,1,11.2273
kameston,1,11.2273
kameya,1,11.2273
kami,2,10.8218
kamichama,5,10.1288
kamikaze,4,10.3111
kamino,1,11.2273
kaminoans,1,11.2273
kamins,1,11.2273
kaminsky,1,11.2273
kamma,1,11.2273
kamon,1,11.2273
kamp,2,10.8218
kampala,2,10.8218
kampf,2,10.8218
kampuchea,1,11.2273
kamsko,1,11.2273
kan,22,8.7853
kanakaredes,1,11.2273
kanal,1,11.2273
kanata,2,10.8218
kander,2,10.8218
kane,22,8.7853
kanes,22,8.7853
kang,1,11.2273
kangaroo,35,8.3375
kangaroos,35,8.3375
kangas,1,11.2273
kaniatarowanenneh,2,10.8218
kanisky,1,11.2273
kanji,1,11.2273
kansas,56,7.8784
kant,11,9.4357
kanye,1,11.2273
kaolin,1,11.2273
kaos,4,10.3111
kapi,1,11.2273
kaplan,1,11.2273
kaplin,1,11.2273
kapowski,1,11.2273
kappa,2,10.8218
kara,1,11.2273
karaage,1,11.2273
karachi,1,11.2273
karageorgio,1,11.2273
karaite,1,11.2273
karakorum,1,11.2273
karamazov,3,10.5342
karamchand,1,11.2273
karaoke,1,11.2273
karate,11,9.4357
karayusuf,1,11.2273
karazy,2,10.8218
karbala,2,10.8218
kardashev,1,11.2273
kareem,6,9.9746
karen,20,8.8763
karenina,2,10.8218
karens,20,8.8763
karimov,1,11.2273
karin,8,9.7233
karinaxavier,1,11.2273
karine,8,9.7233
karins,8,9.7233
karkaroffs,2,10.8218
karl,60,7.8106
karla,1,11.2273
karloff,9,9.618
karloffs,9,9.618
karlovy,1,11.2273
karlsruhe,1,11.2273
karma,2,10.8218
karmaja,1,11.2273
karmapa,1,11.2273
karnak,1,11.2273
karol,2,10.8218
karolina,1,11.2273
karras,1,11.2273
karri,2,10.8218
karry,2,10.8218
karryall,1,11.2273
karst,1,11.2273
kart,22,8.7853
karting,22,8.7853
karts,22,8.7853
kasdan,1,11.2273
kasem,1,11.2273
kaserne,1,11.2273
kasey,2,10.8218
kashmir,3,10.5342
kashyyyk,1,11.2273
kaskaspakte,1,11.2273
kasner,1,11.2273
kasparov,1,11.2273
kassaman,1,11.2273
kassandra,1,11.2273
kasseri,1,11.2273
kasson,1,11.2273
kastalia,1,11.2273
kasyanov,1,11.2273
kat,67,7.7021
kata,1,11.2273
kataras,1,11.2273
kate,67,7.7021
katerina,1,11.2273
kates,67,7.7021
katey,1,11.2273
kath,9,9.618
katharine,10,9.5227
katherine,14,9.2126
kathie,13,9.2816
kathleen,11,9.4357
kathmandu,3,10.5342
kathryn,5,10.1288
kaths,9,9.618
kathy,13,9.2816
katic,1,11.2273
katie,16,9.0875
katieoakman,1,11.2273
katmai,2,10.8218
katmandu,1,11.2273
katniss,7,9.8411
katrina,7,9.8411
katsopolis,1,11.2273
katt,2,10.8218
katun,1,11.2273
katy,16,9.0875
katyusha,1,11.2273
kauai,2,10.8218
kauffman,3,10.5342
kaunas,1,11.2273
kautilya,1,11.2273
kavala,1,11.2273
kavanaugh,1,11.2273
kavir,1,11.2273
kavula,1,11.2273
kawaja,1,11.2273
kay,13,9.2816
kaye,1,11.2273
kays,13,9.2816
kazakhstan,3,10.5342
kazakhstani,1,11.2273
kazakov,1,11.2273
kazan,1,11.2273
kazanlak,1,11.2273
kazi,1,11.2273
kazikuga,1,11.2273
kazimir,1,11.2273
kazoku,1,11.2273
kazooie,6,9.9746
kazune,3,10.5342
kazunes,3,10.5342
kazuyoshi,1,11.2273
kb3,1,11.2273
kb4,1,11.2273
kbach,1,11.2273
kbbl,1,11.2273
kc,4,10.3111
kcal,2,10.8218
kdka,2,10.8218
ke,3,10.5342
ke19,1,11.2273
kea,6,9.9746
keach,1,11.2273
keanan,1,11.2273
keanu,30,8.487
kearney,1,11.2273
keaton,26,8.6251
keatons,26,8.6251
keats,1,11.2273
kebir,1,11.2273
keeler,1,11.2273
keely,3,10.5342
keen,7,9.8411
keenan,2,10.8218
keene,7,9.8411
keenen,2,10.8218
keep,66,7.7169
keeper,7,9.8411
keeping,66,7.7169
keeps,66,7.7169
keesha,1,11.2273
kefar,1,11.2273
kefka,1,11.2273
kei,40,8.2076
keibler,1,11.2273
keifer,2,10.8218
keira,2,10.8218
keisha,1,11.2273
keith,30,8.487
kejonuma,1,11.2273
kel,11,9.4357
kelan,1,11.2273
kelevra,1,11.2273
kelis,1,11.2273
kelita,1,11.2273
kellaway,1,11.2273
keller,5,10.1288
kellerman,1,11.2273
kelley,3,10.5342
kelli,94,7.3682
kellie,94,7.3682
kelloggs,2,10.8218
kells,1,11.2273
kelly,94,7.3682
kellys,94,7.3682
kelp,3,10.5342
kels,11,9.4357
kelsey,3,10.5342
kelso,3,10.5342
kelsos,3,10.5342
kelvin,5,10.1288
kemal,2,10.8218
kemet,1,11.2273
kemi,1,11.2273
kemiri,1,11.2273
kemp,2,10.8218
kempe,2,10.8218
ken,24,8.702
kenai,1,11.2273
kenan,8,9.7233
kenans,8,9.7233
kendra,1,11.2273
kenesaw,2,10.8218
kenickie,2,10.8218
kennan,1,11.2273
kennedy,78,7.5524
kennedys,78,7.5524
kenneth,3,10.5342
kenney,1,11.2273
kenntniss,1,11.2273
kenny,16,9.0875
kenobi,6,9.9746
kenobis,6,9.9746
kenosha,1,11.2273
kenreimonin,1,11.2273
kenseth,1,11.2273
kenshi,1,11.2273
kenshin,5,10.1288
kenshins,5,10.1288
kensington,4,10.3111
kent,15,9.1481
kente,15,9.1481
kentuckian,1,11.2273
kentucky,38,8.2575
kenwa,1,11.2273
kenya,12,9.3557
kenyan,1,11.2273
kenyas,12,9.3557
kepler,303,6.2089
keppel,1,11.2273
kept,19,8.925
kerala,1,11.2273
keratin,2,10.8218
kerby,1,11.2273
kerchief,1,11.2273
kerensa,1,11.2273
kerensky,1,11.2273
keri,1,11.2273
kerkira,1,11.2273
kermit,10,9.5227
kern,6,9.9746
kernels,3,10.5342
kerns,6,9.9746
kerosene,1,11.2273
kerouac,2,10.8218
kerr,1,11.2273
kerri,3,10.5342
kerrigan,3,10.5342
kerry,3,10.5342
kershner,1,11.2273
kervin,1,11.2273
kes,3,10.5342
keseys,2,10.8218
keshi,1,11.2273
kessler,2,10.8218
ketchikan,1,11.2273
ketchum,3,10.5342
ketchup,3,10.5342
kettinger,1,11.2273
kettle,3,10.5342
kev,1,11.2273
kevin,69,7.6732
kevins,69,7.6732
kevlar,4,10.3111
key,40,8.2076
keyboard,21,8.8298
keyboardist,7,9.8411
keyboards,21,8.8298
keyed,40,8.2076
keyes,1,11.2273
keynote,1,11.2273
keys,40,8.2076
keyser,1,11.2273
keystone,1,11.2273
kf,15,9.1481
kfc,2,10.8218
kg,16,9.0875
kgb,1,11.2273
kh19,1,11.2273
khachaturian,1,11.2273
khadijah,1,11.2273
khafra,1,11.2273
khaimah,1,11.2273
khakis,1,11.2273
khan,11,9.4357
khanand,1,11.2273
khanate,1,11.2273
khanka,1,11.2273
khanom,2,10.8218
khans,11,9.4357
khaqq,1,11.2273
kharlamov,1,11.2273
khartoum,4,10.3111
khaury,1,11.2273
khayyam,1,11.2273
khionia,1,11.2273
khitan,1,11.2273
khlebnikov,1,11.2273
khmer,2,10.8218
kho,1,11.2273
khoisan,2,10.8218
khomeini,2,10.8218
khomenei,1,11.2273
khorsk,1,11.2273
khrushchev,4,10.3111
khubla,2,10.8218
khufu,4,10.3111
khushwant,1,11.2273
khwarizmi,1,11.2273
khz,1,11.2273
ki,4,10.3111
kibbeh,1,11.2273
kibbutz,1,11.2273
kick,23,8.7428
kickboxing,2,10.8218
kicked,23,8.7428
kicker,7,9.8411
kickers,7,9.8411
kicking,23,8.7428
kicks,23,8.7428
kid,122,7.1104
kidd,4,10.3111
kidder,1,11.2273
kidding,122,7.1104
kidman,13,9.2816
kidmans,13,9.2816
kidnapped,19,8.925
kidnappers,2,10.8218
kidnapping,19,8.925
kidnaps,19,8.925
kidney,9,9.618
kidneys,9,9.618
kids,122,7.1104
kiefer,14,9.2126
kiel,1,11.2273
kielce,1,11.2273
kier,1,11.2273
kiera,1,11.2273
kierkegaard,1,11.2273
kies,4,10.3111
kiev,4,10.3111
kievan,1,11.2273
kigali,4,10.3111
kihei,1,11.2273
kihunters,1,11.2273
kikazaru,1,11.2273
kilauea,1,11.2273
kildare,1,11.2273
kilgore,1,11.2273
kilika,1,11.2273
kilimanjaro,4,10.3111
kilise,1,11.2273
kiljaeden,1,11.2273
kill,309,6.1894
killdeer,1,11.2273
killed,309,6.1894
killer,66,7.7169
killer7,7,9.8411
killers,66,7.7169
killface,1,11.2273
killin,1,11.2273
killing,309,6.1894
killings,309,6.1894
killjoy,1,11.2273
kills,309,6.1894
kilmer,14,9.2126
kiln,1,11.2273
kilo,1,11.2273
kilogram,2,10.8218
kilograms,2,10.8218
kilometer,11,9.4357
kilometers,11,9.4357
kilometre,6,9.9746
kilometres,6,9.9746
kilt,1,11.2273
kim,50,7.9895
kimball,7,9.8411
kimberly,3,10.5342
kimble,2,10.8218
kimi,1,11.2273
kimmel,1,11.2273
kims,50,7.9895
kin,4,10.3111
kina,1,11.2273
kind,260,6.3606
kinda,2,10.8218
kinder,1,11.2273
kindergarten,1,11.2273
kindly,1,11.2273
kindness,260,6.3606
kindred,2,10.8218
kindreds,2,10.8218
kinds,260,6.3606
kinematographic,1,11.2273
kiner,1,11.2273
kinetic,1,11.2273
kinetograph,1,11.2273
kinetoscope,1,11.2273
king,524,5.6665
kingdom,90,7.4112
kingdoms,90,7.4112
kingman,2,10.8218
kingpin,8,9.7233
kings,524,5.6665
kingsley,1,11.2273
kingsmen,2,10.8218
kingston,5,10.1288
kingstown,2,10.8218
kinim,1,11.2273
kiniski,1,11.2273
kinison,1,11.2273
kinks,8,9.7233
kinnel,1,11.2273
kino,1,11.2273
kinsella,3,10.5342
kinsellas,3,10.5342
kinsey,1,11.2273
kinshasa,3,10.5342
kinsky,1,11.2273
kinsman,1,11.2273
kint,1,11.2273
kinzcash,2,10.8218
kinzstyle,1,11.2273
kinztunes,1,11.2273
kinzville,2,10.8218
kiondo,1,11.2273
kiosk,1,11.2273
kiowa,1,11.2273
kip,13,9.2816
kipling,3,10.5342
kiplings,3,10.5342
kippes,1,11.2273
kippur,4,10.3111
kips,13,9.2816
kiran,1,11.2273
kirby,8,9.7233
kirbys,8,9.7233
kiribati,4,10.3111
kirika,1,11.2273
kirin,1,11.2273
kirio,1,11.2273
kirjailijoita,2,10.8218
kirk,42,8.16
kirkpatrick,1,11.2273
kirks,42,8.16
kirlia,1,11.2273
kirov,1,11.2273
kirsten,4,10.3111
kirstie,3,10.5342
kirsty,3,10.5342
kirt,1,11.2273
kisho,1,11.2273
kiske,1,11.2273
kismet,3,10.5342
kiss,103,7.2779
kissed,103,7.2779
kisses,103,7.2779
kissing,103,7.2779
kissinger,4,10.3111
kisstomery,1,11.2273
kit,13,9.2816
kita,1,11.2273
kitaen,1,11.2273
kitanglad,1,11.2273
kitchen,9,9.618
kite,13,9.2816
kits,13,9.2816
kitt,4,10.3111
kitten,8,9.7233
kittens,8,9.7233
kittis,18,8.9763
kitts,4,10.3111
kitty,18,8.9763
kittypet,1,11.2273
kittys,18,8.9763
kittywizardodopolis,1,11.2273
kitzbuhel,1,11.2273
kiviuq,1,11.2273
kiwi,5,10.1288
kiwis,5,10.1288
kj,1,11.2273
kkk,1,11.2273
klaatu,1,11.2273
klan,1,11.2273
klansman,2,10.8218
klaproth,1,11.2273
klaus,5,10.1288
klauss,1,11.2273
kle,3,10.5342
klee,3,10.5342
kleeberg,1,11.2273
kleewyck,1,11.2273
kleicha,1,11.2273
klein,13,9.2816
kleiser,1,11.2273
klemm,1,11.2273
klepon,1,11.2273
kleptomaniac,1,11.2273
klimov,1,11.2273
kline,4,10.3111
klinger,1,11.2273
klingon,4,10.3111
klingons,4,10.3111
klinton,1,11.2273
klm,1,11.2273
klompe,1,11.2273
klondike,4,10.3111
klootschieten,1,11.2273
klose,1,11.2273
klosr,1,11.2273
klotho,1,11.2273
klowns,1,11.2273
klugman,3,10.5342
klum,2,10.8218
klux,1,11.2273
km,43,8.137
kmt,1,11.2273
knack,6,9.9746
knapp,1,11.2273
knauss,1,11.2273
kneaded,1,11.2273
knee,8,9.7233
kneecap,1,11.2273
kneel,2,10.8218
kneeling,2,10.8218
knees,8,9.7233
knell,1,11.2273
knesset,1,11.2273
knew,18,8.9763
knick,6,9.9746
knicks,6,9.9746
knife,18,8.9763
knight,75,7.591
knighted,75,7.591
knightfall,1,11.2273
knighthood,1,11.2273
knightley,2,10.8218
knightleys,2,10.8218
knights,75,7.591
knipp,1,11.2273
knishes,1,11.2273
knit,6,9.9746
knits,6,9.9746
knitting,6,9.9746
knitwear,1,11.2273
knives,1,11.2273
knob,2,10.8218
knock,12,9.3557
knocked,12,9.3557
knockin,3,10.5342
knocking,12,9.3557
knockout,1,11.2273
knockturn,1,11.2273
knopfler,1,11.2273
knot,8,9.7233
knots,8,9.7233
knotts,5,10.1288
knowing,22,8.7853
knowledge,17,9.0304
knowledgeable,17,9.0304
knowles,6,9.9746
known,957,5.0727
knows,22,8.7853
knoxville,3,10.5342
knuckle,2,10.8218
knucklehead,1,11.2273
knuckles,2,10.8218
knushevia,1,11.2273
knute,2,10.8218
knuth,5,10.1288
ko,4,10.3111
koala,17,9.0304
koalas,17,9.0304
koan,1,11.2273
kobe,23,8.7428
koblenz,1,11.2273
kobold,1,11.2273
kobrakai,1,11.2273
koch,1,11.2273
kocham,1,11.2273
kodak,1,11.2273
kodaly,1,11.2273
kodiak,2,10.8218
koenigsegg,1,11.2273
kofi,1,11.2273
koh,1,11.2273
kohala,1,11.2273
kohl,1,11.2273
kohn,1,11.2273
kohoutek,45,8.0926
koi,2,10.8218
koicha,1,11.2273
koizumi,1,11.2273
kojak,6,9.9746
kojaks,6,9.9746
koji,1,11.2273
kojiki,1,11.2273
kokhav,1,11.2273
kokkoh,1,11.2273
koko,2,10.8218
kokoro,1,11.2273
kolb,2,10.8218
kolchak,8,9.7233
kolchaks,8,9.7233
kolff,2,10.8218
kolga,1,11.2273
kolov,1,11.2273
kom,2,10.8218
komarovsky,1,11.2273
kombat,3,10.5342
kome,2,10.8218
komensk,1,11.2273
komfortabel,1,11.2273
kommen,1,11.2273
kommissar,1,11.2273
komodo,10,9.5227
kon,2,10.8218
kona,1,11.2273
konan,1,11.2273
kond,1,11.2273
kong,23,8.7428
kongs,23,8.7428
konigsberg,1,11.2273
konr,1,11.2273
konrad,2,10.8218
konrei,1,11.2273
konstantin,2,10.8218
konya,1,11.2273
koo,1,11.2273
kookaburra,1,11.2273
kool,5,10.1288
koon,3,10.5342
kooning,3,10.5342
koons,3,10.5342
koontz,9,9.618
koontzs,9,9.618
koopa,2,10.8218
koopas,2,10.8218
koosman,2,10.8218
koothrapalli,1,11.2273
kopell,1,11.2273
kopelman,1,11.2273
kopff,32,8.4245
kopi,1,11.2273
kopperud,1,11.2273
kordofan,1,11.2273
korea,36,8.3102
korean,33,8.3947
korfball,2,10.8218
korff,1,11.2273
korih,1,11.2273
korn,16,9.0875
kornigou,2,10.8218
korns,16,9.0875
korolyovs,1,11.2273
korona,1,11.2273
korotkoff,1,11.2273
korsakov,2,10.8218
koruna,3,10.5342
koryaksky,1,11.2273
korzeniowski,1,11.2273
kos,4,10.3111
kosar,1,11.2273
kosciuszko,1,11.2273
kosher,5,10.1288
kosice,1,11.2273
kosnowski,1,11.2273
kosovo,2,10.8218
kostinsky,1,11.2273
koto,2,10.8218
kotor,1,11.2273
kotte,1,11.2273
kotter,18,8.9763
kotters,18,8.9763
koufax,3,10.5342
kournikova,1,11.2273
kov,1,11.2273
kovacs,1,11.2273
kovalev,1,11.2273
kovalevskaya,1,11.2273
kovic,1,11.2273
kowal,1,11.2273
kowalewicz,1,11.2273
kowalska,1,11.2273
kowalski,1,11.2273
kowtow,2,10.8218
kozi,1,11.2273
kp,1,11.2273
kr,2,10.8218
krab,4,10.3111
krabbs,1,11.2273
krabby,1,11.2273
krabs,4,10.3111
krabss,1,11.2273
kraepelin,1,11.2273
krahule,1,11.2273
krai,1,11.2273
kraid,2,10.8218
krak,2,10.8218
krakatau,1,11.2273
krakatoa,1,11.2273
kraken,1,11.2273
krakow,1,11.2273
krama,1,11.2273
kramden,9,9.618
kramdens,9,9.618
kramer,34,8.3657
kramers,34,8.3657
krang,1,11.2273
krantz,1,11.2273
krapps,1,11.2273
kraset,1,11.2273
krasinski,5,10.1288
krasinskis,5,10.1288
krater,1,11.2273
krause,2,10.8218
krauses,2,10.8218
kravitz,3,10.5342
kremikovtzi,1,11.2273
kremlin,1,11.2273
krendler,1,11.2273
krenkl,1,11.2273
kresges,1,11.2273
krewe,1,11.2273
kricfalusi,1,11.2273
krieger,1,11.2273
krilencu,1,11.2273
krill,1,11.2273
kringle,2,10.8218
kris,5,10.1288
krishan,1,11.2273
krishna,9,9.618
krispy,1,11.2273
kriss,1,11.2273
krist,1,11.2273
kristal,1,11.2273
kristatos,1,11.2273
kristen,8,9.7233
kristens,8,9.7233
kristi,2,10.8218
kristin,1,11.2273
kristina,2,10.8218
kristy,2,10.8218
kriticos,1,11.2273
kritikos,1,11.2273
kroger,1,11.2273
krona,2,10.8218
krone,6,9.9746
kronos,3,10.5342
kronthaler,1,11.2273
kropotkin,1,11.2273
kross,1,11.2273
krueger,7,9.8411
kruegers,7,9.8411
kruger,1,11.2273
krum,2,10.8218
krumlov,1,11.2273
krupuk,1,11.2273
krusen,1,11.2273
krustofski,1,11.2273
krusty,7,9.8411
krustys,7,9.8411
krwling,1,11.2273
kry,1,11.2273
kryl,1,11.2273
kryll,1,11.2273
krypton,2,10.8218
kryptonite,2,10.8218
kryptopterus,1,11.2273
krystal,1,11.2273
ksumadness,1,11.2273
kt,1,11.2273
kting,1,11.2273
ku,1,11.2273
kuala,3,10.5342
kubla,2,10.8218
kublai,1,11.2273
kubrick,17,9.0304
kubricks,17,9.0304
kuchen,1,11.2273
kuge,1,11.2273
kujan,1,11.2273
kukla,1,11.2273
kul,1,11.2273
kuleshov,1,11.2273
kulibin,1,11.2273
kull,1,11.2273
kullen,1,11.2273
kulm,1,11.2273
kultida,2,10.8218
kumar,1,11.2273
kumiss,1,11.2273
kumite,1,11.2273
kummer,2,10.8218
kun,1,11.2273
kundalini,1,11.2273
kundiman,1,11.2273
kundun,1,11.2273
kung,10,9.5227
kunik,1,11.2273
kunis,1,11.2273
kunlun,1,11.2273
kurast,1,11.2273
kurdish,2,10.8218
kuril,1,11.2273
kurilian,1,11.2273
kurkova,1,11.2273
kuro,1,11.2273
kurokawa,1,11.2273
kurosawas,1,11.2273
kurt,29,8.5197
kurten,1,11.2273
kurtz,2,10.8218
kuryakin,1,11.2273
kurz,1,11.2273
kusche,2,10.8218
kushina,1,11.2273
kutafin,1,11.2273
kutcher,4,10.3111
kutchers,4,10.3111
kutiyapi,1,11.2273
kuwait,5,10.1288
kuwaiti,2,10.8218
kuypers,1,11.2273
kuznietzova,1,11.2273
kwacha,3,10.5342
kwai,1,11.2273
kwame,2,10.8218
kwan,4,10.3111
kwanza,1,11.2273
kwoleks,1,11.2273
kwon,1,11.2273
ky,5,10.1288
kyat,1,11.2273
kybo,1,11.2273
kyiv,1,11.2273
kyla,1,11.2273
kyle,23,8.7428
kyles,23,8.7428
kylie,12,9.3557
kyoki,2,10.8218
kyoto,4,10.3111
kyphophobia,1,11.2273
kypria,1,11.2273
kyra,2,10.8218
kyrgyz,1,11.2273
kyrgyzstan,2,10.8218
kyriacos,1,11.2273
kyrie,3,10.5342
kythira,1,11.2273
kyu,1,11.2273
kyur4,1,11.2273
kyuubi,1,11.2273
kyyubi,1,11.2273
l,78,7.5524
l1,1,11.2273
l102114,1,11.2273
l102607,1,11.2273
l116991,1,11.2273
l124593,1,11.2273
l2,1,11.2273
l220753,1,11.2273
l3,1,11.2273
l408325,1,11.2273
la,132,7.0325
la54,1,11.2273
lab,8,9.7233
labar,1,11.2273
labarbara,1,11.2273
label,38,8.2575
labeled,38,8.2575
labeling,38,8.2575
labelle,38,8.2575
labelled,38,8.2575
labels,38,8.2575
labeorphilist,1,11.2273
labianca,1,11.2273
labio,1,11.2273
labor,17,9.0304
labora,1,11.2273
laboratory,4,10.3111
labors,17,9.0304
labour,4,10.3111
labrador,7,9.8411
labs,8,9.7233
labyrinth,2,10.8218
lace,14,9.2126
lacerta,1,11.2273
lacey,2,10.8218
laceys,2,10.8218
lachanophobia,1,11.2273
lachesis,1,11.2273
lack,21,8.8298
lacking,21,8.8298
lacks,21,8.8298
laconia,1,11.2273
lacoste,9,9.618
lacrimal,3,10.5342
lacrimation,3,10.5342
lacrosse,8,9.7233
lactase,1,11.2273
lactation,1,11.2273
lactic,2,10.8218
lacto,1,11.2273
lactose,3,10.5342
lacy,1,11.2273
lad,2,10.8218
ladainian,2,10.8218
ladder,6,9.9746
laden,6,9.9746
ladens,6,9.9746
ladies,215,6.549
ladino,3,10.5342
ladle,2,10.8218
ladles,2,10.8218
lady,215,6.549
ladybug,3,10.5342
ladyland,1,11.2273
ladys,215,6.549
lae,132,7.0325
laevigata,1,11.2273
lafawnda,2,10.8218
lafawndas,2,10.8218
lafawnduh,1,11.2273
lafayette,2,10.8218
laforce,1,11.2273
laforet,1,11.2273
lag,1,11.2273
lager,5,10.1288
lagerberg,1,11.2273
lagerfeld,1,11.2273
lagoon,3,10.5342
lagoons,3,10.5342
lagos,1,11.2273
lagrange,1,11.2273
laguna,2,10.8218
lahaina,1,11.2273
lahore,1,11.2273
lai,28,8.5536
laid,7,9.8411
laika,2,10.8218
laine,1,11.2273
lainey,1,11.2273
laird,2,10.8218
lait,1,11.2273
lajoie,1,11.2273
lakandula,1,11.2273
lake,109,7.2219
lakeboat,1,11.2273
lakehead,1,11.2273
lakehurst,2,10.8218
lakeland,3,10.5342
laker,10,9.5227
lakers,10,9.5227
lakes,109,7.2219
lakota,1,11.2273
lakshmi,1,11.2273
lallegro,1,11.2273
lalma,1,11.2273
lam,1,11.2273
lama,23,8.7428
lamar,2,10.8218
lamarr,7,9.8411
lamarrs,7,9.8411
lamas,23,8.7428
lamb,21,8.8298
lambada,1,11.2273
lamborghini,3,10.5342
lambs,21,8.8298
lament,6,9.9746
lamentations,6,9.9746
lamenting,6,9.9746
lamian,2,10.8218
laminar,1,11.2273
laminsoff,1,11.2273
lammas,1,11.2273
lamont,3,10.5342
lamotta,3,10.5342
lamottas,3,10.5342
lamour,1,11.2273
lamp,8,9.7233
lamperouge,1,11.2273
lampoon,19,8.925
lampooning,19,8.925
lampoons,19,8.925
lamprey,1,11.2273
lamps,8,9.7233
lan,21,8.8298
lana,6,9.9746
lanai,2,10.8218
lanas,6,9.9746
lancashire,1,11.2273
lancaster,1,11.2273
lance,13,9.2816
lancelot,12,9.3557
lancet,1,11.2273
lancifolium,1,11.2273
land,169,6.7877
landed,169,6.7877
landen,1,11.2273
lander,2,10.8218
landers,2,10.8218
landesberg,1,11.2273
landfall,3,10.5342
landfill,1,11.2273
landford,1,11.2273
landholder,1,11.2273
landing,169,6.7877
landis,4,10.3111
landlady,3,10.5342
landlocked,25,8.6628
landlord,3,10.5342
landmark,24,8.702
landmarks,24,8.702
landmass,2,10.8218
landmasses,2,10.8218
landmines,1,11.2273
lando,1,11.2273
landon,4,10.3111
landor,1,11.2273
landowner,2,10.8218
landry,2,10.8218
lands,169,6.7877
landsberg,1,11.2273
landslide,7,9.8411
landslides,7,9.8411
lane,21,8.8298
lanes,21,8.8298
lanford,3,10.5342
lanfranc,1,11.2273
lang,10,9.5227
langara,1,11.2273
langdon,2,10.8218
lange,10,9.5227
langella,1,11.2273
langerhans,4,10.3111
langes,10,9.5227
langevin,1,11.2273
langhorne,1,11.2273
langi,1,11.2273
langston,1,11.2273
language,333,6.1153
languages,333,6.1153
languedoc,2,10.8218
lanhydrock,1,11.2273
lanier,3,10.5342
lanigera,2,10.8218
lanka,17,9.0304
lankan,3,10.5342
lansbury,1,11.2273
lansen,1,11.2273
lanshan,1,11.2273
lansing,3,10.5342
lantau,1,11.2273
lantern,7,9.8411
lanternfish,1,11.2273
lanterns,7,9.8411
lanthanoids,1,11.2273
lanthanum,1,11.2273
lanugo,1,11.2273
lao,12,9.3557
laos,12,9.3557
laotian,1,11.2273
laozi,1,11.2273
lap,1,11.2273
lapaz,1,11.2273
lapd,1,11.2273
lapin,1,11.2273
laptop,4,10.3111
lara,4,10.3111
larb,1,11.2273
lardie,1,11.2273
lares,5,10.1288
large,161,6.8357
largely,161,6.8357
larger,19,8.925
largest,537,5.6422
lari,1,11.2273
lario,1,11.2273
larion,1,11.2273
larisa,1,11.2273
larissa,2,10.8218
lark,3,10.5342
larocque,1,11.2273
larroquette,7,9.8411
larroquettes,7,9.8411
larry,75,7.591
larrys,75,7.591
lars,5,10.1288
larsa,1,11.2273
larsen,1,11.2273
larson,6,9.9746
larsons,6,9.9746
larsson,1,11.2273
larva,3,10.5342
larvae,3,10.5342
laryngeal,2,10.8218
las,132,7.0325
lasagna,1,11.2273
lasca,1,11.2273
laser,10,9.5227
lask,1,11.2273
lasker,1,11.2273
lasorda,1,11.2273
lassie,14,9.2126
lasso,2,10.8218
last,571,5.5816
lasted,571,5.5816
lasting,571,5.5816
lasts,571,5.5816
laszlo,2,10.8218
latavia,1,11.2273
latcherie,1,11.2273
late,101,7.2973
latecomer,1,11.2273
lately,101,7.2973
later,104,7.2683
lateral,104,7.2683
lateran,2,10.8218
latest,1,11.2273
latex,3,10.5342
latgalian,1,11.2273
lathan,1,11.2273
lathe,1,11.2273
latifah,2,10.8218
latimores,2,10.8218
latin,114,7.1775
latine,114,7.1775
latinized,114,7.1775
latino,2,10.8218
latitude,4,10.3111
latitudes,4,10.3111
latitudinal,1,11.2273
latka,1,11.2273
latman,1,11.2273
latt,2,10.8218
lattanzi,1,11.2273
latte,2,10.8218
latteconomy,1,11.2273
latter,2,10.8218
lattu,1,11.2273
latvia,9,9.618
latynina,1,11.2273
laude,2,10.8218
lauder,1,11.2273
lauderdale,1,11.2273
laue,1,11.2273
laugh,13,9.2816
laughing,13,9.2816
laughlin,2,10.8218
laughophobia,1,11.2273
laughs,13,9.2816
laughter,8,9.7233
laughton,1,11.2273
launch,59,7.8271
launched,59,7.8271
launcher,4,10.3111
launchers,4,10.3111
launching,59,7.8271
launchpad,2,10.8218
laundromat,2,10.8218
laundry,1,11.2273
lauper,11,9.4357
laupers,11,9.4357
laura,28,8.5536
laureate,4,10.3111
laurel,19,8.925
laurell,19,8.925
lauren,7,9.8411
laurence,10,9.5227
laurent,1,11.2273
laurentia,2,10.8218
laurie,6,9.9746
laurier,6,9.9746
lauryn,11,9.4357
lausanne,1,11.2273
laut,1,11.2273
lava,1,11.2273
lavallee,1,11.2273
lavender,4,10.3111
laver,1,11.2273
laverne,11,9.4357
lavernes,11,9.4357
laverney,1,11.2273
lavibond,1,11.2273
lavin,2,10.8218
lavoisier,5,10.1288
lavra,1,11.2273
law,170,6.7818
lawar,1,11.2273
lawd,1,11.2273
lawgiver,1,11.2273
lawkeeper,1,11.2273
lawn,5,10.1288
lawndale,1,11.2273
lawrence,45,8.0926
laws,170,6.7818
lawson,3,10.5342
lawsuit,2,10.8218
lawsuits,2,10.8218
lawton,2,10.8218
lawyer,54,7.9141
lawyers,54,7.9141
lax,5,10.1288
laxative,5,10.1288
lay,28,8.5536
layer,13,9.2816
layered,13,9.2816
layers,13,9.2816
laying,28,8.5536
layla,4,10.3111
layne,3,10.5342
lays,28,8.5536
layton,1,11.2273
lazarus,1,11.2273
lazarz,1,11.2273
lazenby,1,11.2273
lazy,6,9.9746
lazzeri,1,11.2273
lb,17,9.0304
lb54,1,11.2273
lbj,1,11.2273
lbs,17,9.0304
lbw,2,10.8218
lc3,1,11.2273
lcd,1,11.2273
lchaim,1,11.2273
lcm,1,11.2273
ldl,2,10.8218
le,182,6.7142
lea,1,11.2273
leach,2,10.8218
lead,296,6.232
leadbelly,1,11.2273
leader,140,6.9742
leaders,140,6.9742
leadership,2,10.8218
leading,296,6.232
leads,296,6.232
leadvile,3,10.5342
leadville,3,10.5342
leaf,9,9.618
leaflet,1,11.2273
leafpool,1,11.2273
leafs,9,9.618
league,225,6.5039
leaguer,225,6.5039
leaguers,225,6.5039
leagues,225,6.5039
leah,10,9.5227
leakey,3,10.5342
leaks,2,10.8218
lean,26,8.6251
leaning,26,8.6251
leann,5,10.1288
leanne,5,10.1288
leannes,5,10.1288
leap,18,8.9763
leapfrog,1,11.2273
leaping,18,8.9763
leaps,18,8.9763
lear,9,9.618
learn,51,7.9701
learned,51,7.9701
learners,1,11.2273
learning,51,7.9701
learns,51,7.9701
learnt,1,11.2273
lears,9,9.618
leary,1,11.2273
leased,1,11.2273
leash,3,10.5342
least,84,7.4793
leat,1,11.2273
leather,13,9.2816
leatherheads,2,10.8218
leatherjacket,1,11.2273
leatherstocking,1,11.2273
leathery,1,11.2273
leaud,1,11.2273
leave,190,6.6716
leaved,190,6.6716
leavening,2,10.8218
leaves,190,6.6716
leaving,190,6.6716
lebanese,2,10.8218
lebanon,12,9.3557
lebec,1,11.2273
lebedinskij,1,11.2273
leblanc,1,11.2273
lebowitzs,1,11.2273
lebowski,3,10.5342
lebron,1,11.2273
lech,2,10.8218
lechuga,1,11.2273
leclerc,2,10.8218
leclercs,2,10.8218
lecter,8,9.7233
lecture,3,10.5342
lectured,3,10.5342
lecturer,3,10.5342
led,173,6.7645
leda,1,11.2273
ledbetter,1,11.2273
lederhosen,1,11.2273
ledger,18,8.9763
ledgers,18,8.9763
ledoux,1,11.2273
lee,182,6.7142
leechers,1,11.2273
leeches,1,11.2273
leeds,3,10.5342
leela,1,11.2273
leeloo,1,11.2273
leenah,1,11.2273
lees,182,6.7142
leetch,1,11.2273
leeuwenhoek,2,10.8218
leeves,1,11.2273
lefevres,1,11.2273
lefse,1,11.2273
left,170,6.7818
leftovers,1,11.2273
lefty,8,9.7233
leg,51,7.9701
legacy,3,10.5342
legal,37,8.2835
legality,37,8.2835
legalization,37,8.2835
legalizing,37,8.2835
legally,37,8.2835
legavaan,1,11.2273
legend,170,6.7818
legendary,88,7.4334
legends,170,6.7818
legged,51,7.9701
leghorn,1,11.2273
legilimency,1,11.2273
legion,6,9.9746
legislation,12,9.3557
legislative,12,9.3557
legislature,2,10.8218
legit,1,11.2273
legitimate,2,10.8218
legman,1,11.2273
lego,8,9.7233
legolas,3,10.5342
legros,1,11.2273
legs,51,7.9701
leguizamo,1,11.2273
legumes,1,11.2273
lehigh,1,11.2273
lehrer,1,11.2273
lei,3,10.5342
leia,5,10.1288
leiber,2,10.8218
leibman,1,11.2273
leibnitz,2,10.8218
leibniz,7,9.8411
leicestershire,1,11.2273
leichhardt,1,11.2273
leiden,2,10.8218
leif,5,10.1288
leigh,11,9.4357
leiria,1,11.2273
leisure,3,10.5342
leitch,1,11.2273
lejeune,1,11.2273
lek,1,11.2273
lekker,1,11.2273
lektor,1,11.2273
lelisir,1,11.2273
lelouch,1,11.2273
lema,2,10.8218
lemaitre,1,11.2273
lemak,1,11.2273
lembas,1,11.2273
lemma,1,11.2273
lemmon,2,10.8218
lemnos,1,11.2273
lemon,13,9.2816
lemonade,4,10.3111
lemonhead,1,11.2273
lemons,13,9.2816
lemony,7,9.8411
lempira,3,10.5342
lemur,8,9.7233
lemurs,8,9.7233
len,7,9.8411
lena,16,9.0875
lenape,1,11.2273
lenard,1,11.2273
lencarter,1,11.2273
lend,5,10.1288
lends,5,10.1288
lengeh,1,11.2273
length,55,7.8961
lengthens,1,11.2273
lengths,55,7.8961
lengthy,1,11.2273
lenin,5,10.1288
leningrad,5,10.1288
lennard,1,11.2273
lenni,24,8.702
lennie,24,8.702
lennon,46,8.0711
lennons,46,8.0711
lennox,3,10.5342
lenny,24,8.702
lennys,24,8.702
leno,13,9.2816
lenoir,2,10.8218
lenore,1,11.2273
lenormand,1,11.2273
lenos,13,9.2816
lens,7,9.8411
lenses,3,10.5342
lent,8,9.7233
lentillifera,1,11.2273
lentils,3,10.5342
lenyd,1,11.2273
lenz,1,11.2273
leo,27,8.5887
leoanrd,1,11.2273
leon,21,8.8298
leonard,35,8.3375
leonardo,67,7.7021
leonardos,67,7.7021
leone,21,8.8298
leonhard,27,8.5887
leoni,2,10.8218
leonidas,1,11.2273
leoniff,1,11.2273
leonov,2,10.8218
leontine,1,11.2273
leopard,14,9.2126
leopards,14,9.2126
leopold,3,10.5342
leopoldo,1,11.2273
leos,27,8.5887
leotard,3,10.5342
lepidopterology,1,11.2273
lepina,1,11.2273
leporello,1,11.2273
leppard,4,10.3111
leprechaun,9,9.618
leprechauns,9,9.618
leprosy,3,10.5342
lepton,2,10.8218
leptons,2,10.8218
ler,1,11.2273
lerner,2,10.8218
leroy,12,9.3557
leroys,12,9.3557
les,182,6.7142
lesane,2,10.8218
lesanes,2,10.8218
lesbian,3,10.5342
lesbos,2,10.8218
lescaut,1,11.2273
lesh,2,10.8218
lesley,3,10.5342
leslie,10,9.5227
lesotho,5,10.1288
less,53,7.9324
lesser,4,10.3111
lessing,53,7.9324
lesson,10,9.5227
lessons,10,9.5227
lessor,2,10.8218
lestat,3,10.5342
leste,3,10.5342
lester,6,9.9746
lestotho,1,11.2273
lestrange,2,10.8218
lestranges,2,10.8218
lesueur,1,11.2273
let,95,7.3578
lethal,8,9.7233
lethality,8,9.7233
lethargy,1,11.2273
lethologica,1,11.2273
lethwei,1,11.2273
letitia,1,11.2273
leto,2,10.8218
lets,95,7.3578
letter,100,7.3071
letterboxing,1,11.2273
letterheads,1,11.2273
letterman,9,9.618
lettermen,1,11.2273
letters,100,7.3071
letting,95,7.3578
lettres,1,11.2273
lettuce,4,10.3111
leu,3,10.5342
leuja,1,11.2273
leukemia,2,10.8218
leukocytes,2,10.8218
leukophobia,1,11.2273
leuven,1,11.2273
lev,3,10.5342
levar,1,11.2273
level,66,7.7169
levels,66,7.7169
levenson,1,11.2273
levi,10,9.5227
leviathan,2,10.8218
levin,5,10.1288
levine,5,10.1288
levinson,1,11.2273
levis,10,9.5227
levitan,1,11.2273
levite,1,11.2273
levitt,1,11.2273
levoi,1,11.2273
levon,1,11.2273
levothyroxine,1,11.2273
levy,10,9.5227
lew,2,10.8218
lewbert,1,11.2273
lewd,2,10.8218
lewis,66,7.7169
lewiston,2,10.8218
lewotsky,1,11.2273
lewton,1,11.2273
lex,6,9.9746
lexell,1,11.2273
lexicon,1,11.2273
lexie,2,10.8218
lexington,4,10.3111
lexus,1,11.2273
lexy,2,10.8218
leykjastick,1,11.2273
leymano,1,11.2273
leyte,1,11.2273
leytonstone,1,11.2273
lfd,2,10.8218
lfd1,5,10.1288
lfd2,7,9.8411
lftaversg,1,11.2273
lga,1,11.2273
lh,1,11.2273
lhagba,2,10.8218
lhassa,1,11.2273
lhotse,2,10.8218
li,63,7.7627
lia,1,11.2273
liability,2,10.8218
liable,2,10.8218
liaisons,1,11.2273
liam,10,9.5227
lianne,1,11.2273
liao,1,11.2273
liar,11,9.4357
liars,11,9.4357
lib,1,11.2273
libation,1,11.2273
libbys,1,11.2273
libenice,1,11.2273
liberace,1,11.2273
liberal,18,8.9763
liberalism,18,8.9763
liberalization,18,8.9763
liberals,18,8.9763
liberated,18,8.9763
liberation,18,8.9763
liberia,4,10.3111
liberian,1,11.2273
libero,2,10.8218
libert,2,10.8218
libertad,2,10.8218
libertarian,1,11.2273
liberty,27,8.5887
libiamo,1,11.2273
libido,1,11.2273
libra,4,10.3111
librarian,4,10.3111
librarians,4,10.3111
libraries,7,9.8411
library,7,9.8411
libre,3,10.5342
libretto,1,11.2273
libreville,1,11.2273
libris,1,11.2273
libussa,1,11.2273
libya,11,9.4357
libyan,2,10.8218
licence,2,10.8218
licenced,2,10.8218
license,13,9.2816
licensed,13,9.2816
licenses,13,9.2816
licet,1,11.2273
lichtenberg,1,11.2273
licinius,1,11.2273
lick,6,9.9746
licking,6,9.9746
licks,6,9.9746
licorice,1,11.2273
lid,1,11.2273
lida,1,11.2273
liddell,1,11.2273
lidge,1,11.2273
lido,1,11.2273
lie,63,7.7627
liebe,1,11.2273
lieberman,1,11.2273
liebig,5,10.1288
liebknecht,1,11.2273
liebling,1,11.2273
liechtenstein,9,9.618
lied,63,7.7627
lien,1,11.2273
lies,63,7.7627
liesls,1,11.2273
lieutenant,14,9.2126
lieutenants,14,9.2126
liev,1,11.2273
life,414,5.8996
lifeboats,2,10.8218
lifeguard,2,10.8218
lifeless,1,11.2273
lifelike,1,11.2273
lifelong,5,10.1288
lifes,414,5.8996
lifespan,16,9.0875
lifestyle,4,10.3111
lifetime,16,9.0875
lift,13,9.2816
lifted,13,9.2816
lifting,13,9.2816
liftoff,1,11.2273
lifts,13,9.2816
ligament,3,10.5342
ligaments,3,10.5342
ligamentum,1,11.2273
liger,1,11.2273
light,155,6.8734
lightening,2,10.8218
lighter,2,10.8218
lightest,3,10.5342
lighthearted,1,11.2273
lighthouse,7,9.8411
lighting,155,6.8734
lightning,30,8.487
lights,155,6.8734
lightsaber,7,9.8411
lightsabers,7,9.8411
lightscribe,1,11.2273
lightspeed,2,10.8218
lightweight,3,10.5342
lightyear,1,11.2273
ligroin,1,11.2273
likable,2,10.8218
like,411,5.9068
liked,411,5.9068
likely,411,5.9068
likened,1,11.2273
likeness,411,5.9068
likes,411,5.9068
likud,3,10.5342
lil,9,9.618
lila,1,11.2273
lilac,3,10.5342
lilangeni,1,11.2273
lilapsophobia,1,11.2273
lili,19,8.925
liliaceae,2,10.8218
lilian,2,10.8218
lilienthal,5,10.1288
lilies,19,8.925
lilihammer,1,11.2273
lilith,1,11.2273
lilium,2,10.8218
lillard,1,11.2273
lillehie,1,11.2273
lillian,7,9.8411
lilliput,1,11.2273
lilly,13,9.2816
lillys,13,9.2816
lilo,8,9.7233
lilongwe,1,11.2273
lilos,8,9.7233
lily,19,8.925
lima,10,9.5227
limahl,1,11.2273
limasawa,1,11.2273
limassol,1,11.2273
limb,2,10.8218
limber,1,11.2273
limbo,2,10.8218
limburger,1,11.2273
lime,11,9.4357
limelight,1,11.2273
limerick,3,10.5342
limestone,3,10.5342
limit,16,9.0875
limited,16,9.0875
limits,16,9.0875
limnology,1,11.2273
limo,4,10.3111
limousine,1,11.2273
limp,1,11.2273
lincoln,57,7.861
lincolns,57,7.861
lincolnshire,1,11.2273
lind,2,10.8218
linda,27,8.5887
lindbergh,4,10.3111
linden,2,10.8218
linderman,1,11.2273
lindheim,1,11.2273
lindsay,37,8.2835
lindsays,37,8.2835
lindsey,4,10.3111
lindt,1,11.2273
line,475,5.7636
lineage,4,10.3111
linear,2,10.8218
linebacker,5,10.1288
lined,475,5.7636
lineman,3,10.5342
linen,1,11.2273
liner,12,9.3557
liners,12,9.3557
lines,475,5.7636
lineup,4,10.3111
lingam,1,11.2273
lingerie,1,11.2273
lingo,2,10.8218
lingshan,1,11.2273
lingua,1,11.2273
linguistically,8,9.7233
linguistics,8,9.7233
lining,475,5.7636
link,49,8.0093
linkage,1,11.2273
linked,49,8.0093
linkin,66,7.7169
links,49,8.0093
linnaeus,2,10.8218
linny,1,11.2273
lino,2,10.8218
linoge,1,11.2273
linoleic,1,11.2273
linolenic,1,11.2273
linoleum,2,10.8218
linseed,1,11.2273
linus,4,10.3111
linuss,2,10.8218
linux,2,10.8218
linz,2,10.8218
lion,113,7.1863
lioncheate,1,11.2273
lionel,11,9.4357
lioness,2,10.8218
lionheart,1,11.2273
lions,113,7.1863
liotta,1,11.2273
lip,10,9.5227
lipitor,2,10.8218
lipman,1,11.2273
lipogranuloma,1,11.2273
lipophobia,1,11.2273
lipoprotein,1,11.2273
lippi,2,10.8218
lips,10,9.5227
lipstick,4,10.3111
liquefaction,1,11.2273
liqueur,7,9.8411
liquid,15,9.1481
liquids,15,9.1481
liquor,4,10.3111
lira,11,9.4357
lis,63,7.7627
lisa,63,7.7627
lisaraye,1,11.2273
lisas,63,7.7627
lisbon,6,9.9746
lise,2,10.8218
lisi,1,11.2273
lisl,1,11.2273
lisp,3,10.5342
lissome,1,11.2273
list,197,6.6357
listed,197,6.6357
listen,39,8.2322
listening,39,8.2322
listens,39,8.2322
lister,2,10.8218
listing,197,6.6357
listo,1,11.2273
liston,2,10.8218
lists,197,6.6357
lit,6,9.9746
lita,5,10.1288
liter,56,7.8784
literacy,1,11.2273
literal,56,7.8784
literally,56,7.8784
literaly,1,11.2273
literary,48,8.0295
literate,56,7.8784
literature,24,8.702
liters,56,7.8784
lites,6,9.9746
lith,1,11.2273
lithgow,14,9.2126
lithgows,14,9.2126
lithium,3,10.5342
lithology,1,11.2273
lithosphere,2,10.8218
lithospheric,2,10.8218
lithotomy,1,11.2273
lithuania,12,9.3557
lithuanian,10,9.5227
lithuanians,10,9.5227
litigant,2,10.8218
litmus,2,10.8218
litner,1,11.2273
litovsk,1,11.2273
litres,1,11.2273
littauer,1,11.2273
litter,7,9.8411
littering,7,9.8411
litters,7,9.8411
little,333,6.1153
littlefoot,1,11.2273
littlejohn,1,11.2273
liturgical,1,11.2273
liturgy,1,11.2273
litvyak,1,11.2273
liu,2,10.8218
liv,672,5.4208
livanos,1,11.2273
live,672,5.4208
lived,672,5.4208
liveliness,1,11.2273
lively,672,5.4208
liver,16,9.0875
liverpool,14,9.2126
lives,672,5.4208
livestock,1,11.2273
livia,1,11.2273
livin,4,10.3111
living,672,5.4208
livingston,14,9.2126
livingstone,14,9.2126
livingstones,14,9.2126
livre,1,11.2273
livve,1,11.2273
liyah,1,11.2273
liz,10,9.5227
liza,12,9.3557
lizard,34,8.3657
lizards,34,8.3657
lizzie,5,10.1288
lizzy,5,10.1288
ljubljana,3,10.5342
ll,7,9.8411
llama,5,10.1288
llamas,5,10.1288
llath,1,11.2273
llewellyn,1,11.2273
lll,1,11.2273
llosa,1,11.2273
lloyd,36,8.3102
lloyds,36,8.3102
llp,1,11.2273
llyod,1,11.2273
lm,2,10.8218
lmecid,1,11.2273
ln,1,11.2273
lo,102,7.2875
loa,3,10.5342
load,9,9.618
loaded,9,9.618
loaf,4,10.3111
loafs,4,10.3111
loan,2,10.8218
loana,1,11.2273
loathing,8,9.7233
loathsome,1,11.2273
lob,6,9.9746
lobbied,4,10.3111
lobby,4,10.3111
lobbying,4,10.3111
lobbyist,1,11.2273
lobe,6,9.9746
lobed,6,9.9746
lobel,1,11.2273
lobster,5,10.1288
local,39,8.2322
locale,39,8.2322
locales,39,8.2322
locals,39,8.2322
locate,540,5.6367
located,540,5.6367
location,540,5.6367
locations,540,5.6367
loch,11,9.4357
lochnager,1,11.2273
lock,29,8.5197
locke,29,8.5197
locked,29,8.5197
locker,4,10.3111
lockes,29,8.5197
locket,1,11.2273
lockhart,2,10.8218
lockhaven,1,11.2273
lockheed,3,10.5342
locks,29,8.5197
locle,1,11.2273
loco,5,10.1288
locomotive,2,10.8218
locor,1,11.2273
locus,2,10.8218
locust,3,10.5342
locusts,3,10.5342
locuta,1,11.2273
lodge,10,9.5227
lodges,10,9.5227
lodging,10,9.5227
lofgren,1,11.2273
lofsongur,1,11.2273
log,9,9.618
logan,10,9.5227
logans,10,9.5227
logarithm,4,10.3111
logarithms,4,10.3111
logger,1,11.2273
logging,9,9.618
loggins,6,9.9746
logic,5,10.1288
logical,5,10.1288
logician,1,11.2273
logie,2,10.8218
loginova,1,11.2273
logo,13,9.2816
logophobia,1,11.2273
logs,9,9.618
lohan,16,9.0875
lohans,16,9.0875
lohman,1,11.2273
loire,2,10.8218
lois,11,9.4357
loiss,1,11.2273
loki,2,10.8218
lokum,1,11.2273
lol,1,11.2273
lola,10,9.5227
lolita,6,9.9746
lollapalooza,1,11.2273
lollies,1,11.2273
lollipop,4,10.3111
lollipops,4,10.3111
lolly,1,11.2273
lolophobia,1,11.2273
lolymyestic,1,11.2273
lom,1,11.2273
lomax,2,10.8218
lombarda,1,11.2273
lombardi,3,10.5342
lombardo,1,11.2273
lombardy,3,10.5342
lombok,1,11.2273
lomnick,1,11.2273
lomonosov,4,10.3111
lon,29,8.5197
london,122,7.1104
londons,122,7.1104
lone,29,8.5197
loneliness,4,10.3111
lonely,29,8.5197
loner,1,11.2273
lonesome,10,9.5227
long,323,6.1455
longbottom,2,10.8218
longer,21,8.8298
longest,106,7.2495
longevity,5,10.1288
longfellow,3,10.5342
longhair,1,11.2273
longhorns,1,11.2273
longinus,1,11.2273
longitude,1,11.2273
longitudinal,1,11.2273
longoria,11,9.4357
longorias,11,9.4357
longs,323,6.1455
longshaks,1,11.2273
longstreet,1,11.2273
longtime,3,10.5342
loni,1,11.2273
lonnie,2,10.8218
lonny,2,10.8218
loo,1,11.2273
look,134,7.0176
lookalike,1,11.2273
looked,134,7.0176
lookin,4,10.3111
looking,134,7.0176
lookinland,2,10.8218
lookout,3,10.5342
lookouts,3,10.5342
looks,134,7.0176
looloo,1,11.2273
loom,2,10.8218
looming,2,10.8218
loomis,3,10.5342
loompa,2,10.8218
loompas,2,10.8218
looney,6,9.9746
loop,7,9.8411
loophole,1,11.2273
looping,7,9.8411
loopner,1,11.2273
loops,7,9.8411
loose,27,8.5887
loosed,27,8.5887
loosely,27,8.5887
loosening,1,11.2273
looses,27,8.5887
lope,4,10.3111
lopes,4,10.3111
lopez,21,8.8298
lopezs,21,8.8298
lopomo,1,11.2273
lopsided,1,11.2273
lorax,1,11.2273
lorazepam,1,11.2273
lord,95,7.3578
lords,95,7.3578
lordy,3,10.5342
lore,9,9.618
loreal,9,9.618
lorelai,15,9.1481
lorelais,15,9.1481
loreley,1,11.2273
loren,13,9.2816
lorens,13,9.2816
lorentz,2,10.8218
lorenzo,7,9.8411
loretta,8,9.7233
loretto,1,11.2273
lori,6,9.9746
lories,6,9.9746
lorikeets,1,11.2273
loring,9,9.618
loripaul,1,11.2273
loris,6,9.9746
lorna,1,11.2273
lorne,5,10.1288
lorraine,7,9.8411
lorraines,7,9.8411
lorre,5,10.1288
lorrell,1,11.2273
los,102,7.2875
lose,58,7.8439
losely,58,7.8439
loser,10,9.5227
losers,10,9.5227
loses,58,7.8439
losin,1,11.2273
losing,58,7.8439
losptrophets,1,11.2273
loss,21,8.8298
losses,21,8.8298
lost,185,6.698
lostprophets,9,9.618
lot,49,8.0093
loti,2,10.8218
lotions,2,10.8218
lotis,2,10.8218
lotor,1,11.2273
lots,49,8.0093
lotta,2,10.8218
lottery,4,10.3111
lotus,3,10.5342
lou,41,8.1835
louanne,1,11.2273
louche,1,11.2273
loud,9,9.618
louder,2,10.8218
loudermilk,1,11.2273
loudest,1,11.2273
loudin,1,11.2273
loudness,9,9.618
loudspeaker,1,11.2273
louganis,1,11.2273
lough,1,11.2273
louie,132,7.0325
louis,132,7.0325
louisa,2,10.8218
louise,16,9.0875
louisiana,32,8.4245
louisville,13,9.2816
lounge,5,10.1288
lourdes,1,11.2273
lous,41,8.1835
louse,2,10.8218
lousiana,1,11.2273
lousy,4,10.3111
louverture,1,11.2273
louvre,2,10.8218
lovable,3,10.5342
lovato,2,10.8218
love,645,5.4612
lovebeat,1,11.2273
lovebird,1,11.2273
lovecraft,3,10.5342
loved,645,5.4612
lovefool,1,11.2273
lovegood,3,10.5342
lovegoods,3,10.5342
loveis,2,10.8218
lovelace,3,10.5342
loveless,3,10.5342
lovell,1,11.2273
lovely,645,5.4612
lover,43,8.137
loverboy,3,10.5342
loverboys,3,10.5342
loverly,1,11.2273
lovers,43,8.137
loves,645,5.4612
lovey,2,10.8218
lovin,11,9.4357
loving,645,5.4612
lovisa,1,11.2273
lovitz,1,11.2273
low,52,7.9511
lowe,52,7.9511
lowell,2,10.8218
lower,33,8.3947
lowercase,2,10.8218
lowering,33,8.3947
lowers,33,8.3947
lowes,52,7.9511
lowest,25,8.6628
lowland,1,11.2273
lowlife,1,11.2273
lowry,1,11.2273
loxley,1,11.2273
loxodonta,1,11.2273
loy,11,9.4357
loyal,6,9.9746
loyalties,4,10.3111
loyalty,4,10.3111
loyola,4,10.3111
lozstprophetz,1,11.2273
lozt,1,11.2273
lp,5,10.1288
lpn,1,11.2273
lpog,1,11.2273
lsd,2,10.8218
lsu,10,9.5227
lsus,10,9.5227
lt,40,8.2076
ltd,2,10.8218
lu,2,10.8218
luanda,1,11.2273
luanne,2,10.8218
lubo,45,8.0926
lubom,1,11.2273
lubricator,1,11.2273
luc,4,10.3111
luca,44,8.1146
lucas,44,8.1146
lucass,1,11.2273
lucci,1,11.2273
luccketta,1,11.2273
luce,4,10.3111
lucena,1,11.2273
lucia,6,9.9746
luciana,1,11.2273
luciano,2,10.8218
lucid,1,11.2273
lucie,49,8.0093
lucien,1,11.2273
lucifer,7,9.8411
lucile,7,9.8411
lucille,7,9.8411
lucio,1,11.2273
lucius,1,11.2273
luck,24,8.702
luckiest,1,11.2273
luckin,1,11.2273
luckless,1,11.2273
lucky,38,8.2575
lucy,49,8.0093
lucys,49,8.0093
ludacris,3,10.5342
luddites,1,11.2273
ludford,1,11.2273
ludgate,1,11.2273
ludke,1,11.2273
ludlum,2,10.8218
ludology,1,11.2273
ludwig,24,8.702
ludwik,1,11.2273
luecke,1,11.2273
luekemia,1,11.2273
luft,1,11.2273
lufthansa,1,11.2273
luggage,3,10.5342
lugging,1,11.2273
lugh,1,11.2273
lugosi,2,10.8218
luhmann,1,11.2273
luigi,8,9.7233
luigis,8,9.7233
luis,10,9.5227
luisa,1,11.2273
luitpold,1,11.2273
luiz,1,11.2273
luka,2,10.8218
luke,39,8.2322
lukes,39,8.2322
lul,1,11.2273
lullaby,1,11.2273
lulu,4,10.3111
lum,1,11.2273
lumber,1,11.2273
lumberidge,1,11.2273
lumbriculus,1,11.2273
lumet,1,11.2273
lumi,2,10.8218
lumiere,1,11.2273
luminescent,1,11.2273
luminous,1,11.2273
lumos,1,11.2273
lumps,1,11.2273
lumpur,3,10.5342
lumpy,1,11.2273
lun,2,10.8218
luna,15,9.1481
lunar,16,9.0875
lunch,12,9.3557
luncheon,1,11.2273
lund,1,11.2273
lundgren,1,11.2273
lundqvist,1,11.2273
lunes,2,10.8218
lung,22,8.7853
lungfish,1,11.2273
lungs,22,8.7853
lungsod,1,11.2273
lupin,9,9.618
lupita,1,11.2273
lupus,4,10.3111
lurch,2,10.8218
lure,5,10.1288
lured,5,10.1288
lures,5,10.1288
lurlynn,1,11.2273
lusaka,3,10.5342
luschkas,1,11.2273
lush,1,11.2273
lushan,1,11.2273
lusitania,1,11.2273
lust,6,9.9746
lustre,1,11.2273
lusty,1,11.2273
lut,1,11.2273
lutetia,2,10.8218
luther,28,8.5536
lutheran,6,9.9746
lutheranism,6,9.9746
luthier,1,11.2273
luthor,4,10.3111
luthors,4,10.3111
lutz,2,10.8218
luwak,1,11.2273
lux,1,11.2273
luxembourg,30,8.487
luxembourgish,1,11.2273
luxemburg,2,10.8218
luxo,1,11.2273
luxor,1,11.2273
luxurious,17,9.0304
luxury,17,9.0304
luyten,2,10.8218
luzhanqi,1,11.2273
luzhin,1,11.2273
luzin,1,11.2273
luzon,4,10.3111
lv,2,10.8218
lvar,1,11.2273
lviv,1,11.2273
lw,1,11.2273
ly,20,8.8763
lycans,1,11.2273
lycanthropy,1,11.2273
lycaon,1,11.2273
lyceum,1,11.2273
lychee,1,11.2273
lycopene,2,10.8218
lycorine,1,11.2273
lydia,4,10.3111
lydon,1,11.2273
lygophile,1,11.2273
lyics,1,11.2273
lying,20,8.8763
lykawka,1,11.2273
lyle,2,10.8218
lyman,1,11.2273
lymburner,1,11.2273
lyme,1,11.2273
lyn,3,10.5342
lynch,8,9.7233
lynchburg,1,11.2273
lynching,8,9.7233
lynde,2,10.8218
lyndon,9,9.618
lyne,3,10.5342
lynes,3,10.5342
lynette,2,10.8218
lyngstad,1,11.2273
lynn,13,9.2816
lynne,13,9.2816
lynryd,1,11.2273
lynskey,1,11.2273
lynx,5,10.1288
lynyrd,10,9.5227
lyon,3,10.5342
lyonnais,1,11.2273
lyra,15,9.1481
lyras,15,9.1481
lyre,1,11.2273
lyric,440,5.8393
lyrical,440,5.8393
lyricist,3,10.5342
lyrics,440,5.8393
lys,20,8.8763
lysistrata,1,11.2273
lysosomes,1,11.2273
lythgoe,1,11.2273
lytle,1,11.2273
lytton,1,11.2273
lyublyu,1,11.2273
lyubov,1,11.2273
lyudmila,154,6.8798
lyzenga,1,11.2273
lz,1,11.2273
m,218,6.5353
m1,2,10.8218
m101,1,11.2273
m16,1,11.2273
m2,1,11.2273
m2000,1,11.2273
m29,1,11.2273
m31,1,11.2273
m45,2,10.8218
m56,1,11.2273
ma,29,8.5197
ma2,1,11.2273
ma5,1,11.2273
ma9,1,11.2273
maabaa,1,11.2273
maalak,1,11.2273
maamakunudhoo,1,11.2273
maan,1,11.2273
maarten,2,10.8218
maastricht,4,10.3111
mabel,3,10.5342
mabuni,1,11.2273
mac,27,8.5887
macabre,1,11.2273
macao,1,11.2273
macapagal,2,10.8218
macapal,1,11.2273
macaque,1,11.2273
macarena,1,11.2273
macaroni,3,10.5342
macarthur,3,10.5342
macarthurs,3,10.5342
macau,1,11.2273
macaulay,10,9.5227
macaw,3,10.5342
macbeth,3,10.5342
macbride,1,11.2273
maccabiah,1,11.2273
macchiato,1,11.2273
macchio,2,10.8218
macclesfield,1,11.2273
maccready,1,11.2273
macdonald,10,9.5227
macdonalds,10,9.5227
mace,27,8.5887
macedon,2,10.8218
macedonia,8,9.7233
macedonian,6,9.9746
macelroy,1,11.2273
macevans,1,11.2273
macfarlane,14,9.2126
macfarlanes,14,9.2126
macguff,3,10.5342
macgyver,9,9.618
macgyvers,9,9.618
mach,3,10.5342
machaca,1,11.2273
machiavellian,2,10.8218
machina,1,11.2273
machine,55,7.8961
machinehead,1,11.2273
machinery,2,10.8218
machines,55,7.8961
machinist,1,11.2273
macho,2,10.8218
macht,1,11.2273
machu,2,10.8218
macintosh,1,11.2273
macintrash,1,11.2273
mack,5,10.1288
mackenzie,5,10.1288
mackerel,1,11.2273
mackey,4,10.3111
mackinac,2,10.8218
maclachlans,1,11.2273
maclaine,2,10.8218
maclaines,2,10.8218
maclean,2,10.8218
macleod,6,9.9746
macleods,6,9.9746
macon,1,11.2273
macpherson,2,10.8218
macreid,1,11.2273
macroer,1,11.2273
macropod,1,11.2273
macular,1,11.2273
macullum,1,11.2273
macumba,1,11.2273
macy,21,8.8298
macys,21,8.8298
macywon,1,11.2273
mad,680,5.4091
madagacar,1,11.2273
madagascar,43,8.137
madam,22,8.7853
madame,22,8.7853
madamme,1,11.2273
madara,1,11.2273
madden,2,10.8218
madder,1,11.2273
maddie,3,10.5342
madding,680,5.4091
maddy,3,10.5342
made,680,5.4091
madeira,4,10.3111
madeleine,1,11.2273
madeline,3,10.5342
mademoiselle,2,10.8218
madge,2,10.8218
madhya,1,11.2273
madison,34,8.3657
madisons,34,8.3657
madman,3,10.5342
madness,680,5.4091
madonna,72,7.6313
madonnas,72,7.6313
madras,1,11.2273
madres,1,11.2273
madrid,15,9.1481
madrids,15,9.1481
madrigal,1,11.2273
madsen,1,11.2273
mae,29,8.5197
maenads,1,11.2273
maester,1,11.2273
maestro,1,11.2273
mafalda,1,11.2273
mafia,19,8.925
mafioso,3,10.5342
maganda,2,10.8218
magandang,1,11.2273
magazine,149,6.9125
magazines,149,6.9125
magdalena,1,11.2273
magdalenes,1,11.2273
magdelena,1,11.2273
magdolina,1,11.2273
mage,2,10.8218
magee,1,11.2273
mageirocophobia,1,11.2273
magellan,12,9.3557
magellanic,12,9.3557
maggie,16,9.0875
maggies,16,9.0875
maggio,1,11.2273
maggots,4,10.3111
maggott,1,11.2273
maghee,1,11.2273
maghrib,1,11.2273
magi,2,10.8218
magic,84,7.4793
magical,84,7.4793
magically,84,7.4793
magician,9,9.618
magics,84,7.4793
magik,1,11.2273
magisterium,1,11.2273
magistrature,1,11.2273
magma,4,10.3111
magna,4,10.3111
magnate,7,9.8411
magnates,7,9.8411
magnavox,1,11.2273
magnesium,5,10.1288
magnet,13,9.2816
magnetic,13,9.2816
magnetically,13,9.2816
magnetism,13,9.2816
magneto,3,10.5342
magnetos,3,10.5342
magnets,13,9.2816
magnificent,20,8.8763
magnifying,1,11.2273
magnitude,9,9.618
magnolia,17,9.0304
magnolias,17,9.0304
magnon,2,10.8218
magnons,2,10.8218
magnum,17,9.0304
magnums,17,9.0304
magnus,4,10.3111
magnussen,1,11.2273
magpie,1,11.2273
magsaysay,2,10.8218
maguire,6,9.9746
magyarorszag,1,11.2273
mahajanga,1,11.2273
mahal,13,9.2816
maharishi,1,11.2273
mahatma,14,9.2126
mahavishnu,1,11.2273
mahican,1,11.2273
mahjong,10,9.5227
mahlers,1,11.2273
mahmoody,1,11.2273
mahmoud,1,11.2273
mahomet,1,11.2273
mahoney,1,11.2273
mahwah,1,11.2273
maia,3,10.5342
maiasaura,1,11.2273
maid,18,8.9763
maiden,41,8.1835
maidenhair,1,11.2273
maidens,41,8.1835
maids,18,8.9763
maier,2,10.8218
maigret,2,10.8218
maiko,3,10.5342
mail,21,8.8298
mailbox,1,11.2273
mailed,21,8.8298
mailer,1,11.2273
mailman,2,10.8218
mails,21,8.8298
main,345,6.0802
maine,345,6.0802
mainframe,1,11.2273
mainland,7,9.8411
mainly,38,8.2575
mainstay,1,11.2273
mainstream,1,11.2273
maintain,11,9.4357
maintained,11,9.4357
maintaining,11,9.4357
maintains,11,9.4357
maison,1,11.2273
maitake,1,11.2273
maitreya,1,11.2273
maivia,1,11.2273
maize,2,10.8218
maj,3,10.5342
majah,1,11.2273
majestic,2,10.8218
majesty,10,9.5227
majestys,10,9.5227
major,421,5.883
majoras,3,10.5342
majorca,2,10.8218
majored,421,5.883
majorino,1,11.2273
majoris,1,11.2273
majoritarian,1,11.2273
majority,421,5.883
majors,421,5.883
majuro,1,11.2273
mak,441,5.8371
makarenko,1,11.2273
makarij,1,11.2273
makarov,1,11.2273
makawao,1,11.2273
make,441,5.8371
maker,18,8.9763
makers,18,8.9763
makes,441,5.8371
makeup,4,10.3111
makin,3,10.5342
making,441,5.8371
makkah,1,11.2273
mako,1,11.2273
makruk,1,11.2273
makulay,1,11.2273
makunga,1,11.2273
mal,150,6.9058
malabar,1,11.2273
malabo,2,10.8218
malacca,1,11.2273
malachi,1,11.2273
malacology,1,11.2273
malady,2,10.8218
malaga,2,10.8218
malagasy,6,9.9746
malal,1,11.2273
malaleuca,1,11.2273
malamud,1,11.2273
malanie,1,11.2273
malanin,1,11.2273
malapropism,1,11.2273
malaria,8,9.7233
malatesta,2,10.8218
malatestas,2,10.8218
malawi,9,9.618
malawian,1,11.2273
malay,2,10.8218
malayan,2,10.8218
malaysia,18,8.9763
malaysian,3,10.5342
malca,1,11.2273
malcolm,30,8.487
malcolms,30,8.487
malcom,1,11.2273
malden,10,9.5227
maldive,5,10.1288
maldives,5,10.1288
maldivian,1,11.2273
male,150,6.9058
malecon,1,11.2273
maleek,1,11.2273
maleeva,1,11.2273
maleficent,5,10.1288
maleficents,5,10.1288
males,150,6.9058
malevolent,2,10.8218
malfi,1,11.2273
malfoy,20,8.8763
malfoys,20,8.8763
malfunction,2,10.8218
malfunctioning,2,10.8218
malfurion,1,11.2273
malheur,1,11.2273
mali,4,10.3111
malia,1,11.2273
malian,2,10.8218
malibu,3,10.5342
malice,10,9.5227
malicious,3,10.5342
malignant,2,10.8218
malik,1,11.2273
malin,1,11.2273
malindi,1,11.2273
malinger,1,11.2273
malkins,1,11.2273
mall,21,8.8298
mallard,1,11.2273
malleable,21,8.8298
malles,21,8.8298
malleus,1,11.2273
malleys,1,11.2273
malloreon,1,11.2273
mallory,5,10.1288
mallorys,5,10.1288
mallowan,1,11.2273
malloy,1,11.2273
mallozzis,1,11.2273
malnutrition,3,10.5342
malone,19,8.925
malones,19,8.925
malp,1,11.2273
malph,1,11.2273
malt,3,10.5342
malta,22,8.7853
malted,3,10.5342
maltese,8,9.7233
maltesta,1,11.2273
maltin,2,10.8218
maltz,1,11.2273
maluku,1,11.2273
malum,1,11.2273
malus,1,11.2273
malzovia,1,11.2273
mama,50,7.9895
maman,1,11.2273
mamas,50,7.9895
mamba,2,10.8218
mambo,3,10.5342
mame,1,11.2273
mameluke,2,10.8218
mamie,2,10.8218
mamma,2,10.8218
mammal,72,7.6313
mammalia,1,11.2273
mammalian,3,10.5342
mammals,72,7.6313
mammary,2,10.8218
mammatus,1,11.2273
mammoth,13,9.2816
mammoths,13,9.2816
mammy,1,11.2273
mamossoans,1,11.2273
man,660,5.4385
mana,3,10.5342
manage,94,7.3682
managed,94,7.3682
management,94,7.3682
manager,94,7.3682
managerial,1,11.2273
managers,94,7.3682
manages,94,7.3682
managing,94,7.3682
managua,2,10.8218
manakish,1,11.2273
manama,3,10.5342
manana,2,10.8218
manaslu,1,11.2273
manat,2,10.8218
manatee,8,9.7233
manatees,8,9.7233
manaus,1,11.2273
manbat,1,11.2273
mancha,2,10.8218
manchego,1,11.2273
manchester,22,8.7853
manchurian,1,11.2273
mancini,3,10.5342
mandakranta,1,11.2273
mandaly,1,11.2273
mandan,1,11.2273
mandarin,6,9.9746
mandate,2,10.8218
mandel,1,11.2273
mandela,3,10.5342
mandelas,3,10.5342
manderley,1,11.2273
manderly,1,11.2273
mandible,1,11.2273
mandolin,3,10.5342
mandy,7,9.8411
mane,660,5.4385
maneater,1,11.2273
maned,660,5.4385
manero,5,10.1288
maneros,5,10.1288
manet,1,11.2273
maneuver,1,11.2273
maneuverability,1,11.2273
manfred,9,9.618
manga,7,9.8411
manganese,3,10.5342
mangano,1,11.2273
manger,1,11.2273
mangler,1,11.2273
mango,5,10.1288
mangoes,5,10.1288
manhattan,25,8.6628
manhattans,25,8.6628
manhatten,1,11.2273
manheim,1,11.2273
manhunter,1,11.2273
maniac,6,9.9746
maniacs,6,9.9746
manic,3,10.5342
manicotti,1,11.2273
manifest,3,10.5342
manifestations,3,10.5342
manifested,3,10.5342
manifesto,1,11.2273
manila,7,9.8411
manilow,5,10.1288
manipulates,4,10.3111
manipulation,4,10.3111
manipulative,4,10.3111
manitoba,1,11.2273
manjimup,1,11.2273
mankey,1,11.2273
mankiller,1,11.2273
mankind,9,9.618
manmade,1,11.2273
mann,8,9.7233
manned,660,5.4385
manneken,1,11.2273
manner,10,9.5227
mannered,10,9.5227
mannerism,10,9.5227
manners,10,9.5227
mannheim,1,11.2273
manning,660,5.4385
mannix,5,10.1288
mannoroth,1,11.2273
manns,8,9.7233
manny,6,9.9746
manoel,1,11.2273
manoj,1,11.2273
manolo,1,11.2273
manon,1,11.2273
manor,4,10.3111
mans,660,5.4385
manse,1,11.2273
mansfield,2,10.8218
mansion,13,9.2816
mansions,13,9.2816
manson,13,9.2816
mansons,13,9.2816
manta,2,10.8218
mantelpiece,1,11.2273
mantes,1,11.2273
manthey,1,11.2273
manticore,1,11.2273
mantis,11,9.4357
mantises,1,11.2273
mantle,6,9.9746
mantled,6,9.9746
mantra,3,10.5342
mantua,1,11.2273
manuel,8,9.7233
manuela,1,11.2273
manufacture,48,8.0295
manufactured,48,8.0295
manufacturer,48,8.0295
manufacturers,48,8.0295
manufactures,48,8.0295
manufacturing,48,8.0295
manuscript,1,11.2273
manute,2,10.8218
manx,1,11.2273
manzana,3,10.5342
manzarek,1,11.2273
manzerick,1,11.2273
mao,4,10.3111
maori,4,10.3111
maos,4,10.3111
map,22,8.7853
maple,15,9.1481
mapletown,1,11.2273
mapmaker,1,11.2273
mapother,1,11.2273
maps,22,8.7853
maputo,3,10.5342
mar,87,7.4447
mara,3,10.5342
maracot,1,11.2273
maradona,9,9.618
maradonas,9,9.618
maradonna,1,11.2273
maragheh,1,11.2273
maranon,1,11.2273
maraschino,1,11.2273
marasmius,1,11.2273
marathon,9,9.618
marauders,3,10.5342
maravich,1,11.2273
marbh,1,11.2273
marble,8,9.7233
marbles,8,9.7233
marbury,1,11.2273
marc,13,9.2816
marcel,8,9.7233
marcela,1,11.2273
marcellina,1,11.2273
marcels,8,9.7233
march,130,7.0476
marchand,1,11.2273
marched,130,7.0476
marchers,1,11.2273
marchionni,1,11.2273
marci,7,9.8411
marcia,12,9.3557
marcialangton,1,11.2273
marciano,2,10.8218
marcias,12,9.3557
marcie,7,9.8411
marcin,1,11.2273
marco,11,9.4357
marconi,7,9.8411
marconis,7,9.8411
marcos,11,9.4357
marcus,13,9.2816
marcy,7,9.8411
marcys,7,9.8411
mardi,9,9.618
marduk,1,11.2273
mardukas,1,11.2273
mare,87,7.4447
maren,1,11.2273
marengo,1,11.2273
maresjev,1,11.2273
margaret,40,8.2076
margaretha,1,11.2273
margarine,2,10.8218
margarita,4,10.3111
margaritaville,2,10.8218
margate,1,11.2273
margaux,4,10.3111
marge,4,10.3111
margera,1,11.2273
margery,1,11.2273
marges,4,10.3111
margie,1,11.2273
margin,1,11.2273
marginal,1,11.2273
margo,3,10.5342
margolis,7,9.8411
margos,3,10.5342
margot,1,11.2273
margret,2,10.8218
marguerite,1,11.2273
margulies,1,11.2273
mari,217,6.5398
maria,30,8.487
mariachi,2,10.8218
mariah,25,8.6628
marian,6,9.9746
mariana,3,10.5342
marianas,3,10.5342
mariann,3,10.5342
marianna,1,11.2273
marianne,3,10.5342
marias,30,8.487
maribma,1,11.2273
maricopa,1,11.2273
marie,217,6.5398
maried,217,6.5398
mariel,3,10.5342
marienburg,1,11.2273
marietta,1,11.2273
mariette,1,11.2273
marigold,3,10.5342
marijuana,32,8.4245
marijuanas,32,8.4245
marilla,4,10.3111
marillions,1,11.2273
marilyn,45,8.0926
marimba,1,11.2273
marin,88,7.4334
marina,2,10.8218
marinara,1,11.2273
marinaro,1,11.2273
marinated,88,7.4334
marine,88,7.4334
mariner,88,7.4334
marineris,2,10.8218
marinero,2,10.8218
mariners,88,7.4334
marines,88,7.4334
marino,11,9.4357
mario,64,7.7472
marion,15,9.1481
marionettes,1,11.2273
marios,64,7.7472
maris,217,6.5398
marisa,1,11.2273
mariska,6,9.9746
marissa,3,10.5342
maritime,4,10.3111
marius,1,11.2273
marjorie,2,10.8218
mark,211,6.5676
marked,211,6.5676
markers,1,11.2273
market,35,8.3375
marketed,35,8.3375
marketing,35,8.3375
markets,35,8.3375
marking,211,6.5676
markings,211,6.5676
markov,2,10.8218
marks,211,6.5676
marksmen,1,11.2273
markum,1,11.2273
markup,1,11.2273
markus,3,10.5342
marla,1,11.2273
marlena,14,9.2126
marlenas,14,9.2126
marlene,15,9.1481
marley,20,8.8763
marleys,20,8.8763
marlin,5,10.1288
marlo,1,11.2273
marlon,28,8.5536
marlow,10,9.5227
marlowe,10,9.5227
marmalade,4,10.3111
marmara,3,10.5342
marmite,3,10.5342
marmon,1,11.2273
marmot,2,10.8218
marni,11,9.4357
marnie,11,9.4357
marnier,11,9.4357
maroney,1,11.2273
maronie,1,11.2273
marooned,1,11.2273
marple,3,10.5342
marquart,1,11.2273
marque,1,11.2273
marquesas,1,11.2273
marquess,1,11.2273
marquez,2,10.8218
marquis,4,10.3111
marquise,1,11.2273
marrano,1,11.2273
marraqueta,1,11.2273
marred,87,7.4447
marriage,57,7.861
marriages,57,7.861
married,362,6.0325
marries,362,6.0325
marrow,2,10.8218
marrows,2,10.8218
marry,362,6.0325
marrying,362,6.0325
mars,87,7.4447
marsalis,1,11.2273
marsdon,1,11.2273
marseille,2,10.8218
marsellus,1,11.2273
marsh,4,10.3111
marsha,1,11.2273
marshal,35,8.3375
marshall,35,8.3375
marshallese,1,11.2273
marshalls,35,8.3375
marshals,35,8.3375
marshes,4,10.3111
marshmallow,1,11.2273
marsology,1,11.2273
marston,3,10.5342
marsupial,9,9.618
marsupials,9,9.618
marta,3,10.5342
martel,1,11.2273
martens,1,11.2273
martes,3,10.5342
marth,409,5.9116
martha,21,8.8298
marthas,21,8.8298
marthasville,1,11.2273
martial,52,7.9511
martian,9,9.618
martika,1,11.2273
martin,158,6.8544
martina,2,10.8218
martindavid,1,11.2273
martinet,2,10.8218
martinez,2,10.8218
martini,5,10.1288
martinis,5,10.1288
martinlee,1,11.2273
martinorum,1,11.2273
martins,158,6.8544
marty,52,7.9511
martyr,1,11.2273
martyrdom,1,11.2273
martys,52,7.9511
maru,1,11.2273
marv,4,10.3111
marvel,21,8.8298
marvelettes,1,11.2273
marvellous,21,8.8298
marvelous,21,8.8298
marvil,1,11.2273
marvin,38,8.2575
marvins,38,8.2575
marvolo,3,10.5342
marx,31,8.4552
marxism,1,11.2273
marxist,3,10.5342
marxs,31,8.4552
mary,217,6.5398
maryanns,1,11.2273
maryes,2,10.8218
maryjane,1,11.2273
maryland,43,8.137
marylander,43,8.137
marylands,43,8.137
marylin,1,11.2273
marys,217,6.5398
mas,29,8.5197
masaccio,2,10.8218
masai,3,10.5342
masala,2,10.8218
masanori,2,10.8218
masatoshi,1,11.2273
masaya,1,11.2273
mascarpone,1,11.2273
mascheroni,1,11.2273
maschii,1,11.2273
mascot,41,8.1835
masculine,3,10.5342
maserati,1,11.2273
maseru,2,10.8218
mash,13,9.2816
mashed,13,9.2816
mashing,13,9.2816
masjid,1,11.2273
mask,31,8.4552
masked,31,8.4552
maskerade,1,11.2273
masks,31,8.4552
maslow,1,11.2273
masoch,1,11.2273
masochism,1,11.2273
mason,17,9.0304
masonic,17,9.0304
masons,17,9.0304
masquerade,3,10.5342
mass,51,7.9701
massachusetts,59,7.8271
massacre,9,9.618
massage,8,9.7233
masses,51,7.9701
masseter,1,11.2273
masseur,1,11.2273
masseuse,2,10.8218
massey,2,10.8218
massie,4,10.3111
massies,4,10.3111
massif,1,11.2273
massive,38,8.2575
mast,2,10.8218
master,51,7.9701
mastering,51,7.9701
masterpiece,8,9.7233
masters,51,7.9701
masterson,2,10.8218
mastiff,1,11.2273
mastigophoran,1,11.2273
mastin,2,10.8218
mastophobia,1,11.2273
masuo,1,11.2273
masuria,1,11.2273
mat,25,8.6628
mata,11,9.4357
mataba,1,11.2273
matador,1,11.2273
matagalpa,1,11.2273
matamoras,1,11.2273
matamoros,1,11.2273
matarese,1,11.2273
matbucha,1,11.2273
match,99,7.317
matchbox,7,9.8411
matchboxes,7,9.8411
matched,99,7.317
matches,99,7.317
matching,99,7.317
mate,25,8.6628
mater,3,10.5342
material,31,8.4552
materials,31,8.4552
maternal,5,10.1288
maternity,5,10.1288
materson,1,11.2273
mates,25,8.6628
math,12,9.3557
mathematica,1,11.2273
mathematical,43,8.137
mathematician,42,8.16
mathematicians,42,8.16
mathematics,43,8.137
mathers,3,10.5342
matheson,4,10.3111
mathew,9,9.618
mathews,9,9.618
mathis,2,10.8218
matic,1,11.2273
matignon,1,11.2273
matilda,3,10.5342
mating,25,8.6628
matinicus,1,11.2273
matisse,1,11.2273
matlack,1,11.2273
matlock,3,10.5342
matola,1,11.2273
matriarch,2,10.8218
matriarchs,2,10.8218
matricide,1,11.2273
matrix,15,9.1481
matronly,1,11.2273
matryoshka,1,11.2273
mats,25,8.6628
matt,46,8.0711
mattel,2,10.8218
matter,47,8.0501
mattered,47,8.0501
matterhorn,1,11.2273
matters,47,8.0501
mattheau,1,11.2273
matthew,51,7.9701
matthewgriffin,1,11.2273
matthews,51,7.9701
mattie,1,11.2273
mattingly,1,11.2273
mattress,2,10.8218
matts,46,8.0711
matuka,1,11.2273
mature,11,9.4357
maturing,11,9.4357
maturity,11,9.4357
matuszak,1,11.2273
mau,1,11.2273
maud,12,9.3557
maude,12,9.3557
maudie,1,11.2273
maugham,1,11.2273
maui,3,10.5342
maul,1,11.2273
mauna,6,9.9746
maunder,1,11.2273
maundy,2,10.8218
maupassant,1,11.2273
maureen,9,9.618
mauretania,1,11.2273
mauri,4,10.3111
maurice,13,9.2816
maurier,4,10.3111
mauritania,3,10.5342
mauritanian,1,11.2273
mauritian,1,11.2273
mauritius,2,10.8218
maury,4,10.3111
mausoleum,2,10.8218
mausolus,2,10.8218
maussollos,1,11.2273
mauve,1,11.2273
maverick,7,9.8411
mavericks,7,9.8411
mavic,1,11.2273
max,47,8.0501
maxhell,1,11.2273
maxi,2,10.8218
maxies,2,10.8218
maxim,5,10.1288
maxima,1,11.2273
maximal,5,10.1288
maximiam,1,11.2273
maximilian,2,10.8218
maximiliana,1,11.2273
maximova,1,11.2273
maxims,5,10.1288
maximum,26,8.6251
maximus,1,11.2273
maxs,47,8.0501
maxwell,10,9.5227
maxwells,10,9.5227
maya,14,9.2126
mayan,8,9.7233
mayans,8,9.7233
mayas,14,9.2126
maybach,1,11.2273
maybe,3,10.5342
maybelle,2,10.8218
mayberry,5,10.1288
mayday,1,11.2273
mayer,4,10.3111
mayfield,2,10.8218
mayfields,2,10.8218
mayflower,14,9.2126
mayflowers,14,9.2126
mayim,1,11.2273
maymelou,1,11.2273
maynard,2,10.8218
mayo,5,10.1288
mayon,2,10.8218
mayonnaise,1,11.2273
mayor,19,8.925
mayr,1,11.2273
mays,7,9.8411
mayski,1,11.2273
maysles,1,11.2273
maytag,1,11.2273
mayte,1,11.2273
mazatec,1,11.2273
mazateco,1,11.2273
maze,7,9.8411
mazel,1,11.2273
mazeroski,1,11.2273
mazrah,1,11.2273
mazur,1,11.2273
mb3,1,11.2273
mbabane,2,10.8218
mbe,1,11.2273
mbta,1,11.2273
mc,4,10.3111
mc3,1,11.2273
mc9,1,11.2273
mcadams,2,10.8218
mcallister,1,11.2273
mcbricken,1,11.2273
mcbride,2,10.8218
mcburneys,1,11.2273
mccabe,1,11.2273
mccain,16,9.0875
mccains,16,9.0875
mccallister,5,10.1288
mccallisters,5,10.1288
mccallum,1,11.2273
mccandles,1,11.2273
mccann,3,10.5342
mccanns,3,10.5342
mccardle,1,11.2273
mccarron,1,11.2273
mccarthy,5,10.1288
mccartney,41,8.1835
mccartneys,41,8.1835
mccarty,2,10.8218
mcclanahan,1,11.2273
mcclane,6,9.9746
mccleese,1,11.2273
mcclellan,2,10.8218
mcclure,2,10.8218
mcconaughey,2,10.8218
mcconaugheys,2,10.8218
mcconnell,3,10.5342
mccord,1,11.2273
mccormick,2,10.8218
mccovey,1,11.2273
mccoy,5,10.1288
mccoys,5,10.1288
mccracken,3,10.5342
mccrae,2,10.8218
mccrea,1,11.2273
mccullough,1,11.2273
mcdermott,1,11.2273
mcdiarmid,1,11.2273
mcdonald,9,9.618
mcdonalds,9,9.618
mcdonnell,1,11.2273
mcdormand,1,11.2273
mcdowell,2,10.8218
mceasthron,1,11.2273
mcelroy,2,10.8218
mcenroe,9,9.618
mcenroes,9,9.618
mcentire,1,11.2273
mcfadden,4,10.3111
mcfarland,1,11.2273
mcfarlane,1,11.2273
mcferrin,2,10.8218
mcfinnigan,1,11.2273
mcfly,6,9.9746
mcg,1,11.2273
mcgarrett,4,10.3111
mcgarretts,4,10.3111
mcgarry,1,11.2273
mcgee,5,10.1288
mcgees,5,10.1288
mcgehee,1,11.2273
mcgill,1,11.2273
mcgillicuddy,1,11.2273
mcginley,1,11.2273
mcginnis,1,11.2273
mcgonagall,2,10.8218
mcgonagell,1,11.2273
mcgovern,2,10.8218
mcgowan,3,10.5342
mcgrady,2,10.8218
mcgraw,5,10.1288
mcgreggor,1,11.2273
mcgriff,1,11.2273
mcguinns,2,10.8218
mcguire,3,10.5342
mcgwire,1,11.2273
mchale,4,10.3111
mchales,4,10.3111
mcintyre,1,11.2273
mckay,1,11.2273
mckee,1,11.2273
mckenzies,1,11.2273
mckeon,2,10.8218
mckimson,1,11.2273
mckinley,14,9.2126
mckinney,1,11.2273
mcknight,1,11.2273
mclachlan,2,10.8218
mclaggen,1,11.2273
mclaren,3,10.5342
mclean,11,9.4357
mcleans,11,9.4357
mclovin,1,11.2273
mcmahon,16,9.0875
mcmahons,16,9.0875
mcmillan,3,10.5342
mcmurphy,1,11.2273
mcnairy,1,11.2273
mcnamara,10,9.5227
mcnamaras,10,9.5227
mcneil,2,10.8218
mcnull,1,11.2273
mcpherson,2,10.8218
mcqueen,25,8.6628
mcqueens,25,8.6628
mctwist,1,11.2273
mcveigh,1,11.2273
mcvie,1,11.2273
md,5,10.1288
md5,1,11.2273
md7,1,11.2273
md8,1,11.2273
me4,1,11.2273
me6,1,11.2273
me7,1,11.2273
meacham,1,11.2273
mead,5,10.1288
meade,5,10.1288
meades,5,10.1288
meadow,4,10.3111
meadowland,1,11.2273
meadowlane,1,11.2273
meadowlark,3,10.5342
meadows,4,10.3111
meadville,1,11.2273
meager,1,11.2273
meal,55,7.8961
meals,55,7.8961
mean,874,5.1619
meaner,1,11.2273
meaning,874,5.1619
meaningful,2,10.8218
meanings,874,5.1619
means,874,5.1619
meant,21,8.8298
mearth,1,11.2273
measure,56,7.8784
measured,56,7.8784
measurement,56,7.8784
measurements,56,7.8784
measures,56,7.8784
measuring,56,7.8784
meat,69,7.6732
meatloaf,3,10.5342
meats,69,7.6732
mecca,6,9.9746
mechanic,31,8.4552
mechanical,31,8.4552
mechanically,31,8.4552
mechanics,31,8.4552
mechanicsville,1,11.2273
mechanism,31,8.4552
mechanisms,31,8.4552
mechnikov,1,11.2273
mecleod,1,11.2273
med,4,10.3111
medal,49,8.0093
medalists,1,11.2273
medallion,1,11.2273
medallist,1,11.2273
medals,49,8.0093
meddle,2,10.8218
meddling,2,10.8218
mede,4,10.3111
medell,1,11.2273
medellin,1,11.2273
media,8,9.7233
mediaeval,2,10.8218
median,4,10.3111
mediator,3,10.5342
mediators,3,10.5342
medic,132,7.0325
medicaid,4,10.3111
medical,132,7.0325
medically,132,7.0325
medicare,8,9.7233
medication,132,7.0325
medications,132,7.0325
medici,4,10.3111
medicinal,41,8.1835
medicine,41,8.1835
medieval,29,8.5197
medina,4,10.3111
mediocre,2,10.8218
meditate,6,9.9746
meditation,6,9.9746
meditations,6,9.9746
mediterranean,42,8.16
medium,17,9.0304
mediums,17,9.0304
medley,1,11.2273
medusa,4,10.3111
medusas,4,10.3111
medvedev,1,11.2273
meeces,1,11.2273
meego,1,11.2273
meeko,1,11.2273
meeni,1,11.2273
meer,1,11.2273
meerkat,1,11.2273
meet,169,6.7877
meeting,169,6.7877
meetings,169,6.7877
meets,169,6.7877
meg,30,8.487
mega,7,9.8411
megabats,1,11.2273
megadeth,3,10.5342
megale,1,11.2273
megaloblastic,1,11.2273
megan,6,9.9746
megane,6,9.9746
megas,7,9.8411
megatron,2,10.8218
meggie,4,10.3111
meggies,4,10.3111
megiddo,1,11.2273
mehdia,1,11.2273
mehmed,2,10.8218
mei,3,10.5342
meibomian,2,10.8218
meiji,1,11.2273
mein,2,10.8218
meinhardt,2,10.8218
meir,3,10.5342
meisner,9,9.618
meister,2,10.8218
meitner,2,10.8218
meitnerium,1,11.2273
mekare,1,11.2273
mekhi,1,11.2273
mekong,4,10.3111
mel,64,7.7472
melamine,1,11.2273
melancholy,4,10.3111
melange,1,11.2273
melania,2,10.8218
melanie,8,9.7233
melanies,8,9.7233
melanin,3,10.5342
melanosome,1,11.2273
melatonin,1,11.2273
melba,5,10.1288
melbourne,6,9.9746
melcohm,1,11.2273
meld,6,9.9746
melds,6,9.9746
melee,13,9.2816
melencolia,1,11.2273
melfis,1,11.2273
melfords,1,11.2273
melilla,1,11.2273
melina,1,11.2273
melinda,5,10.1288
melindas,5,10.1288
melissa,4,10.3111
melissani,1,11.2273
melkor,1,11.2273
melktert,1,11.2273
melky,1,11.2273
mellancamp,1,11.2273
mellarks,1,11.2273
mellencamp,2,10.8218
mellie,1,11.2273
mello,1,11.2273
mellow,2,10.8218
melman,1,11.2273
melodic,2,10.8218
melodramatic,1,11.2273
melody,9,9.618
melon,3,10.5342
melonpan,1,11.2273
melora,1,11.2273
melpomene,2,10.8218
melrose,3,10.5342
mels,64,7.7472
melt,9,9.618
meltdown,2,10.8218
meltdowns,2,10.8218
melted,9,9.618
melting,9,9.618
melts,9,9.618
melusine,1,11.2273
melville,8,9.7233
melvilles,8,9.7233
melvin,9,9.618
member,584,5.5593
members,584,5.5593
membership,3,10.5342
membrane,10,9.5227
membranes,10,9.5227
memeber,1,11.2273
memento,10,9.5227
memes,1,11.2273
memnon,1,11.2273
memoir,9,9.618
memoirs,9,9.618
memorable,18,8.9763
memorably,18,8.9763
memorial,69,7.6732
memories,69,7.6732
memory,69,7.6732
memphis,14,9.2126
men,249,6.4035
menace,4,10.3111
menachem,7,9.8411
menagerie,1,11.2273
mencia,1,11.2273
mend,5,10.1288
mendel,2,10.8218
mendeleev,5,10.1288
mendelevium,1,11.2273
mendes,5,10.1288
mendoza,1,11.2273
menelaus,3,10.5342
menengai,1,11.2273
menes,249,6.4035
meninges,2,10.8218
meningitis,2,10.8218
menippe,1,11.2273
menisci,1,11.2273
menken,2,10.8218
menomonee,1,11.2273
mens,249,6.4035
mensheviks,1,11.2273
menshevism,1,11.2273
menshikov,1,11.2273
menstrual,1,11.2273
menswear,2,10.8218
mental,23,8.7428
mentality,23,8.7428
mentally,23,8.7428
mentha,1,11.2273
menthe,1,11.2273
mention,63,7.7627
mentioned,63,7.7627
mentioning,63,7.7627
mentions,63,7.7627
mento,1,11.2273
mentoplasty,1,11.2273
mentor,7,9.8411
mentored,7,9.8411
mentoring,7,9.8411
mentors,7,9.8411
menu,1,11.2273
meow,2,10.8218
meowington,1,11.2273
meows,2,10.8218
meperidine,1,11.2273
mephisto,1,11.2273
mephistopheles,1,11.2273
mer,5,10.1288
mera,1,11.2273
merab,1,11.2273
merapi,1,11.2273
mercalli,1,11.2273
mercantile,1,11.2273
mercator,2,10.8218
mercedes,6,9.9746
mercenary,3,10.5342
mercer,3,10.5342
merchant,15,9.1481
merchants,15,9.1481
merci,12,9.3557
merciful,12,9.3557
mercury,37,8.2835
mercurys,37,8.2835
mercy,12,9.3557
mercycle,1,11.2273
merdeka,1,11.2273
mere,5,10.1288
meredith,13,9.2816
merengue,2,10.8218
meretricious,1,11.2273
merge,10,9.5227
merged,10,9.5227
merger,3,10.5342
merging,10,9.5227
mergitur,1,11.2273
merhaba,1,11.2273
meridian,3,10.5342
meridith,1,11.2273
meringue,1,11.2273
meriwether,1,11.2273
merkel,1,11.2273
merkerson,6,9.9746
merkle,1,11.2273
merle,8,9.7233
merlin,6,9.9746
mermaid,24,8.702
mermaids,24,8.702
mermal,1,11.2273
merman,4,10.3111
mermish,1,11.2273
meromictic,1,11.2273
merope,2,10.8218
merovey,1,11.2273
merovingian,9,9.618
merovingians,9,9.618
merpeople,1,11.2273
merri,12,9.3557
merrick,1,11.2273
merridew,1,11.2273
merrill,3,10.5342
merrimen,1,11.2273
merriment,12,9.3557
merrowdene,1,11.2273
merry,12,9.3557
mers,5,10.1288
mersey,1,11.2273
mertz,2,10.8218
mertzes,2,10.8218
merv,1,11.2273
mervyn,1,11.2273
meryas,1,11.2273
meryl,36,8.3102
mesa,2,10.8218
mesaba,1,11.2273
mescalero,1,11.2273
mesconsing,1,11.2273
mesh,1,11.2273
meshach,2,10.8218
meshuggah,1,11.2273
meso,1,11.2273
mesoamerican,1,11.2273
mesopotamia,9,9.618
mesopotamian,3,10.5342
mesopotamians,3,10.5342
mesoproterozoic,2,10.8218
mesosoma,1,11.2273
mesozoic,9,9.618
mess,14,9.2126
message,28,8.5536
messages,28,8.5536
messaging,28,8.5536
messalina,1,11.2273
messe,14,9.2126
messenger,6,9.9746
messengers,6,9.9746
messerschmidt,1,11.2273
messes,14,9.2126
messiah,1,11.2273
messier,54,7.9141
messina,2,10.8218
messing,14,9.2126
messings,14,9.2126
messinian,1,11.2273
met,115,7.1689
meta,2,10.8218
metaarsenite,1,11.2273
metabolic,5,10.1288
metabolism,5,10.1288
metafisica,1,11.2273
metal,67,7.7021
metallic,67,7.7021
metallica,18,8.9763
metallicas,18,8.9763
metallurgy,1,11.2273
metals,67,7.7021
metalworking,1,11.2273
metamorphic,1,11.2273
metamorphosis,1,11.2273
metaphor,1,11.2273
metaphysical,3,10.5342
metaphysics,3,10.5342
metasoma,1,11.2273
metatarsals,1,11.2273
metatherian,1,11.2273
metcalf,3,10.5342
metcalfe,3,10.5342
meteor,2,10.8218
meteora,12,9.3557
meteorites,1,11.2273
meteoroid,2,10.8218
meteoroids,2,10.8218
meteorology,1,11.2273
meter,37,8.2835
meters,37,8.2835
meth,2,10.8218
methane,4,10.3111
methanol,1,11.2273
methemoglobinemia,1,11.2273
methexis,1,11.2273
method,64,7.7472
methodist,4,10.3111
methods,64,7.7472
methuselah,1,11.2273
methyphobia,1,11.2273
metical,1,11.2273
metis,2,10.8218
metorid,2,10.8218
metre,3,10.5342
metres,3,10.5342
metric,15,9.1481
metro,4,10.3111
metroid,23,8.7428
metroids,23,8.7428
metropolis,1,11.2273
metropolitan,8,9.7233
metroville,1,11.2273
mets,115,7.1689
mette,1,11.2273
metz,1,11.2273
metzenbaum,1,11.2273
mewtwo,1,11.2273
mexicali,2,10.8218
mexican,39,8.2322
mexico,102,7.2875
mexicos,102,7.2875
meyer,5,10.1288
meyers,5,10.1288
meyrieres,1,11.2273
mezmerize,1,11.2273
mezzanine,10,9.5227
mf,3,10.5342
mf5,1,11.2273
mfa,1,11.2273
mfsb,1,11.2273
mg,4,10.3111
mg1,1,11.2273
mg3,1,11.2273
mg42,1,11.2273
mg7,1,11.2273
mgm,6,9.9746
mgs,4,10.3111
mgy,1,11.2273
mhath,1,11.2273
mi,11,9.4357
mi6,2,10.8218
mia,25,8.6628
miami,39,8.2322
mian,1,11.2273
mias,25,8.6628
micah,2,10.8218
micchi,1,11.2273
mice,18,8.9763
micelli,6,9.9746
mices,18,8.9763
michael,382,5.9793
michaels,382,5.9793
michaelss,1,11.2273
michal,3,10.5342
michaux,1,11.2273
micheal,4,10.3111
michel,39,8.2322
michelangelo,22,8.7853
michelangelos,22,8.7853
michele,39,8.2322
michelini,1,11.2273
michelle,39,8.2322
michelles,39,8.2322
michelob,1,11.2273
michelson,1,11.2273
michigan,40,8.2076
michtom,1,11.2273
mick,12,9.3557
mickey,25,8.6628
mickeys,25,8.6628
micki,5,10.1288
mickie,5,10.1288
micky,5,10.1288
micro,3,10.5342
microbe,9,9.618
microbes,9,9.618
microbiologist,1,11.2273
microcontinent,1,11.2273
microexpressions,2,10.8218
microfiber,1,11.2273
micrometer,2,10.8218
micron,1,11.2273
micronesia,4,10.3111
microorganisms,3,10.5342
microphobia,1,11.2273
microphone,2,10.8218
microphones,2,10.8218
micropolitan,1,11.2273
microraptor,2,10.8218
microscop,9,9.618
microscope,9,9.618
microscopic,9,9.618
microsoft,19,8.925
microsofts,19,8.925
microwave,9,9.618
microwaved,9,9.618
microwaves,9,9.618
mid,45,8.0926
midagahara,1,11.2273
midair,1,11.2273
midday,1,11.2273
midden,1,11.2273
middle,153,6.8862
middlesex,2,10.8218
middleton,13,9.2816
middletons,13,9.2816
middleweight,1,11.2273
midfielder,1,11.2273
midge,4,10.3111
midges,4,10.3111
midget,2,10.8218
midgets,2,10.8218
midi,1,11.2273
midinayah,1,11.2273
midland,1,11.2273
midler,2,10.8218
midlers,2,10.8218
midlife,2,10.8218
midline,1,11.2273
midnight,37,8.2835
midnights,37,8.2835
midori,1,11.2273
midst,2,10.8218
midsummer,5,10.1288
midway,2,10.8218
midwest,4,10.3111
midwestern,8,9.7233
midwinter,2,10.8218
mie,11,9.4357
mientkiewicz,1,11.2273
mifflin,2,10.8218
mig,4,10.3111
mightier,15,9.1481
mightiest,1,11.2273
mightve,1,11.2273
mighty,15,9.1481
migrate,8,9.7233
migrates,8,9.7233
migration,8,9.7233
migs,4,10.3111
miguel,4,10.3111
miguelito,1,11.2273
mikado,1,11.2273
mikaela,1,11.2273
mike,92,7.3895
mikes,92,7.3895
mikey,8,9.7233
mikeys,8,9.7233
mikhail,10,9.5227
mikhailmil,1,11.2273
mikhailov,1,11.2273
mikhailovich,1,11.2273
miklos,1,11.2273
mikul,1,11.2273
mil,109,7.2219
mila,2,10.8218
milan,23,8.7428
milano,3,10.5342
milans,23,8.7428
milbank,1,11.2273
milburn,3,10.5342
milch,1,11.2273
mild,4,10.3111
mildest,1,11.2273
mildred,6,9.9746
mile,109,7.2219
milenajesensk,1,11.2273
miles,109,7.2219
milestone,1,11.2273
miletus,2,10.8218
miley,26,8.6251
mileys,26,8.6251
milholland,1,11.2273
milhous,2,10.8218
milhouse,2,10.8218
milian,2,10.8218
milisoft,1,11.2273
military,111,7.2039
militello,1,11.2273
militia,3,10.5342
milk,72,7.6313
milked,72,7.6313
milking,72,7.6313
milkman,2,10.8218
milkshake,1,11.2273
milky,4,10.3111
milkyway,1,11.2273
mill,7,9.8411
milla,10,9.5227
millais,3,10.5342
milland,2,10.8218
millands,2,10.8218
millard,5,10.1288
millay,3,10.5342
mille,7,9.8411
millenium,1,11.2273
millennia,1,11.2273
millennium,10,9.5227
miller,41,8.1835
millers,41,8.1835
milli,12,9.3557
millicent,4,10.3111
millimeters,1,11.2273
milliner,1,11.2273
millings,7,9.8411
million,123,7.1024
millionaire,11,9.4357
millions,123,7.1024
millionth,1,11.2273
milllion,1,11.2273
mills,7,9.8411
milne,2,10.8218
milo,9,9.618
milorad,1,11.2273
milos,9,9.618
milt,2,10.8218
milton,18,8.9763
miltons,18,8.9763
milvian,1,11.2273
milwaukee,16,9.0875
milwaukkee,1,11.2273
mimas,1,11.2273
mime,5,10.1288
mimes,5,10.1288
mimi,6,9.9746
mimic,2,10.8218
mimsie,1,11.2273
min,31,8.4552
mina,3,10.5342
minarets,1,11.2273
minas,3,10.5342
mince,2,10.8218
mincing,2,10.8218
mind,68,7.6875
mindanao,2,10.8218
mindbenders,1,11.2273
mindcrime,1,11.2273
minded,68,7.6875
minds,68,7.6875
mindy,13,9.2816
mindys,13,9.2816
mine,31,8.4552
mined,31,8.4552
minelli,5,10.1288
miner,36,8.3102
mineral,36,8.3102
minerals,36,8.3102
miners,36,8.3102
minerva,2,10.8218
mines,31,8.4552
minestrone,1,11.2273
minetti,1,11.2273
ming,6,9.9746
mingghan,1,11.2273
minghella,1,11.2273
mingus,1,11.2273
minh,1,11.2273
mini,18,8.9763
miniature,5,10.1288
minicoy,1,11.2273
minimal,3,10.5342
minimalist,1,11.2273
minimum,6,9.9746
minin,1,11.2273
mining,31,8.4552
miniscule,1,11.2273
miniseries,3,10.5342
minister,73,7.6177
ministers,73,7.6177
ministry,7,9.8411
miniver,1,11.2273
mink,4,10.3111
minkowski,5,10.1288
minneapolis,7,9.8411
minnelli,9,9.618
minnesota,48,8.0295
minnesotas,48,8.0295
minnewahwahs,1,11.2273
minnie,3,10.5342
minniwahwah,1,11.2273
minnows,1,11.2273
minny,3,10.5342
minoan,2,10.8218
minogue,11,9.4357
minogues,11,9.4357
minor,38,8.2575
minorca,1,11.2273
minorities,38,8.2575
minority,38,8.2575
minos,1,11.2273
minotaur,1,11.2273
minoxidil,1,11.2273
mins,31,8.4552
minsk,3,10.5342
minster,1,11.2273
minstrels,1,11.2273
mint,11,9.4357
minted,11,9.4357
mintonette,1,11.2273
minus,1,11.2273
minute,110,7.2129
minuteman,1,11.2273
minutes,110,7.2129
minutesoccurred,1,11.2273
mioglobin,1,11.2273
mir,2,10.8218
mira,2,10.8218
mirabilis,1,11.2273
miracle,20,8.8763
miracles,20,8.8763
miraculous,1,11.2273
miramar,1,11.2273
miranda,12,9.3557
mirandized,1,11.2273
miraz,2,10.8218
miriam,2,10.8218
miroslav,1,11.2273
mirror,25,8.6628
mirrors,25,8.6628
mis,11,9.4357
misanthrope,1,11.2273
misbehavin,1,11.2273
misbehaving,1,11.2273
miscarriage,1,11.2273
miscavige,1,11.2273
mischief,1,11.2273
mischkin,1,11.2273
misdreavus,1,11.2273
miseducation,1,11.2273
miser,6,9.9746
miserable,6,9.9746
miserables,6,9.9746
miserablesand,1,11.2273
miserly,1,11.2273
misery,13,9.2816
misfit,10,9.5227
misfits,10,9.5227
misfortune,1,11.2273
misguided,1,11.2273
mishap,1,11.2273
misheard,3,10.5342
mishna,1,11.2273
misi,1,11.2273
misleadingly,1,11.2273
miso,1,11.2273
mispronunciation,1,11.2273
miss,226,6.4995
missal,1,11.2273
missed,226,6.4995
misses,226,6.4995
missile,17,9.0304
missiles,17,9.0304
missing,226,6.4995
mission,50,7.9895
missionary,4,10.3111
missions,50,7.9895
mississippi,55,7.8961
mississippian,1,11.2273
missouri,61,7.7944
misspelled,2,10.8218
misspelling,2,10.8218
missy,3,10.5342
mist,3,10.5342
mistake,12,9.3557
mistaken,4,10.3111
mistakenly,2,10.8218
mistakes,12,9.3557
mister,8,9.7233
misterrogers,1,11.2273
misters,8,9.7233
mistletoe,4,10.3111
mistral,1,11.2273
mistreatment,1,11.2273
mistress,7,9.8411
mistrust,1,11.2273
mists,3,10.5342
misty,12,9.3557
misuk,1,11.2273
misunderstood,1,11.2273
misused,1,11.2273
mit,4,10.3111
mitch,6,9.9746
mitchard,2,10.8218
mitchel,11,9.4357
mitchell,11,9.4357
mitchels,11,9.4357
mitchies,2,10.8218
mitchum,1,11.2273
mite,4,10.3111
mitganaiyim,1,11.2273
mithral,1,11.2273
mitochondria,2,10.8218
mitochondrial,2,10.8218
mitochondrias,2,10.8218
mitral,1,11.2273
mitsein,1,11.2273
mitten,2,10.8218
mittens,2,10.8218
mitterrand,1,11.2273
mitts,1,11.2273
mitumba,1,11.2273
mitylene,1,11.2273
miu,1,11.2273
miura,1,11.2273
miwok,1,11.2273
mix,41,8.1835
mixed,41,8.1835
mixer,1,11.2273
mixing,41,8.1835
mixture,9,9.618
miyamoto,1,11.2273
miyata,1,11.2273
miyerkules,1,11.2273
miyoshi,1,11.2273
mizaru,1,11.2273
mizer,10,9.5227
mizers,10,9.5227
mizrahi,1,11.2273
mizzou,2,10.8218
mizzous,2,10.8218
mj4,1,11.2273
mjesecu,1,11.2273
mk5,1,11.2273
mkultra,1,11.2273
ml,6,9.9746
ml6,1,11.2273
mlb,18,8.9763
mlbs,18,8.9763
mloda,1,11.2273
mls,6,9.9746
mm,5,10.1288
mm1,1,11.2273
mmc,2,10.8218
mme,1,11.2273
mmix,1,11.2273
mmm,1,11.2273
mmmm,1,11.2273
mms,5,10.1288
mn,3,10.5342
mndy,1,11.2273
mneme,1,11.2273
mnemonist,1,11.2273
mnemophobia,1,11.2273
mnemosyne,2,10.8218
mnnelli,1,11.2273
mo,13,9.2816
mo2,1,11.2273
moa,9,9.618
moab,2,10.8218
moammar,1,11.2273
moana,1,11.2273
moaning,1,11.2273
moasaurs,1,11.2273
moats,1,11.2273
mob,13,9.2816
mobile,7,9.8411
mobley,1,11.2273
mobster,9,9.618
mobsters,9,9.618
moby,6,9.9746
mocelli,1,11.2273
mocha,2,10.8218
mock,3,10.5342
mockingbird,8,9.7233
mockumentary,1,11.2273
mod,21,8.8298
modal,1,11.2273
mode,21,8.8298
model,95,7.3578
modelbuch,1,11.2273
modeled,95,7.3578
modell,95,7.3578
modelled,95,7.3578
modelling,95,7.3578
models,95,7.3578
modem,2,10.8218
modena,1,11.2273
moderate,6,9.9746
moderately,6,9.9746
moderation,6,9.9746
moderato,1,11.2273
modern,128,7.0629
modernism,128,7.0629
modernist,5,10.1288
modes,21,8.8298
modest,3,10.5342
modification,2,10.8218
modified,6,9.9746
modifier,6,9.9746
modifies,6,9.9746
modugno,1,11.2273
modulation,6,9.9746
module,6,9.9746
modus,1,11.2273
moe,13,9.2816
moes,13,9.2816
moesha,1,11.2273
moff,3,10.5342
moffat,1,11.2273
moffitt,2,10.8218
mofongo,1,11.2273
mogadishu,3,10.5342
mogambo,1,11.2273
mogao,1,11.2273
moggridge,1,11.2273
mogul,6,9.9746
mohair,1,11.2273
mohamed,3,10.5342
mohandas,3,10.5342
mohave,1,11.2273
mohawk,7,9.8411
mohel,1,11.2273
mohican,3,10.5342
mohicans,3,10.5342
mohinder,1,11.2273
mohs,1,11.2273
moi,3,10.5342
moines,4,10.3111
moira,1,11.2273
moirologist,1,11.2273
mois,3,10.5342
moist,2,10.8218
moisture,1,11.2273
moisturisers,1,11.2273
mojave,2,10.8218
mojito,2,10.8218
mola,1,11.2273
molarity,3,10.5342
molars,3,10.5342
molasses,4,10.3111
mold,3,10.5342
moldova,2,10.8218
moldovan,2,10.8218
molds,3,10.5342
mole,12,9.3557
molecular,3,10.5342
molecule,9,9.618
molecules,9,9.618
molehill,1,11.2273
moles,12,9.3557
molesting,1,11.2273
moli,1,11.2273
moliere,2,10.8218
moller,1,11.2273
molloys,1,11.2273
mollusca,1,11.2273
mollusk,8,9.7233
mollusks,8,9.7233
molly,21,8.8298
mollys,21,8.8298
molokai,2,10.8218
molotov,1,11.2273
moltisanti,1,11.2273
mom,64,7.7472
mombasa,2,10.8218
moment,25,8.6628
momentary,1,11.2273
momentous,25,8.6628
moments,25,8.6628
momma,2,10.8218
mommas,2,10.8218
mommie,5,10.1288
mommy,5,10.1288
mommys,5,10.1288
momoyo,1,11.2273
moms,64,7.7472
mon,6,9.9746
mona,19,8.925
monaco,17,9.0304
monad,1,11.2273
monarch,36,8.3102
monarchism,36,8.3102
monarchs,36,8.3102
monarchy,24,8.702
monasteries,17,9.0304
monastery,17,9.0304
monastic,2,10.8218
moncada,1,11.2273
mondale,2,10.8218
monday,24,8.702
mondays,24,8.702
monde,2,10.8218
mondegreen,1,11.2273
mondello,1,11.2273
monegasque,1,11.2273
moneme,1,11.2273
monessen,1,11.2273
monet,4,10.3111
monetary,6,9.9746
money,94,7.3682
moneylender,1,11.2273
moneypenny,2,10.8218
mongering,1,11.2273
mongo,4,10.3111
mongol,3,10.5342
mongolia,7,9.8411
mongolian,1,11.2273
mongomery,1,11.2273
mongoose,3,10.5342
moni,3,10.5342
monia,2,10.8218
monica,37,8.2835
monicas,37,8.2835
moniker,4,10.3111
monique,2,10.8218
monism,1,11.2273
monitor,9,9.618
monitoring,9,9.618
monitors,9,9.618
monk,26,8.6251
monkees,18,8.9763
monkey,25,8.6628
monkeys,25,8.6628
monks,26,8.6251
monmouth,3,10.5342
monmouths,3,10.5342
mono,2,10.8218
monobrowphism,1,11.2273
monocerotis,1,11.2273
monodromy,1,11.2273
monogamous,4,10.3111
monogamy,1,11.2273
monogatari,1,11.2273
monogram,1,11.2273
monoikos,1,11.2273
monolithic,1,11.2273
monologue,4,10.3111
monologues,4,10.3111
monomania,1,11.2273
monomyth,1,11.2273
monongahela,1,11.2273
monophonic,1,11.2273
monopole,1,11.2273
monopoly,15,9.1481
monorail,1,11.2273
monotheistic,4,10.3111
monotony,1,11.2273
monotreme,4,10.3111
monotremes,4,10.3111
monroe,40,8.2076
monroes,40,8.2076
monrovia,1,11.2273
mons,6,9.9746
monsanto,1,11.2273
monsieur,1,11.2273
monsignor,1,11.2273
monsoons,1,11.2273
monster,87,7.4447
monsters,87,7.4447
monstrous,1,11.2273
monstru,1,11.2273
mont,18,8.9763
montag,5,10.1288
montage,5,10.1288
montagne,1,11.2273
montags,5,10.1288
montague,2,10.8218
montalban,2,10.8218
montalbano,1,11.2273
montana,60,7.8106
montanas,60,7.8106
montanism,1,11.2273
montcalm,1,11.2273
montclair,1,11.2273
monte,18,8.9763
montefalco,1,11.2273
montego,2,10.8218
montenegro,8,9.7233
monterey,11,9.4357
montes,18,8.9763
montesquieu,1,11.2273
montevideo,3,10.5342
montez,1,11.2273
montezuma,2,10.8218
montgomery,24,8.702
month,168,6.7936
monthly,5,10.1288
months,168,6.7936
monticello,3,10.5342
montpelier,3,10.5342
montr,24,8.702
montreal,24,8.702
montrose,1,11.2273
montserrat,2,10.8218
monturiol,1,11.2273
monty,43,8.137
montydibiasi,1,11.2273
monument,20,8.8763
monumental,3,10.5342
monuments,20,8.8763
mony,3,10.5342
moo,1,11.2273
mooch,1,11.2273
mood,15,9.1481
moods,15,9.1481
moody,5,10.1288
moog,1,11.2273
mookie,3,10.5342
moon,158,6.8544
moonblood,1,11.2273
moonbounce,1,11.2273
moondance,1,11.2273
moondogs,1,11.2273
mooney,2,10.8218
moonflower,1,11.2273
moonhead,1,11.2273
moonless,1,11.2273
moonlight,12,9.3557
moonlighting,12,9.3557
moonraker,2,10.8218
moonriver,1,11.2273
moons,158,6.8544
moonshadow,1,11.2273
moonspinners,1,11.2273
moonstruck,3,10.5342
moonwalk,2,10.8218
moony,1,11.2273
moor,63,7.7627
moore,63,7.7627
moorea,1,11.2273
moored,63,7.7627
moores,63,7.7627
moorhead,1,11.2273
moose,8,9.7233
mop,1,11.2273
moqueca,1,11.2273
moral,12,9.3557
morale,12,9.3557
morality,12,9.3557
morally,12,9.3557
moran,1,11.2273
morandi,1,11.2273
moranis,1,11.2273
morasca,1,11.2273
morbid,3,10.5342
morbidly,1,11.2273
morbilli,1,11.2273
mordant,1,11.2273
mordecai,4,10.3111
mordechai,1,11.2273
mordred,3,10.5342
morehead,1,11.2273
moreira,2,10.8218
morello,4,10.3111
moresby,5,10.1288
moret,1,11.2273
morey,1,11.2273
morgan,36,8.3102
morganite,1,11.2273
morganthall,1,11.2273
morgendorffer,1,11.2273
morgenstern,1,11.2273
morgoth,1,11.2273
morgue,2,10.8218
mori,1,11.2273
morissette,2,10.8218
morissettes,2,10.8218
morisson,1,11.2273
mork,13,9.2816
morks,13,9.2816
morland,2,10.8218
morley,6,9.9746
mormon,3,10.5342
mormonism,3,10.5342
mormons,3,10.5342
mornay,1,11.2273
mornin,1,11.2273
morning,59,7.8271
mornings,59,7.8271
moro,1,11.2273
moroccan,3,10.5342
morocco,25,8.6628
moroccos,25,8.6628
moron,1,11.2273
moroni,2,10.8218
morose,2,10.8218
morph,3,10.5342
morpheus,2,10.8218
morphine,2,10.8218
morphogenesis,1,11.2273
morphy,2,10.8218
morpork,2,10.8218
morpurgo,1,11.2273
morrible,1,11.2273
morrigan,1,11.2273
morris,24,8.702
morrisette,1,11.2273
morrison,15,9.1481
morrisons,15,9.1481
morrissey,1,11.2273
morrow,2,10.8218
morrows,2,10.8218
morse,6,9.9746
mort,5,10.1288
mortal,15,9.1481
mortality,15,9.1481
mortally,15,9.1481
mortals,15,9.1481
mortem,1,11.2273
mortensen,2,10.8218
mortenson,1,11.2273
mortgage,1,11.2273
morticas,1,11.2273
morticia,2,10.8218
mortician,1,11.2273
mortimer,7,9.8411
mortis,2,10.8218
mortola,1,11.2273
morton,1,11.2273
morty,2,10.8218
mos,13,9.2816
mosaic,2,10.8218
mosasaurs,1,11.2273
moscow,13,9.2816
moselle,1,11.2273
mosely,38,8.2575
moses,38,8.2575
mosesian,1,11.2273
mosess,1,11.2273
mosh,2,10.8218
mosher,1,11.2273
mosi,2,10.8218
moskowa,1,11.2273
moskstraumen,1,11.2273
mosque,5,10.1288
mosquito,11,9.4357
mosquitoes,11,9.4357
mosquitos,11,9.4357
moss,15,9.1481
mosses,15,9.1481
mosss,1,11.2273
mossy,1,11.2273
most,971,5.0585
mostly,46,8.0711
motel,11,9.4357
motels,11,9.4357
moth,5,10.1288
mother,279,6.2907
motherboard,1,11.2273
motherland,4,10.3111
motherlode,1,11.2273
mothers,279,6.2907
moths,5,10.1288
mothwings,1,11.2273
motif,4,10.3111
motion,48,8.0295
motionless,2,10.8218
motions,48,8.0295
motiva,1,11.2273
motivated,4,10.3111
motivates,4,10.3111
motivational,4,10.3111
motley,5,10.1288
moto,1,11.2273
motocross,1,11.2273
motor,37,8.2835
motorbike,2,10.8218
motorbikes,2,10.8218
motorcade,1,11.2273
motorcycle,11,9.4357
motorcycles,11,9.4357
motorist,3,10.5342
motorists,3,10.5342
motorized,37,8.2835
motorola,1,11.2273
motors,37,8.2835
motorsport,2,10.8218
motorsports,2,10.8218
motown,15,9.1481
motowns,15,9.1481
mots,1,11.2273
motto,87,7.4447
mottoes,87,7.4447
mottola,1,11.2273
motzkin,1,11.2273
mouldy,1,11.2273
moulein,1,11.2273
moulin,4,10.3111
moulton,2,10.8218
mound,2,10.8218
mount,85,7.4676
mountain,172,6.7702
mountaineer,172,6.7702
mountainous,172,6.7702
mountains,172,6.7702
mountbatten,2,10.8218
mounted,85,7.4676
mountian,2,10.8218
mountie,1,11.2273
mounts,85,7.4676
mouri,1,11.2273
mourn,8,9.7233
mourning,8,9.7233
mouse,30,8.487
mouseketeer,2,10.8218
mouses,30,8.487
mousie,1,11.2273
moustache,1,11.2273
mouth,31,8.4552
mouthed,31,8.4552
mouthful,31,8.4552
mouthpiece,1,11.2273
mouths,31,8.4552
mouthwash,1,11.2273
movable,1,11.2273
move,172,6.7702
moveable,172,6.7702
moved,172,6.7702
movement,64,7.7472
movements,64,7.7472
mover,1,11.2273
moves,172,6.7702
movie,4304,3.6278
movies,4304,3.6278
movin,3,10.5342
moving,172,6.7702
mow,2,10.8218
mowgly,1,11.2273
mows,2,10.8218
moxie,1,11.2273
moyer,1,11.2273
mozambican,1,11.2273
mozambique,10,9.5227
mozart,28,8.5536
mozarts,28,8.5536
moze,1,11.2273
mozhaiskij,1,11.2273
mozilla,1,11.2273
mozzarella,1,11.2273
mozzhorin,1,11.2273
mp,1,11.2273
mp1,1,11.2273
mp3,2,10.8218
mp3s,2,10.8218
mp40,1,11.2273
mp6,1,11.2273
mpas,1,11.2273
mpg,1,11.2273
mph,10,9.5227
mq3,1,11.2273
mq4,1,11.2273
mr,255,6.3798
mr1,1,11.2273
mr5,1,11.2273
mri,1,11.2273
mrk,1,11.2273
mrkos,189,6.6768
mrs,255,6.3798
ms,26,8.6251
ms1,1,11.2273
ms4,1,11.2273
msnbc,1,11.2273
msp,1,11.2273
mst,1,11.2273
mt,24,8.702
mt1,1,11.2273
mt4,1,11.2273
mt69,1,11.2273
mt8,1,11.2273
mtm,3,10.5342
mtv,54,7.9141
mtvs,54,7.9141
mu,1,11.2273
mu4,1,11.2273
mu5,1,11.2273
mu6,1,11.2273
mu8,1,11.2273
muammar,1,11.2273
mubarak,2,10.8218
muccino,1,11.2273
muchim,1,11.2273
mucho,1,11.2273
mucus,1,11.2273
mud,3,10.5342
muddah,15,9.1481
mudder,1,11.2273
muddy,3,10.5342
mudflap,1,11.2273
mudge,1,11.2273
mudgobbling,1,11.2273
mudi,1,11.2273
mudpuppies,10,9.5227
mudpuppy,10,9.5227
mudra,2,10.8218
mudville,1,11.2273
mueller,1,11.2273
muenchen,1,11.2273
muerte,1,11.2273
muertos,1,11.2273
muesli,1,11.2273
muezza,1,11.2273
mufasa,1,11.2273
muff,2,10.8218
muffs,2,10.8218
mufti,1,11.2273
mugabe,1,11.2273
mugasa,1,11.2273
mugger,1,11.2273
muggle,4,10.3111
muggsy,1,11.2273
mughal,3,10.5342
mugs,1,11.2273
muhammad,26,8.6251
muiderberg,1,11.2273
muir,1,11.2273
muirhead,1,11.2273
mukden,1,11.2273
mukherji,1,11.2273
mulan,3,10.5342
mulatto,1,11.2273
mulberry,4,10.3111
mulcahy,9,9.618
mulder,9,9.618
muldoon,4,10.3111
mule,5,10.1288
mulefa,1,11.2273
mules,5,10.1288
muleskinner,1,11.2273
mulford,1,11.2273
mulholland,2,10.8218
mullane,1,11.2273
muller,1,11.2273
mullet,1,11.2273
mulligan,1,11.2273
mulray,1,11.2273
multi,17,9.0304
multicellular,2,10.8218
multicolored,3,10.5342
multifunctional,1,11.2273
multimediacard,1,11.2273
multimillionaire,2,10.8218
multinational,4,10.3111
multiplayer,5,10.1288
multiple,25,8.6628
multiplication,25,8.6628
multiplied,10,9.5227
multiplies,10,9.5227
multiply,10,9.5227
multiracial,1,11.2273
multisanti,1,11.2273
multishot,1,11.2273
multistory,1,11.2273
multitalented,1,11.2273
multnomah,1,11.2273
mulvihill,1,11.2273
mulwray,2,10.8218
mum,2,10.8218
mumbai,2,10.8218
mumble,2,10.8218
mumford,1,11.2273
mummies,5,10.1288
mummification,1,11.2273
mummy,5,10.1288
munchiebot,1,11.2273
munchkin,1,11.2273
muncie,1,11.2273
mundi,1,11.2273
mundilfari,1,11.2273
mundo,1,11.2273
mungo,2,10.8218
mungos,2,10.8218
muni,1,11.2273
munich,12,9.3557
municipal,5,10.1288
municipality,5,10.1288
munin,1,11.2273
munitions,1,11.2273
muniz,2,10.8218
munny,1,11.2273
muno,1,11.2273
munoz,1,11.2273
munroe,1,11.2273
munshin,1,11.2273
munson,4,10.3111
munster,12,9.3557
munsters,12,9.3557
muppet,11,9.4357
muppets,11,9.4357
mur,2,10.8218
mura,1,11.2273
muradin,2,10.8218
murakami,2,10.8218
mural,1,11.2273
murder,118,7.1434
murderdolls,1,11.2273
murdered,118,7.1434
murderer,118,7.1434
murderers,118,7.1434
murdering,118,7.1434
murderous,118,7.1434
murders,118,7.1434
murdoch,1,11.2273
murdock,5,10.1288
mure,2,10.8218
muresan,1,11.2273
murfreesboro,3,10.5342
murgese,1,11.2273
muriel,1,11.2273
murky,1,11.2273
murmansk,1,11.2273
muroyama,1,11.2273
murphy,50,7.9895
murphys,50,7.9895
murraco,1,11.2273
murray,25,8.6628
murrays,25,8.6628
murrow,2,10.8218
musaceae,1,11.2273
musandam,1,11.2273
musawasensis,1,11.2273
muscal,1,11.2273
muscas,1,11.2273
muscat,5,10.1288
muscle,43,8.137
muscles,43,8.137
muscogee,1,11.2273
muscular,3,10.5342
muse,11,9.4357
muses,11,9.4357
museum,37,8.2835
mush,2,10.8218
musharraf,1,11.2273
musher,1,11.2273
mushing,2,10.8218
mushroom,21,8.8298
mushrooms,21,8.8298
mushu,1,11.2273
music,687,5.399
musica,1,11.2273
musical,687,5.399
musicals,687,5.399
musician,217,6.5398
musicians,217,6.5398
musics,687,5.399
musk,1,11.2273
musket,7,9.8411
musketeers,7,9.8411
muskie,2,10.8218
muskingum,1,11.2273
muskrat,1,11.2273
musky,2,10.8218
muslim,23,8.7428
muslims,23,8.7428
musophobia,1,11.2273
mussafia,1,11.2273
mussel,1,11.2273
musso,1,11.2273
mussolini,3,10.5342
mustache,1,11.2273
mustafa,2,10.8218
mustaine,2,10.8218
mustang,4,10.3111
mustard,5,10.1288
mustering,1,11.2273
muta,1,11.2273
mutant,20,8.8763
mutants,20,8.8763
mutated,2,10.8218
mutation,2,10.8218
mute,2,10.8218
mutilated,1,11.2273
mutiny,1,11.2273
mutt,1,11.2273
muttations,1,11.2273
mutter,2,10.8218
mutters,2,10.8218
mutton,1,11.2273
mutual,3,10.5342
mutya,1,11.2273
muybridge,1,11.2273
muzzled,1,11.2273
mv1,1,11.2273
mvp,43,8.137
mvps,43,8.137
mw6,1,11.2273
mx,2,10.8218
mx7,1,11.2273
mx8,1,11.2273
my3,1,11.2273
my6,1,11.2273
mya,2,10.8218
myanmar,9,9.618
myas,2,10.8218
myca,2,10.8218
mycenaean,1,11.2273
mycobacterium,2,10.8218
mycology,2,10.8218
mycroft,1,11.2273
mydsmbr,1,11.2273
myers,15,9.1481
myerson,1,11.2273
myg,1,11.2273
mylangin,1,11.2273
myles,5,10.1288
myliu,1,11.2273
mynah,1,11.2273
myocardium,1,11.2273
myology,1,11.2273
myorrhexis,1,11.2273
myra,3,10.5342
myriad,1,11.2273
myrmecology,1,11.2273
myrmecophobic,1,11.2273
myrna,1,11.2273
myron,2,10.8218
myself,19,8.925
myst,1,11.2273
mysterians,2,10.8218
mysteries,58,7.8439
mysterious,58,7.8439
mysteriously,58,7.8439
mystery,58,7.8439
mystic,21,8.8298
mystical,21,8.8298
myth,25,8.6628
mythic,21,8.8298
mythical,21,8.8298
mythological,116,7.1603
mythologies,116,7.1603
mythology,116,7.1603
myths,25,8.6628
mzee,1,11.2273
n,307,6.1959
n1,1,11.2273
na,9,9.618
naacp,2,10.8218
naalehu,1,11.2273
nabataean,1,11.2273
nabelek,1,11.2273
nabisco,1,11.2273
nabokov,2,10.8218
naboo,2,10.8218
nabors,1,11.2273
nabucco,1,11.2273
nacelle,1,11.2273
nachgewahren,1,11.2273
nachman,1,11.2273
nacho,1,11.2273
nacional,1,11.2273
nack,1,11.2273
nacl,2,10.8218
nacre,1,11.2273
nad,1,11.2273
nada,1,11.2273
nadal,1,11.2273
nader,1,11.2273
nadezhda,1,11.2273
nadia,4,10.3111
nadine,3,10.5342
nadira,1,11.2273
nadler,2,10.8218
naegle,1,11.2273
nafta,1,11.2273
nag,2,10.8218
nagakura,1,11.2273
nagana,1,11.2273
nagano,2,10.8218
nagasaki,5,10.1288
nagila,1,11.2273
nagini,2,10.8218
nagumo,1,11.2273
nagyszentmikl,1,11.2273
nahco3,1,11.2273
nahnu,1,11.2273
nahual,1,11.2273
nahuatl,1,11.2273
nahum,1,11.2273
naiad,2,10.8218
nail,14,9.2126
nailed,14,9.2126
nails,14,9.2126
naim,1,11.2273
naine,1,11.2273
naipaul,1,11.2273
naira,1,11.2273
nairobi,3,10.5342
naismith,3,10.5342
naismithball,1,11.2273
naja,1,11.2273
najm,1,11.2273
naka,1,11.2273
nakatira,1,11.2273
nakatomi,1,11.2273
naked,19,8.925
nakfa,1,11.2273
nakheel,1,11.2273
nakhichevan,1,11.2273
naklethi,1,11.2273
nakon,1,11.2273
nakupenda,1,11.2273
nala,1,11.2273
nalia,1,11.2273
namaskar,1,11.2273
namaste,2,10.8218
namath,4,10.3111
nambassa,1,11.2273
nambla,1,11.2273
name,4280,3.633
named,4280,3.633
namely,4280,3.633
names,4280,3.633
namesake,1,11.2273
nami,2,10.8218
namibia,5,10.1288
namikaze,1,11.2273
naming,4280,3.633
namomis,1,11.2273
nampho,1,11.2273
nampula,1,11.2273
nan,1,11.2273
nanak,1,11.2273
nance,2,10.8218
nancy,40,8.2076
nancygreen,1,11.2273
nancys,40,8.2076
nanette,1,11.2273
nani,1,11.2273
naniwa,1,11.2273
nanny,16,9.0875
nano,1,11.2273
nanoo,1,11.2273
nanook,1,11.2273
nanopods,1,11.2273
nanosoft,1,11.2273
nantes,1,11.2273
nantucket,1,11.2273
naoh,1,11.2273
naomi,18,8.9763
naomis,18,8.9763
nap,7,9.8411
nape,7,9.8411
naphtali,2,10.8218
napier,5,10.1288
napiers,5,10.1288
napkin,1,11.2273
naples,4,10.3111
napol,2,10.8218
napoleon,94,7.3682
napoleonic,94,7.3682
napoleons,94,7.3682
napoli,2,10.8218
napster,1,11.2273
naraka,1,11.2273
naranja,1,11.2273
narc,1,11.2273
narcissa,1,11.2273
narcissism,1,11.2273
narcissistic,1,11.2273
narcissus,3,10.5342
narcolepsy,1,11.2273
narcotic,1,11.2273
nardo,1,11.2273
narita,2,10.8218
narnia,12,9.3557
narrated,24,8.702
narrates,24,8.702
narration,24,8.702
narrative,5,10.1288
narrator,24,8.702
narrow,3,10.5342
narrowed,3,10.5342
narryer,1,11.2273
naruto,29,8.5197
narutos,29,8.5197
narutowicz,1,11.2273
narvik,2,10.8218
narwhale,2,10.8218
narwhals,2,10.8218
nasa,19,8.925
nasal,2,10.8218
nasas,19,8.925
nascar,24,8.702
nascimento,4,10.3111
nash,14,9.2126
nashville,10,9.5227
nasi,2,10.8218
nasreddin,1,11.2273
nassau,3,10.5342
nast,1,11.2273
nastassja,1,11.2273
nastia,2,10.8218
nasty,3,10.5342
nat,25,8.6628
natal,2,10.8218
natale,2,10.8218
natalia,1,11.2273
natalie,14,9.2126
natasha,17,9.0304
natchez,2,10.8218
nate,25,8.6628
nathan,26,8.6251
nathanial,1,11.2273
nathaniel,4,10.3111
nathans,26,8.6251
nation,591,5.5475
national,591,5.5475
nationalism,591,5.5475
nationalists,1,11.2273
nationalities,591,5.5475
nationality,591,5.5475
nationals,591,5.5475
nations,591,5.5475
nationwide,4,10.3111
native,178,6.7362
natives,178,6.7362
nativity,178,6.7362
nato,9,9.618
natonal,1,11.2273
nats,25,8.6628
natsu,1,11.2273
natto,1,11.2273
natty,1,11.2273
natural,150,6.9058
naturalis,2,10.8218
naturalist,5,10.1288
naturalized,150,6.9058
naturally,150,6.9058
nature,150,6.9058
natured,150,6.9058
naughty,5,10.1288
nauru,2,10.8218
nausea,1,11.2273
nauseam,1,11.2273
nautical,1,11.2273
nautiloid,1,11.2273
nautilus,5,10.1288
navagio,1,11.2273
navaho,2,10.8218
navajo,10,9.5227
naval,25,8.6628
navarre,2,10.8218
naveen,1,11.2273
navel,4,10.3111
navidad,1,11.2273
navigates,16,9.0875
navigation,16,9.0875
navigator,16,9.0875
navins,1,11.2273
navis,53,7.9324
navratil,1,11.2273
navratilova,1,11.2273
navy,53,7.9324
navys,53,7.9324
naypyidaw,1,11.2273
nazareth,8,9.7233
nazario,3,10.5342
nazca,1,11.2273
nazgul,1,11.2273
nazi,26,8.6251
nazis,26,8.6251
nb,2,10.8218
nba,142,6.9601
nbas,142,6.9601
nbc,34,8.3657
nbcs,34,8.3657
nbrunn,1,11.2273
nc,2,10.8218
ncaa,45,8.0926
ncc,6,9.9746
nch,1,11.2273
ncipe,2,10.8218
ncis,6,9.9746
nd,2,10.8218
ndau,1,11.2273
ndchen,1,11.2273
ndezlaj,1,11.2273
ndjamena,2,10.8218
ne,22,8.7853
nea,1,11.2273
neal,5,10.1288
neanderthal,3,10.5342
neanderthalensis,1,11.2273
neanderthals,3,10.5342
neap,1,11.2273
near,69,7.6732
nearby,1,11.2273
nearer,1,11.2273
nearest,4,10.3111
nearly,40,8.2076
neat,1,11.2273
neatfreak,1,11.2273
nebraska,16,9.0875
nebraskas,16,9.0875
nebuchadnezzar,7,9.8411
nebuchadnezzars,7,9.8411
nebuchadrezzar,1,11.2273
nebula,15,9.1481
nebulae,15,9.1481
nebular,1,11.2273
nec,1,11.2273
necessarily,4,10.3111
necessary,11,9.4357
necessitated,1,11.2273
necessity,3,10.5342
nechv,1,11.2273
neck,22,8.7853
neckbreaker,1,11.2273
necked,22,8.7853
necklace,7,9.8411
necklaces,7,9.8411
necks,22,8.7853
neckwear,1,11.2273
necrophobia,1,11.2273
necrosis,1,11.2273
nectar,7,9.8411
nectarine,5,10.1288
nectarines,5,10.1288
nectertail,1,11.2273
ned,8,9.7233
nedd,1,11.2273
nederland,1,11.2273
nedry,2,10.8218
neds,8,9.7233
need,118,7.1434
needed,118,7.1434
needful,118,7.1434
needham,1,11.2273
needle,9,9.618
needlepoint,1,11.2273
needles,9,9.618
needs,118,7.1434
neee,1,11.2273
neeson,8,9.7233
neesons,8,9.7233
nefertiti,10,9.5227
nefertitis,10,9.5227
negaraku,1,11.2273
negation,1,11.2273
negative,12,9.3557
negev,2,10.8218
neglected,3,10.5342
neglecting,3,10.5342
negotiate,13,9.2816
negotiated,13,9.2816
negotiating,13,9.2816
negotiation,13,9.2816
negotiations,13,9.2816
negotiator,13,9.2816
negotiators,13,9.2816
negritos,1,11.2273
negro,2,10.8218
negulesco,1,11.2273
neiderman,1,11.2273
neige,2,10.8218
neigh,1,11.2273
neighbor,31,8.4552
neighborhood,11,9.4357
neighborhoods,11,9.4357
neighboring,31,8.4552
neighbors,31,8.4552
neighbour,11,9.4357
neighbourhood,3,10.5342
neighbouring,11,9.4357
neighbours,11,9.4357
neil,53,7.9324
neile,53,7.9324
neill,1,11.2273
neiman,2,10.8218
neisser,1,11.2273
neith,1,11.2273
neither,19,8.925
neji,1,11.2273
nekrasov,1,11.2273
nel,3,10.5342
nelieti,1,11.2273
nell,2,10.8218
nelliate,12,9.3557
nellie,12,9.3557
nellies,12,9.3557
nellis,12,9.3557
nelliyattu,1,11.2273
nelly,12,9.3557
nelon,1,11.2273
nels,3,10.5342
nelson,50,7.9895
nelsons,50,7.9895
nelus,1,11.2273
nematode,1,11.2273
nematology,1,11.2273
nemean,1,11.2273
nemerov,1,11.2273
nemesis,15,9.1481
nemo,16,9.0875
nemos,16,9.0875
neo,4,10.3111
neoclassicist,1,11.2273
neolithic,1,11.2273
neon,8,9.7233
neoshig,1,11.2273
nepal,10,9.5227
nepalese,1,11.2273
nepali,2,10.8218
nepenthes,1,11.2273
nepeta,1,11.2273
nephew,15,9.1481
nephews,15,9.1481
nephrectomy,1,11.2273
nephro,1,11.2273
nephrologist,1,11.2273
nephthys,1,11.2273
neptune,23,8.7428
neptunes,23,8.7428
neptunium,1,11.2273
nerd,3,10.5342
nerds,3,10.5342
nerdstrom,1,11.2273
nerdy,4,10.3111
nereus,1,11.2273
nerf,3,10.5342
nermal,2,10.8218
nernatice,2,10.8218
nernst,1,11.2273
nero,26,8.6251
neroli,1,11.2273
neropathp,1,11.2273
neruda,2,10.8218
nerve,10,9.5227
nerves,10,9.5227
nervous,15,9.1481
nes,22,8.7853
nescient,1,11.2273
nesmith,3,10.5342
ness,10,9.5227
nessarose,2,10.8218
nessie,1,11.2273
nessun,1,11.2273
nest,22,8.7853
nesta,1,11.2273
nested,22,8.7853
nestinarstvo,1,11.2273
nesting,22,8.7853
nestl,7,9.8411
nestle,7,9.8411
nestled,7,9.8411
nestor,1,11.2273
nests,22,8.7853
net,13,9.2816
netanya,1,11.2273
netball,1,11.2273
netherlands,65,7.7319
nets,13,9.2816
nette,1,11.2273
nettie,2,10.8218
nettilling,1,11.2273
nettle,2,10.8218
netty,2,10.8218
network,49,8.0093
networked,49,8.0093
networking,49,8.0093
networks,49,8.0093
neuhauser,1,11.2273
neujmin,1,11.2273
neumann,4,10.3111
neural,2,10.8218
neuro,1,11.2273
neurological,3,10.5342
neurologist,3,10.5342
neurology,3,10.5342
neuromelanin,1,11.2273
neurons,3,10.5342
neurosurgeon,1,11.2273
neurotic,4,10.3111
neurotics,4,10.3111
neurotoxin,1,11.2273
neurotransmitter,1,11.2273
neuschwanstein,2,10.8218
neuter,1,11.2273
neutral,6,9.9746
neutralization,6,9.9746
neutron,20,8.8763
neutrons,20,8.8763
neva,1,11.2273
nevada,30,8.487
neve,1,11.2273
nevel,1,11.2273
neverending,12,9.3557
neverland,3,10.5342
nevermind,10,9.5227
nevernude,1,11.2273
nevertheless,1,11.2273
neverwinter,1,11.2273
neveu,1,11.2273
nevil,11,9.4357
neville,11,9.4357
nevis,2,10.8218
nevroni,1,11.2273
nevsky,4,10.3111
new,991,5.0385
newark,8,9.7233
newbary,1,11.2273
newbie,1,11.2273
newborn,1,11.2273
newbury,1,11.2273
newcastle,2,10.8218
newer,1,11.2273
newest,3,10.5342
newfoundland,15,9.1481
newhart,46,8.0711
newharts,46,8.0711
newland,1,11.2273
newly,12,9.3557
newlywed,3,10.5342
newlyweds,3,10.5342
newman,40,8.2076
newmans,40,8.2076
newness,991,5.0385
newport,6,9.9746
news,991,5.0385
newscast,2,10.8218
newscaster,2,10.8218
newsflash,1,11.2273
newsies,1,11.2273
newsletter,4,10.3111
newsmagazine,1,11.2273
newspaper,40,8.2076
newspaperman,1,11.2273
newspapers,40,8.2076
newstead,1,11.2273
newsted,1,11.2273
newsweek,7,9.8411
newsweeks,7,9.8411
newt,5,10.1288
newton,57,7.861
newtonianism,1,11.2273
newtonianphobia,1,11.2273
newtons,57,7.861
newts,5,10.1288
next,111,7.2039
nextel,4,10.3111
ney,1,11.2273
neyjavicik,1,11.2273
nez,1,11.2273
nf,2,10.8218
nfc,2,10.8218
nfinkel,1,11.2273
nfl,97,7.3372
ng,1,11.2273
nga,1,11.2273
ngc,2788,4.0362
ngc1837,1,11.2273
ngc3874,1,11.2273
ngerulmud,1,11.2273
nguema,1,11.2273
ngultrum,1,11.2273
nguthungulli,1,11.2273
nhl,49,8.0093
nhls,49,8.0093
nhra,1,11.2273
ni,7,9.8411
nia,2,10.8218
niacin,3,10.5342
niagara,12,9.3557
niagaras,12,9.3557
niamey,4,10.3111
nias,2,10.8218
nib,1,11.2273
nibbles,2,10.8218
nibblin,2,10.8218
nibbling,2,10.8218
nibblz,1,11.2273
nic,22,8.7853
nicaragua,17,9.0304
nicaraguan,3,10.5342
nicaraguas,17,9.0304
niccolo,1,11.2273
nice,22,8.7853
nicely,22,8.7853
nicest,3,10.5342
niche,1,11.2273
nichelle,1,11.2273
nicholas,37,8.2835
nichols,4,10.3111
nicholson,35,8.3375
nicholsons,35,8.3375
nick,42,8.16
nickel,9,9.618
nickelback,3,10.5342
nickelodeon,10,9.5227
nickelodeons,10,9.5227
nickels,9,9.618
nickerson,1,11.2273
nicklaus,3,10.5342
nickle,1,11.2273
nickname,469,5.7761
nicknamed,469,5.7761
nicknames,469,5.7761
nickolai,1,11.2273
nicks,42,8.16
nicky,2,10.8218
nicobar,1,11.2273
nicola,56,7.8784
nicolae,56,7.8784
nicolai,1,11.2273
nicolas,56,7.8784
nicole,31,8.4552
nicoles,31,8.4552
nicolle,31,8.4552
nicolosi,1,11.2273
nicosia,4,10.3111
nicotine,4,10.3111
nicotinic,4,10.3111
nicrophorus,1,11.2273
nidaime,1,11.2273
niece,11,9.4357
nieces,11,9.4357
niekro,1,11.2273
niel,3,10.5342
niels,3,10.5342
nielsen,5,10.1288
niemcy,1,11.2273
niemen,1,11.2273
niemi,1,11.2273
nies,7,9.8411
niet,1,11.2273
nietzsche,6,9.9746
nieuw,1,11.2273
niffenegger,1,11.2273
nig,1,11.2273
nigel,3,10.5342
nigella,1,11.2273
niger,8,9.7233
nigeria,13,9.2816
nigerian,1,11.2273
night,295,6.2354
nightclub,6,9.9746
nightcrawler,1,11.2273
nightengale,1,11.2273
nightfall,1,11.2273
nightgown,1,11.2273
nighthawks,1,11.2273
nightingale,6,9.9746
nightlife,3,10.5342
nightly,1,11.2273
nightmare,16,9.0875
nightmares,16,9.0875
nightmarish,1,11.2273
nightrangers,1,11.2273
nights,295,6.2354
nightsabre,1,11.2273
nighttime,3,10.5342
nightwish,3,10.5342
nightwishs,3,10.5342
nigma,1,11.2273
nihlo,1,11.2273
nihon,1,11.2273
nik,11,9.4357
nikabrik,2,10.8218
nikdollezhal,1,11.2273
nike,11,9.4357
niki,2,10.8218
nikita,5,10.1288
nikitin,1,11.2273
nikki,5,10.1288
nikko,1,11.2273
niklas,1,11.2273
nikola,14,9.2126
nikolai,4,10.3111
nikolayev,1,11.2273
nikoloz,1,11.2273
nikujaga,1,11.2273
nil,25,8.6628
nile,25,8.6628
niles,25,8.6628
nilpotent,1,11.2273
nils,25,8.6628
nimble,1,11.2273
nimbu,2,10.8218
nimbus,2,10.8218
nimoy,11,9.4357
nimoys,11,9.4357
nimzovich,1,11.2273
nin,41,8.1835
nina,11,9.4357
nine,41,8.1835
nineteen,3,10.5342
nineteenth,5,10.1288
nineties,1,11.2273
ninja,13,9.2816
nino,1,11.2273
nintendo,18,8.9763
nintendos,18,8.9763
ninth,13,9.2816
niobium,1,11.2273
nipmuc,1,11.2273
nipping,1,11.2273
nipple,3,10.5342
nipples,3,10.5342
niro,34,8.3657
niroas,1,11.2273
niros,34,8.3657
nirvana,38,8.2575
nirvanas,38,8.2575
nis,7,9.8411
niseag,1,11.2273
nish,1,11.2273
nishikiori,1,11.2273
nissan,5,10.1288
nissans,5,10.1288
nit,4,10.3111
nite,4,10.3111
nitrate,1,11.2273
nitro,1,11.2273
nitrogen,7,9.8411
nitromethane,1,11.2273
nittany,8,9.7233
nittymaki,1,11.2273
niue,2,10.8218
nivison,1,11.2273
nix,1,11.2273
nixon,41,8.1835
nixons,41,8.1835
nizhnij,1,11.2273
nj,3,10.5342
nk,3,10.5342
nkda,1,11.2273
nl,3,10.5342
nlcs,1,11.2273
nm,2,10.8218
nn,1,11.2273
nn9,1,11.2273
nne,2,10.8218
nnec,1,11.2273
nnies,1,11.2273
noah,23,8.7428
noahs,23,8.7428
noam,11,9.4357
nobel,80,7.5274
nobelium,1,11.2273
nobels,80,7.5274
nobility,17,9.0304
nobis,1,11.2273
noble,17,9.0304
nobleman,8,9.7233
nobles,17,9.0304
noblewoman,2,10.8218
nobody,21,8.8298
nobodys,21,8.8298
noboru,1,11.2273
nocholas,1,11.2273
nocturnal,14,9.2126
nod,3,10.5342
noddy,1,11.2273
node,3,10.5342
noel,4,10.3111
noether,2,10.8218
nofxs,1,11.2273
nogat,1,11.2273
noh,1,11.2273
noi,1,11.2273
noir,9,9.618
noires,9,9.618
noise,16,9.0875
noises,16,9.0875
noisy,1,11.2273
noize,1,11.2273
nokes,1,11.2273
nokia,4,10.3111
nolan,12,9.3557
noland,3,10.5342
nolands,3,10.5342
nolans,12,9.3557
noldor,2,10.8218
noll,2,10.8218
nollaig,1,11.2273
nolte,3,10.5342
nomad,4,10.3111
nomadic,4,10.3111
nomads,4,10.3111
nomar,1,11.2273
nome,2,10.8218
nominal,126,7.0785
nominated,126,7.0785
nomination,126,7.0785
nominations,126,7.0785
nominees,6,9.9746
nomophobia,1,11.2273
non,327,6.1333
nona,1,11.2273
nonchalant,1,11.2273
nonconsecutive,2,10.8218
noncontagious,1,11.2273
none,327,6.1333
nonetheless,1,11.2273
nonie,1,11.2273
nonius,1,11.2273
nonmember,2,10.8218
nonmembers,2,10.8218
nonnains,1,11.2273
nonsense,1,11.2273
nonstop,1,11.2273
noocracy,1,11.2273
noodle,4,10.3111
noodles,4,10.3111
noodling,4,10.3111
noogie,1,11.2273
noologist,1,11.2273
noon,17,9.0304
noonan,3,10.5342
noonans,3,10.5342
noone,17,9.0304
noor,1,11.2273
nora,7,9.8411
norad,1,11.2273
norbert,1,11.2273
norbit,8,9.7233
norbury,1,11.2273
nordic,4,10.3111
noreen,1,11.2273
norfolk,3,10.5342
norgay,1,11.2273
nori,1,11.2273
noriega,1,11.2273
norion,1,11.2273
norm,13,9.2816
norma,6,9.9746
normal,46,8.0711
normalize,46,8.0711
normally,46,8.0711
normals,46,8.0711
norman,27,8.5887
normandy,19,8.925
normans,27,8.5887
norms,13,9.2816
noronha,1,11.2273
norris,4,10.3111
norse,13,9.2816
norte,1,11.2273
north,283,6.2766
northampton,1,11.2273
northanger,2,10.8218
northeast,5,10.1288
northeastern,10,9.5227
northerly,1,11.2273
northern,63,7.7627
northernmost,7,9.8411
northumberland,1,11.2273
northward,1,11.2273
northwest,18,8.9763
northwestern,13,9.2816
norton,20,8.8763
nortons,20,8.8763
norval,1,11.2273
norway,35,8.3375
norwegian,22,8.7853
norwich,1,11.2273
norwood,3,10.5342
nos,2,10.8218
nose,43,8.137
nosebleed,1,11.2273
nosed,43,8.137
noses,43,8.137
nosferatu,1,11.2273
nosferutu,1,11.2273
nosily,1,11.2273
nosophobia,2,10.8218
nostradamus,3,10.5342
nostre,1,11.2273
nostril,2,10.8218
nostrils,2,10.8218
nosy,1,11.2273
notable,34,8.3657
notably,34,8.3657
notation,1,11.2273
notburga,1,11.2273
notch,1,11.2273
note,51,7.9701
notebook,9,9.618
noted,51,7.9701
notes,51,7.9701
noteworthy,3,10.5342
noth,3,10.5342
nothin,7,9.8411
nothingness,1,11.2273
nothings,3,10.5342
notice,15,9.1481
noticeable,15,9.1481
noticed,15,9.1481
noticing,15,9.1481
notion,1,11.2273
notorios,1,11.2273
notorious,35,8.3375
notre,15,9.1481
notting,51,7.9701
nottingham,1,11.2273
notzar,1,11.2273
nouakchott,2,10.8218
nouakshit,1,11.2273
noun,31,8.4552
nouns,31,8.4552
nourished,1,11.2273
nourse,1,11.2273
nouveau,1,11.2273
nouvelle,1,11.2273
nov,2,10.8218
nova,8,9.7233
novak,1,11.2273
novan,1,11.2273
novashot,1,11.2273
novel,605,5.5244
novela,1,11.2273
novelette,1,11.2273
novelist,34,8.3657
novelists,34,8.3657
novelization,605,5.5244
novelizations,605,5.5244
novella,14,9.2126
novellas,14,9.2126
novels,605,5.5244
novelty,8,9.7233
november,100,7.3071
novgorod,1,11.2273
novi,2,10.8218
novice,2,10.8218
novo,2,10.8218
novobranets,1,11.2273
novoselic,1,11.2273
novotn,1,11.2273
now,117,7.1518
nowadays,17,9.0304
nowak,1,11.2273
nowell,5,10.1288
nowells,5,10.1288
nowhere,4,10.3111
noxema,1,11.2273
noyon,1,11.2273
nozzle,1,11.2273
np,2,10.8218
npo,1,11.2273
npr,1,11.2273
ns,1,11.2273
nsa,1,11.2273
nsr,1,11.2273
nt,1,11.2273
ntgen,2,10.8218
ntr,1,11.2273
nu,3,10.5342
nubbin,1,11.2273
nublar,3,10.5342
nuclear,35,8.3375
nuclei,1,11.2273
nucleic,3,10.5342
nucleolus,1,11.2273
nucleosynthesis,1,11.2273
nucleotides,2,10.8218
nucleuid,1,11.2273
nucleus,8,9.7233
nude,4,10.3111
nudism,1,11.2273
nudist,2,10.8218
nudity,2,10.8218
nuestra,1,11.2273
nueva,2,10.8218
nuevo,3,10.5342
nuff,1,11.2273
nuggets,2,10.8218
nuisance,1,11.2273
nukes,1,11.2273
nuku,1,11.2273
nukunuku,1,11.2273
nul,1,11.2273
null,1,11.2273
nulliusinverba,1,11.2273
numb,3,10.5342
number,474,5.7656
numbered,474,5.7656
numbering,474,5.7656
numbers,474,5.7656
numenor,2,10.8218
numeral,27,8.5887
numerals,27,8.5887
numerator,27,8.5887
numerical,27,8.5887
numerous,27,8.5887
numidia,1,11.2273
nun,8,9.7233
nunarput,1,11.2273
nunavut,1,11.2273
nunc,1,11.2273
nuncio,1,11.2273
nuosu,1,11.2273
nuptials,1,11.2273
nuremberg,2,10.8218
nurmi,2,10.8218
nurse,32,8.4245
nursed,32,8.4245
nursery,20,8.8763
nurses,32,8.4245
nursia,1,11.2273
nursing,32,8.4245
nut,17,9.0304
nutbush,1,11.2273
nutcracker,1,11.2273
nute,17,9.0304
nutmeg,4,10.3111
nutria,9,9.618
nutrias,9,9.618
nutrient,14,9.2126
nutrients,14,9.2126
nutrit,8,9.7233
nutrition,8,9.7233
nutritional,8,9.7233
nutritionally,1,11.2273
nutritious,1,11.2273
nuts,17,9.0304
nutshell,1,11.2273
nutty,4,10.3111
nuuk,2,10.8218
nuvvuagittuq,2,10.8218
nuwe,1,11.2273
nuxhall,2,10.8218
nw,2,10.8218
nwa,2,10.8218
nwhl,1,11.2273
ny,20,8.8763
nyad,1,11.2273
nyasa,1,11.2273
nyasaland,1,11.2273
nyc,17,9.0304
nyctophobia,1,11.2273
nyer,1,11.2273
nyiragongo,1,11.2273
nylon,3,10.5342
nylund,2,10.8218
nymph,10,9.5227
nymphenburg,1,11.2273
nymphomaniac,1,11.2273
nymphs,10,9.5227
nyos,1,11.2273
nypd,2,10.8218
nyu,1,11.2273
nyuntam,1,11.2273
o,118,7.1434
o11,1,11.2273
o3,1,11.2273
oa,3,10.5342
oaf,1,11.2273
oahu,1,11.2273
oak,13,9.2816
oakenfold,1,11.2273
oakey,1,11.2273
oakheart,1,11.2273
oakland,15,9.1481
oakley,3,10.5342
oaks,13,9.2816
oakwood,1,11.2273
oas,3,10.5342
oasis,4,10.3111
oat,8,9.7233
oates,8,9.7233
oath,4,10.3111
oatmeal,2,10.8218
oats,8,9.7233
oaxaca,1,11.2273
ob,4,10.3111
ob1,1,11.2273
obadiah,1,11.2273
obama,21,8.8298
obamas,21,8.8298
obe,4,10.3111
obed,4,10.3111
obedience,1,11.2273
oberon,3,10.5342
obertas,1,11.2273
obese,8,9.7233
obesity,8,9.7233
obey,3,10.5342
obeys,3,10.5342
obfuscation,1,11.2273
obi,14,9.2126
obian,1,11.2273
obiang,1,11.2273
obie,14,9.2126
obispo,1,11.2273
obituary,1,11.2273
object,94,7.3682
objections,94,7.3682
objective,94,7.3682
objectives,94,7.3682
objects,94,7.3682
oblate,2,10.8218
oblation,2,10.8218
obligation,2,10.8218
obligatory,4,10.3111
obliged,2,10.8218
oblique,2,10.8218
oblivion,2,10.8218
obnoxious,4,10.3111
oboe,4,10.3111
obrant,1,11.2273
obrien,5,10.1288
obscene,8,9.7233
obscenity,8,9.7233
obscure,6,9.9746
obscures,6,9.9746
observance,48,8.0295
observation,48,8.0295
observational,48,8.0295
observations,48,8.0295
observatories,14,9.2126
observatory,14,9.2126
observe,48,8.0295
observed,48,8.0295
observers,48,8.0295
observes,48,8.0295
obsessed,39,8.2322
obsesses,39,8.2322
obsession,39,8.2322
obsessions,39,8.2322
obsessive,39,8.2322
obsidium,1,11.2273
obsolete,2,10.8218
obsoletely,2,10.8218
obssessive,1,11.2273
obst,1,11.2273
obstacle,3,10.5342
obstacles,3,10.5342
obstantium,1,11.2273
obstetrician,1,11.2273
obstinacy,1,11.2273
obtain,18,8.9763
obtained,18,8.9763
obtaining,18,8.9763
obtuse,2,10.8218
obukhova,1,11.2273
obviate,6,9.9746
obvious,6,9.9746
obviously,6,9.9746
oc,1,11.2273
oc1,1,11.2273
ocala,1,11.2273
ocampans,1,11.2273
ocarina,9,9.618
occam,1,11.2273
occasion,6,9.9746
occasional,8,9.7233
occasionally,8,9.7233
occasions,6,9.9746
occidental,2,10.8218
occult,3,10.5342
occupants,84,7.4793
occupation,84,7.4793
occupations,84,7.4793
occupied,22,8.7853
occupies,22,8.7853
occupy,22,8.7853
occur,116,7.1603
occured,116,7.1603
occurred,116,7.1603
occurrence,3,10.5342
occurring,116,7.1603
occurs,116,7.1603
ocd,2,10.8218
ocean,116,7.1603
oceania,2,10.8218
oceanic,116,7.1603
oceans,116,7.1603
oceans11,1,11.2273
oceanus,1,11.2273
oceanview,1,11.2273
ocelli,1,11.2273
ocelot,1,11.2273
ochlophobia,2,10.8218
ochmonek,2,10.8218
ochmoneks,2,10.8218
ocho,3,10.5342
oclock,8,9.7233
oconnell,2,10.8218
oconnells,2,10.8218
oconnelly,1,11.2273
oconner,2,10.8218
oconnor,4,10.3111
octagon,1,11.2273
octave,3,10.5342
octaves,3,10.5342
octavia,1,11.2273
octavian,3,10.5342
octavianus,1,11.2273
octavius,2,10.8218
octo,1,11.2273
october,173,6.7645
octoberfest,1,11.2273
octopi,3,10.5342
octopus,16,9.0875
octopuses,9,9.618
octopush,1,11.2273
octopuss,2,10.8218
ocular,1,11.2273
od,6,9.9746
oda,1,11.2273
odadjian,1,11.2273
odawara,1,11.2273
odcijepila,1,11.2273
odd,74,7.6043
oddest,1,11.2273
oddie,1,11.2273
oddity,1,11.2273
oddjob,3,10.5342
oddparents,11,9.4357
odds,74,7.6043
ode,6,9.9746
odelay,1,11.2273
odell,1,11.2273
odense,2,10.8218
odet,1,11.2273
odetta,1,11.2273
odia,1,11.2273
odie,3,10.5342
odile,1,11.2273
odin,4,10.3111
odins,4,10.3111
odinthorisagak,1,11.2273
odonnell,2,10.8218
odontophobia,1,11.2273
odor,7,9.8411
odorless,1,11.2273
odour,1,11.2273
odourless,1,11.2273
odra,1,11.2273
odst,1,11.2273
ody,3,10.5342
odysseus,3,10.5342
odyssey,4,10.3111
oe,1,11.2273
oecd,1,11.2273
oedipe,1,11.2273
oedipus,3,10.5342
oenology,1,11.2273
oernst,1,11.2273
oersted,2,10.8218
oeuf,1,11.2273
off,190,6.6716
offbeat,1,11.2273
offended,5,10.1288
offender,5,10.1288
offenders,5,10.1288
offending,5,10.1288
offense,14,9.2126
offensive,14,9.2126
offer,60,7.8106
offered,60,7.8106
offers,60,7.8106
office,272,6.3159
officer,272,6.3159
officers,272,6.3159
offices,272,6.3159
official,320,6.1547
officially,320,6.1547
officials,320,6.1547
officinalis,1,11.2273
offish,1,11.2273
offs,190,6.6716
offshoot,1,11.2273
offshore,1,11.2273
offside,1,11.2273
offspring,3,10.5342
often,266,6.338
ogallala,1,11.2273
ogden,3,10.5342
ogeechee,1,11.2273
ogelthorpe,1,11.2273
ogilvy,1,11.2273
ogre,3,10.5342
ogress,1,11.2273
oh,45,8.0926
ohara,6,9.9746
ohare,2,10.8218
ohev,1,11.2273
ohio,68,7.6875
ohios,68,7.6875
ohm,2,10.8218
ohoulihan,2,10.8218
oil,57,7.861
oilers,2,10.8218
oils,57,7.861
ois,3,10.5342
oiseau,1,11.2273
oj,1,11.2273
ojays,2,10.8218
ojibwe,3,10.5342
ojos,1,11.2273
okapi,1,11.2273
okeechobee,2,10.8218
okeefe,2,10.8218
okelly,1,11.2273
okinawa,5,10.1288
okinawan,1,11.2273
okita,1,11.2273
oklahoma,55,7.8961
okra,1,11.2273
oktoberfest,1,11.2273
ol,12,9.3557
olaf,6,9.9746
olantern,1,11.2273
olay,1,11.2273
olc,1,11.2273
olchin,1,11.2273
old,356,6.0491
olden,1,11.2273
older,27,8.5887
oldest,96,7.3474
oldfield,1,11.2273
oldie,3,10.5342
oldies,3,10.5342
oldman,3,10.5342
oldmans,3,10.5342
olds,356,6.0491
oldsmobile,2,10.8218
olduvai,1,11.2273
ole,12,9.3557
oleaginous,1,11.2273
oleg,1,11.2273
olentzero,1,11.2273
oleruds,1,11.2273
oleson,3,10.5342
olesons,3,10.5342
oleuropein,1,11.2273
oleynik,1,11.2273
oleyuria,1,11.2273
olfactory,2,10.8218
olga,1,11.2273
olin,1,11.2273
olinda,1,11.2273
olive,77,7.5651
oliver,77,7.5651
olives,77,7.5651
olivia,14,9.2126
olivier,7,9.8411
olivieri,1,11.2273
oliviers,7,9.8411
ollie,4,10.3111
ollies,4,10.3111
ollivanders,2,10.8218
olmos,1,11.2273
olof,1,11.2273
olomouc,1,11.2273
olona,1,11.2273
olsen,6,9.9746
olssons,1,11.2273
oltl,3,10.5342
olympia,11,9.4357
olympiad,7,9.8411
olympian,18,8.9763
olympians,18,8.9763
olympias,11,9.4357
olympiastadium,1,11.2273
olympic,186,6.6927
olympics,186,6.6927
olympus,5,10.1288
om,1,11.2273
omaha,6,9.9746
omalley,2,10.8218
oman,7,9.8411
omani,1,11.2273
omar,9,9.618
omarosa,3,10.5342
ombra,1,11.2273
ombrology,1,11.2273
omc,1,11.2273
omd,1,11.2273
omdurman,2,10.8218
omega,15,9.1481
omelette,1,11.2273
omen,7,9.8411
omens,7,9.8411
omerta,2,10.8218
omi,1,11.2273
omigod,1,11.2273
omit,1,11.2273
omni,1,11.2273
omnibearing,1,11.2273
omnivore,19,8.925
omnivores,19,8.925
omnivorous,19,8.925
omonia,1,11.2273
onasis,2,10.8218
onassis,12,9.3557
onassiss,1,11.2273
onboard,2,10.8218
once,219,6.5307
onco,1,11.2273
one,2423,4.1701
oneal,2423,4.1701
oneand,1,11.2273
onega,2,10.8218
onegin,1,11.2273
oneil,8,9.7233
oneill,8,9.7233
oneirology,1,11.2273
onerepublic,1,11.2273
onerology,1,11.2273
ones,2423,4.1701
oneself,1,11.2273
onion,18,8.9763
onionhead,1,11.2273
onions,18,8.9763
onkos,1,11.2273
online,13,9.2816
only,599,5.5343
ono,6,9.9746
onoda,1,11.2273
onondowaga,1,11.2273
onore,1,11.2273
onos,6,9.9746
onset,1,11.2273
onshore,1,11.2273
onslaught,1,11.2273
onstage,1,11.2273
ontario,19,8.925
onto,9,9.618
ontogeny,1,11.2273
ontological,4,10.3111
ontology,4,10.3111
onwards,1,11.2273
onyx,1,11.2273
oodama,1,11.2273
oofty,1,11.2273
ooga,1,11.2273
oogie,2,10.8218
ooh,2,10.8218
oology,3,10.5342
oolong,1,11.2273
oom,1,11.2273
oompa,2,10.8218
oona,1,11.2273
oooh,2,10.8218
oop,5,10.1288
oophoro,1,11.2273
oops,5,10.1288
oosik,1,11.2273
oozes,1,11.2273
op,2,10.8218
opal,2,10.8218
opaque,1,11.2273
oparin,1,11.2273
opec,2,10.8218
opel,12,9.3557
opelousas,1,11.2273
open,276,6.3014
openbooks,1,11.2273
opened,276,6.3014
opener,276,6.3014
opening,276,6.3014
openings,276,6.3014
openlux,1,11.2273
openly,2,10.8218
opens,276,6.3014
opera,151,6.8993
operas,151,6.8993
operate,96,7.3474
operated,96,7.3474
operates,96,7.3474
operatic,1,11.2273
operating,96,7.3474
operation,96,7.3474
operational,96,7.3474
operations,96,7.3474
operative,96,7.3474
operatives,96,7.3474
operator,96,7.3474
operators,96,7.3474
opere,96,7.3474
operendi,1,11.2273
operetta,3,10.5342
opheila,1,11.2273
ophelia,5,10.1288
ophelimity,1,11.2273
ophidiophobia,1,11.2273
ophile,1,11.2273
ophiologist,1,11.2273
ophiology,1,11.2273
ophiophagus,1,11.2273
ophiuchus,1,11.2273
ophthalmic,1,11.2273
ophthalmology,1,11.2273
opiate,6,9.9746
opiates,6,9.9746
opie,6,9.9746
opinion,8,9.7233
opinionation,8,9.7233
opinionophobia,1,11.2273
opinions,8,9.7233
opium,3,10.5342
opossum,3,10.5342
opponent,22,8.7853
opponents,22,8.7853
opportunistic,1,11.2273
opportunity,7,9.8411
opposable,8,9.7233
oppose,8,9.7233
opposed,8,9.7233
opposing,8,9.7233
opposite,63,7.7627
opposites,63,7.7627
opposition,63,7.7627
oppressed,2,10.8218
oprah,15,9.1481
opry,3,10.5342
opt,3,10.5342
opted,3,10.5342
opthamologist,1,11.2273
optical,7,9.8411
optimal,5,10.1288
optimistic,2,10.8218
option,6,9.9746
optional,6,9.9746
optometrist,1,11.2273
opus,5,10.1288
oq,1,11.2273
oquendo,1,11.2273
ora,1,11.2273
oracle,2,10.8218
oral,6,9.9746
oran,1,11.2273
orang,89,7.4222
orange,89,7.4222
oranges,89,7.4222
orangutan,3,10.5342
oranje,1,11.2273
oranjestad,1,11.2273
orator,7,9.8411
orators,7,9.8411
orb,3,10.5342
orbach,9,9.618
orban,1,11.2273
orbicularis,1,11.2273
orbison,3,10.5342
orbit,45,8.0926
orbital,45,8.0926
orbited,45,8.0926
orbiter,45,8.0926
orbiting,45,8.0926
orbits,45,8.0926
orbs,3,10.5342
orca,6,9.9746
orchard,4,10.3111
orchards,4,10.3111
orchestra,15,9.1481
orchestral,1,11.2273
orchestras,15,9.1481
orchid,11,9.4357
orchids,11,9.4357
orchiopexy,1,11.2273
orcs,2,10.8218
orcus,1,11.2273
ord,4,10.3111
ordained,3,10.5342
ordeal,4,10.3111
ordem,2,10.8218
ordenador,1,11.2273
order,221,6.5217
ordered,221,6.5217
ordering,221,6.5217
orders,221,6.5217
ordinaire,1,11.2273
ordinal,3,10.5342
ordinary,7,9.8411
ordinates,3,10.5342
ordination,3,10.5342
ordovician,2,10.8218
ore,4,10.3111
oreades,1,11.2273
oregano,3,10.5342
oregon,27,8.5887
oreilly,4,10.3111
oreillys,4,10.3111
oreshek,1,11.2273
orestelesca,1,11.2273
organ,194,6.6509
organa,2,10.8218
organelle,7,9.8411
organelles,7,9.8411
organic,194,6.6509
organisation,9,9.618
organisations,9,9.618
organised,9,9.618
organises,9,9.618
organism,194,6.6509
organisms,194,6.6509
organization,194,6.6509
organizations,194,6.6509
organize,194,6.6509
organized,194,6.6509
organs,194,6.6509
orgasm,2,10.8218
orhan,1,11.2273
ori,7,9.8411
orient,7,9.8411
oriental,7,9.8411
orientalist,1,11.2273
orientation,7,9.8411
oriented,7,9.8411
orienteering,7,9.8411
origami,1,11.2273
origin,717,5.3568
original,717,5.3568
originally,717,5.3568
originals,717,5.3568
originate,717,5.3568
originated,717,5.3568
originates,717,5.3568
originating,717,5.3568
originator,717,5.3568
originators,717,5.3568
origins,717,5.3568
oriley,1,11.2273
orin,1,11.2273
oriole,7,9.8411
orioles,7,9.8411
orion,4,10.3111
orions,4,10.3111
ork,1,11.2273
orl,1,11.2273
orlando,31,8.4552
orleans,25,8.6628
orlok,1,11.2273
orlons,1,11.2273
orm,1,11.2273
ormus,1,11.2273
ornament,3,10.5342
ornamental,2,10.8218
ornamented,3,10.5342
ornate,2,10.8218
ornately,2,10.8218
ornithischians,1,11.2273
ornithologist,1,11.2273
ornithophobia,1,11.2273
ornithschians,1,11.2273
oro,3,10.5342
orochimarus,1,11.2273
oros,3,10.5342
orosco,1,11.2273
orpah,1,11.2273
orphan,7,9.8411
orphanage,2,10.8218
orphaned,7,9.8411
orphans,7,9.8411
orpheus,2,10.8218
orr,1,11.2273
orson,8,9.7233
orteig,1,11.2273
orthodontist,2,10.8218
orthodox,19,8.925
orthodoxy,3,10.5342
orthopedic,1,11.2273
orthopedist,1,11.2273
ortolan,1,11.2273
orton,2,10.8218
oruro,1,11.2273
orville,3,10.5342
orwell,6,9.9746
orwells,6,9.9746
orycteropus,1,11.2273
oryx,1,11.2273
orzabel,1,11.2273
os,3,10.5342
os393,1,11.2273
osaka,3,10.5342
osama,4,10.3111
osborne,4,10.3111
osbourne,16,9.0875
osbournes,16,9.0875
oscar,219,6.5307
oscars,219,6.5307
oscillations,1,11.2273
oscilloscope,1,11.2273
oscorp,1,11.2273
oscypek,1,11.2273
osgood,2,10.8218
oshare,1,11.2273
oshogatsu,1,11.2273
osirak,1,11.2273
osiris,6,9.9746
oskar,3,10.5342
oslo,10,9.5227
osme,1,11.2273
osment,3,10.5342
osmond,4,10.3111
osmonds,4,10.3111
osmoregulatory,1,11.2273
osmosis,1,11.2273
oss,2,10.8218
osseous,2,10.8218
ossie,1,11.2273
ossining,2,10.8218
ostbahn,1,11.2273
ostensibly,1,11.2273
osteologist,1,11.2273
osteology,2,10.8218
osteomalacia,1,11.2273
osteopath,1,11.2273
osteotomy,1,11.2273
osterberg,1,11.2273
osterman,2,10.8218
ostman,1,11.2273
ostoyae,1,11.2273
ostrakon,1,11.2273
ostrich,12,9.3557
ostriches,12,9.3557
ostwald,5,10.1288
oswald,4,10.3111
oswalds,4,10.3111
oswego,1,11.2273
ot,2,10.8218
otago,1,11.2273
otah,1,11.2273
otello,1,11.2273
oteri,1,11.2273
othello,4,10.3111
other,321,6.1517
others,321,6.1517
otherwise,2,10.8218
otis,13,9.2816
otiss,1,11.2273
otlet,1,11.2273
oto,1,11.2273
otology,1,11.2273
otoole,3,10.5342
otoscopy,1,11.2273
ottavio,1,11.2273
ottawa,10,9.5227
otter,2,10.8218
otto,21,8.8298
ottobeuren,1,11.2273
ottoman,19,8.925
otunwahe,2,10.8218
oty,13,9.2816
ou,2,10.8218
ou108,1,11.2273
ouachita,1,11.2273
ouagadougou,2,10.8218
oud,2,10.8218
ough,2,10.8218
oughta,1,11.2273
ouguiya,2,10.8218
oui,2,10.8218
ouija,1,11.2273
ounce,10,9.5227
ounces,10,9.5227
ouran,1,11.2273
ouranos,2,10.8218
ourobouros,1,11.2273
ours,1,11.2273
ourselves,2,10.8218
ous,2,10.8218
out,488,5.7368
outback,3,10.5342
outbacks,3,10.5342
outbreak,6,9.9746
outbursts,1,11.2273
outdo,1,11.2273
outdoor,8,9.7233
outdoors,8,9.7233
outer,11,9.4357
outermost,1,11.2273
outers,11,9.4357
outfield,12,9.3557
outfielder,12,9.3557
outfielders,12,9.3557
outfit,12,9.3557
outfits,12,9.3557
outkast,1,11.2273
outland,1,11.2273
outlaw,18,8.9763
outlawed,18,8.9763
outlaws,18,8.9763
outlet,1,11.2273
outlined,3,10.5342
outlines,3,10.5342
outlived,3,10.5342
outnumbered,1,11.2273
output,4,10.3111
outputs,4,10.3111
outrage,4,10.3111
outraged,4,10.3111
outrageous,4,10.3111
outran,1,11.2273
outright,2,10.8218
outrun,1,11.2273
outs,488,5.7368
outside,49,8.0093
outsiders,49,8.0093
outskirts,2,10.8218
outsold,1,11.2273
outspoken,3,10.5342
outstanding,8,9.7233
outstripping,1,11.2273
outta,2,10.8218
outwards,1,11.2273
outwitted,2,10.8218
ouzo,1,11.2273
oval,3,10.5342
ovalbumin,1,11.2273
ovarian,1,11.2273
ovaries,2,10.8218
ovation,2,10.8218
ovations,2,10.8218
oven,5,10.1288
overall,16,9.0875
overbearing,1,11.2273
overboard,1,11.2273
overcame,2,10.8218
overcoat,1,11.2273
overcome,7,9.8411
overcomes,7,9.8411
overconsumption,1,11.2273
overcranking,1,11.2273
overdose,13,9.2816
overdosing,13,9.2816
overdrive,1,11.2273
overdue,1,11.2273
overeating,3,10.5342
overexert,1,11.2273
overflow,3,10.5342
overgrowth,1,11.2273
overhead,1,11.2273
overhear,2,10.8218
overhears,2,10.8218
overheating,1,11.2273
overkill,1,11.2273
overland,1,11.2273
overlaying,1,11.2273
overload,1,11.2273
overlook,5,10.1288
overlooking,5,10.1288
overlooks,5,10.1288
overlord,4,10.3111
overly,2,10.8218
overnutrition,1,11.2273
overplayed,1,11.2273
overproducing,1,11.2273
overprotective,1,11.2273
overruns,1,11.2273
overs,3,10.5342
overseas,5,10.1288
overseer,3,10.5342
oversees,1,11.2273
overshadowed,1,11.2273
oversized,3,10.5342
overslept,1,11.2273
overstay,1,11.2273
overstreet,1,11.2273
overt,1,11.2273
overtake,1,11.2273
overtaken,2,10.8218
overthrew,2,10.8218
overthrow,9,9.618
overthrowing,9,9.618
overthrown,4,10.3111
overtime,5,10.1288
overtly,1,11.2273
overture,2,10.8218
overturn,2,10.8218
overturned,2,10.8218
overvalued,1,11.2273
overweight,7,9.8411
overwork,1,11.2273
overworld,1,11.2273
ovice,1,11.2273
oviraptor,2,10.8218
ovo,1,11.2273
ovsk,1,11.2273
ovum,2,10.8218
ow,13,9.2816
owe,13,9.2816
owed,13,9.2816
owen,16,9.0875
owens,16,9.0875
owes,13,9.2816
owings,13,9.2816
owl,9,9.618
owls,9,9.618
own,185,6.698
ownbey,1,11.2273
owned,185,6.698
owner,56,7.8784
owners,56,7.8784
ownership,1,11.2273
owning,185,6.698
owns,185,6.698
ows,13,9.2816
ox,6,9.9746
ox3,1,11.2273
oxen,3,10.5342
oxford,23,8.7428
oxfordshire,1,11.2273
oxidant,4,10.3111
oxidation,4,10.3111
oxides,4,10.3111
oxidizing,4,10.3111
oxter,1,11.2273
oxycoccos,1,11.2273
oxygen,29,8.5197
oxygenated,29,8.5197
oxygenation,29,8.5197
oxygens,29,8.5197
oxytocin,1,11.2273
oy,4,10.3111
oy51,1,11.2273
oyapock,1,11.2273
oyayi,2,10.8218
oyl,9,9.618
oyle,9,9.618
oyls,9,9.618
oyster,8,9.7233
oysters,8,9.7233
oz,66,7.7169
ozark,2,10.8218
ozarks,2,10.8218
ozirish,1,11.2273
ozone,4,10.3111
ozs,66,7.7169
ozymandias,1,11.2273
ozz,1,11.2273
ozzfest,1,11.2273
ozzie,26,8.6251
ozzman,1,11.2273
ozzmosis,2,10.8218
ozzy,26,8.6251
ozzys,26,8.6251
p,81,7.5152
p0,1,11.2273
p1,2,10.8218
p5hng,1,11.2273
p90,1,11.2273
pa,17,9.0304
paaliaq,1,11.2273
paan,1,11.2273
paar,1,11.2273
paavo,2,10.8218
pablo,11,9.4357
pac,10,9.5227
pace,10,9.5227
paced,10,9.5227
pacemakers,1,11.2273
pacer,4,10.3111
pacers,4,10.3111
pacey,1,11.2273
pachamanca,1,11.2273
pachinko,1,11.2273
pachyderms,1,11.2273
pacific,61,7.7944
pacificum,1,11.2273
pacifier,1,11.2273
pacifist,1,11.2273
pacino,27,8.5887
pacinos,27,8.5887
pacioli,1,11.2273
pack,27,8.5887
package,5,10.1288
packages,5,10.1288
packard,1,11.2273
packbits,1,11.2273
packed,27,8.5887
packer,16,9.0875
packers,16,9.0875
packing,27,8.5887
packs,27,8.5887
packy,1,11.2273
paco,2,10.8218
pact,8,9.7233
pacta,1,11.2273
pad,12,9.3557
padalecki,1,11.2273
padano,1,11.2273
padding,12,9.3557
paddle,2,10.8218
paddy,1,11.2273
padlock,1,11.2273
padloper,1,11.2273
padma,2,10.8218
padmasambhava,1,11.2273
padme,1,11.2273
padova,1,11.2273
padres,2,10.8218
pads,12,9.3557
padua,2,10.8218
paducah,1,11.2273
padwan,1,11.2273
paella,3,10.5342
paestum,1,11.2273
pagan,5,10.1288
paganism,5,10.1288
pagans,5,10.1288
page,37,8.2835
pageant,37,8.2835
pages,37,8.2835
paget,1,11.2273
pago,1,11.2273
pagoda,2,10.8218
pagophobia,1,11.2273
pahlavi,2,10.8218
paice,1,11.2273
paid,22,8.7853
paige,7,9.8411
pain,43,8.137
paine,43,8.137
painful,43,8.137
painless,1,11.2273
pains,43,8.137
paint,99,7.317
paintball,11,9.4357
paintballing,11,9.4357
paintballs,11,9.4357
painted,99,7.317
painter,54,7.9141
painters,54,7.9141
painting,99,7.317
paintings,99,7.317
paints,99,7.317
pair,101,7.2973
paired,101,7.2973
pairing,101,7.2973
pairings,101,7.2973
pairs,101,7.2973
paisley,1,11.2273
paiute,1,11.2273
paix,1,11.2273
pajama,1,11.2273
pajdu,1,11.2273
pajdusakova,1,11.2273
pakistan,16,9.0875
pakistani,3,10.5342
pakistans,16,9.0875
pakpao,1,11.2273
pal,10,9.5227
palace,59,7.8271
palaces,59,7.8271
palacio,2,10.8218
paladin,12,9.3557
paladins,12,9.3557
palatinate,3,10.5342
palatine,3,10.5342
palau,4,10.3111
palawan,1,11.2273
palazzo,2,10.8218
palden,1,11.2273
pale,10,9.5227
paled,10,9.5227
paleo,2,10.8218
paleoanthropology,2,10.8218
paleocene,2,10.8218
paleoenvironments,1,11.2273
paleogene,1,11.2273
paleolithic,1,11.2273
paleontologist,2,10.8218
paleontology,3,10.5342
paleozoic,11,9.4357
paler,1,11.2273
palermo,1,11.2273
palestine,5,10.1288
palestinian,2,10.8218
palestro,1,11.2273
palikir,2,10.8218
palillo,3,10.5342
palilogy,1,11.2273
palin,22,8.7853
palindrome,4,10.3111
palins,22,8.7853
palio,1,11.2273
palkia,1,11.2273
pall,1,11.2273
pallene,1,11.2273
pallipes,1,11.2273
palm,20,8.8763
palma,8,9.7233
palmas,8,9.7233
palmer,8,9.7233
palmers,8,9.7233
palmetto,3,10.5342
palmistry,1,11.2273
palmists,1,11.2273
palms,20,8.8763
palmy,1,11.2273
palo,2,10.8218
paloma,1,11.2273
palomar,1,11.2273
palooka,1,11.2273
palpate,1,11.2273
palpatine,2,10.8218
pals,10,9.5227
palsy,3,10.5342
paltrow,15,9.1481
paltrows,15,9.1481
paltry,1,11.2273
palumbo,1,11.2273
pam,34,8.3657
pamalican,1,11.2273
pamela,15,9.1481
pampas,1,11.2273
pamphlets,1,11.2273
pamplona,2,10.8218
pams,34,8.3657
pamuk,1,11.2273
pan,18,8.9763
pana,1,11.2273
panacea,1,11.2273
panadero,2,10.8218
panagyurishte,1,11.2273
panama,23,8.7428
panamanians,1,11.2273
panasonic,2,10.8218
panathinaikos,1,11.2273
panayiotou,1,11.2273
pancake,8,9.7233
pancakes,8,9.7233
pancetta,1,11.2273
panchen,1,11.2273
pancho,9,9.618
panchos,9,9.618
panco,1,11.2273
pancreas,6,9.9746
pancreatic,1,11.2273
pancreatine,1,11.2273
panda,25,8.6628
pandas,25,8.6628
pandemic,6,9.9746
pandemics,6,9.9746
pandering,1,11.2273
pandora,1,11.2273
pandoro,1,11.2273
pandrosion,1,11.2273
pane,18,8.9763
panel,1,11.2273
panelist,2,10.8218
panem,1,11.2273
pangaea,1,11.2273
pangalan,2,10.8218
pangit,1,11.2273
pangngalan,1,11.2273
pangolin,9,9.618
pangolins,9,9.618
pangulo,1,11.2273
panhandle,1,11.2273
pani,1,11.2273
panic,4,10.3111
panicked,1,11.2273
panky,1,11.2273
panoptic,2,10.8218
panoramic,1,11.2273
panseo,1,11.2273
pansey,1,11.2273
pansies,3,10.5342
pansy,3,10.5342
pant,11,9.4357
pantalaimon,3,10.5342
pantanal,1,11.2273
pantera,10,9.5227
panteras,10,9.5227
pantha,1,11.2273
pantheist,2,10.8218
pantheistic,2,10.8218
pantheon,2,10.8218
panther,18,8.9763
panthera,1,11.2273
panthers,18,8.9763
panties,1,11.2273
pantoliano,1,11.2273
pantothenic,1,11.2273
pants,11,9.4357
pantusso,1,11.2273
pantyhose,1,11.2273
panza,1,11.2273
pao,1,11.2273
paolini,1,11.2273
paolo,6,9.9746
papa,11,9.4357
papacy,1,11.2273
papal,2,10.8218
papas,11,9.4357
papendick,1,11.2273
paper,45,8.0926
paperback,1,11.2273
paperboys,1,11.2273
papercut,1,11.2273
papers,45,8.0926
paperwork,1,11.2273
paphos,1,11.2273
papi,1,11.2273
papilla,1,11.2273
papillion,1,11.2273
papillon,2,10.8218
papiloma,1,11.2273
pappas,1,11.2273
paprika,2,10.8218
papstiche,1,11.2273
papua,14,9.2126
papyrus,1,11.2273
paquin,1,11.2273
par,5,10.1288
parables,1,11.2273
parabola,7,9.8411
parabolas,7,9.8411
parachute,7,9.8411
parachuting,7,9.8411
parade,29,8.5197
paraded,29,8.5197
parades,29,8.5197
paradigm,1,11.2273
paradisal,18,8.9763
paradise,18,8.9763
parador,1,11.2273
paradox,5,10.1288
paraguay,13,9.2816
paraguayan,1,11.2273
parakeet,1,11.2273
parallel,9,9.618
paralleled,9,9.618
parallelly,1,11.2273
parallels,9,9.618
paralysed,1,11.2273
paralysis,2,10.8218
paralyzed,4,10.3111
paralyzing,4,10.3111
paramaribo,1,11.2273
paramedics,1,11.2273
parameters,2,10.8218
paramilitary,1,11.2273
paramount,3,10.5342
paramounts,3,10.5342
paranoia,1,11.2273
paranoiac,1,11.2273
paranoid,4,10.3111
paranormal,3,10.5342
paraplegic,1,11.2273
parapsychology,1,11.2273
parapuzosia,1,11.2273
parasite,15,9.1481
parasites,15,9.1481
parasitic,15,9.1481
paraskevidekatriaphobia,2,10.8218
parasol,3,10.5342
paratroopa,2,10.8218
paraty,1,11.2273
parboiling,1,11.2273
parcel,2,10.8218
parcels,2,10.8218
parched,1,11.2273
pardina,1,11.2273
pardon,5,10.1288
pardoned,5,10.1288
parent,119,7.1351
parentage,1,11.2273
parents,119,7.1351
pareto,1,11.2273
parezi,1,11.2273
parfenov,1,11.2273
paria,1,11.2273
paribus,1,11.2273
paricut,1,11.2273
paricutin,1,11.2273
parimedes,1,11.2273
paris,81,7.5152
parish,3,10.5342
parisian,1,11.2273
pariss,1,11.2273
park,194,6.6509
parker,49,8.0093
parkers,49,8.0093
parking,194,6.6509
parkinson,4,10.3111
parkinsons,4,10.3111
parkman,3,10.5342
parkour,2,10.8218
parks,194,6.6509
parl,1,11.2273
parlae,1,11.2273
parlance,5,10.1288
parliament,9,9.618
parliamentary,9,9.618
parliaments,9,9.618
parlor,1,11.2273
parlour,2,10.8218
parma,2,10.8218
parmesan,1,11.2273
parmigiano,1,11.2273
parmly,1,11.2273
parnassus,1,11.2273
parodied,21,8.8298
parodies,21,8.8298
parody,21,8.8298
parodying,21,8.8298
parole,1,11.2273
paroxetine,1,11.2273
parr,1,11.2273
parrot,23,8.7428
parrots,23,8.7428
parrys,1,11.2273
parselmouth,1,11.2273
parseltounge,2,10.8218
parsley,3,10.5342
parsons,4,10.3111
part,605,5.5244
parthenogenesis,1,11.2273
parthenon,2,10.8218
partial,113,7.1863
partially,113,7.1863
partible,1,11.2273
participant,43,8.137
participants,43,8.137
participate,43,8.137
participated,43,8.137
participates,43,8.137
participating,43,8.137
participation,43,8.137
participle,1,11.2273
particle,15,9.1481
particles,15,9.1481
particular,7,9.8411
particularly,9,9.618
partie,113,7.1863
parties,113,7.1863
parting,605,5.5244
partly,10,9.5227
partner,49,8.0093
partnered,49,8.0093
partnering,49,8.0093
partners,49,8.0093
partnership,4,10.3111
parton,16,9.0875
partons,16,9.0875
partridge,12,9.3557
partridges,12,9.3557
parts,605,5.5244
party,113,7.1863
partyka,1,11.2273
partys,113,7.1863
parvana,1,11.2273
parvati,3,10.5342
parve,1,11.2273
parvenu,1,11.2273
parvicursor,1,11.2273
pas,17,9.0304
pasa,1,11.2273
pasadena,4,10.3111
pasasymphonia,1,11.2273
pascagoula,1,11.2273
pascal,7,9.8411
pascaline,3,10.5342
paschen,1,11.2273
pascow,1,11.2273
pasha,2,10.8218
pasig,1,11.2273
paskel,1,11.2273
paso,5,10.1288
pasons,1,11.2273
pass,86,7.4561
passage,9,9.618
passages,9,9.618
passchendaele,1,11.2273
passed,86,7.4561
passenger,36,8.3102
passengers,36,8.3102
passer,1,11.2273
passerine,1,11.2273
passes,86,7.4561
passing,86,7.4561
passion,31,8.4552
passionate,31,8.4552
passionately,31,8.4552
passionflower,2,10.8218
passions,31,8.4552
passive,2,10.8218
passover,5,10.1288
passport,2,10.8218
passports,2,10.8218
password,11,9.4357
passwords,11,9.4357
past,47,8.0501
pasta,11,9.4357
pastas,11,9.4357
paste,47,8.0501
pasternak,1,11.2273
pasteur,6,9.9746
pasteurization,6,9.9746
pasteurize,6,9.9746
pastimes,1,11.2273
pastis,2,10.8218
pasto,1,11.2273
pastor,8,9.7233
pastoral,8,9.7233
pastrana,9,9.618
pastranas,9,9.618
pastry,2,10.8218
pasture,1,11.2273
pasty,2,10.8218
pat,22,8.7853
patagonian,1,11.2273
patch,13,9.2816
patches,13,9.2816
patchpelt,2,10.8218
pate,22,8.7853
patea,1,11.2273
patent,46,8.0711
patented,46,8.0711
patents,46,8.0711
paternal,5,10.1288
paternity,5,10.1288
paterson,4,10.3111
path,20,8.8763
pathfinder,1,11.2273
pathogenic,1,11.2273
pathological,5,10.1288
paths,20,8.8763
patience,27,8.5887
patient,27,8.5887
patients,27,8.5887
patil,1,11.2273
patois,1,11.2273
patong,1,11.2273
patra,1,11.2273
patriarch,6,9.9746
patriarchs,6,9.9746
patricia,11,9.4357
patrick,60,7.8106
patrickmiller,1,11.2273
patricks,60,7.8106
patriot,42,8.16
patriotic,42,8.16
patriots,42,8.16
patroclus,2,10.8218
patrol,12,9.3557
patrolled,12,9.3557
patrolling,12,9.3557
patrols,12,9.3557
patron,26,8.6251
patronage,1,11.2273
patroness,1,11.2273
patronous,26,8.6251
patronus,4,10.3111
patsy,7,9.8411
patten,1,11.2273
pattern,17,9.0304
patterned,17,9.0304
patterning,17,9.0304
patterns,17,9.0304
patterson,2,10.8218
patti,13,9.2816
pattie,13,9.2816
pattinson,1,11.2273
patton,6,9.9746
patty,13,9.2816
patu,1,11.2273
paul,235,6.4608
paula,22,8.7853
paulescu,1,11.2273
paulharris,1,11.2273
paulie,10,9.5227
paulina,4,10.3111
paulinas,4,10.3111
pauline,1,11.2273
pauling,235,6.4608
paulo,6,9.9746
pauls,235,6.4608
paulus,2,10.8218
pauly,10,9.5227
pauper,1,11.2273
pause,2,10.8218
pauses,2,10.8218
pausini,1,11.2273
pavarotti,2,10.8218
pavarottis,2,10.8218
paved,4,10.3111
pavel,2,10.8218
pavement,3,10.5342
pavements,3,10.5342
paviland,1,11.2273
paving,4,10.3111
pavlov,3,10.5342
pavlova,3,10.5342
pawing,4,10.3111
pawn,5,10.1288
pawnees,2,10.8218
paws,4,10.3111
pax,3,10.5342
paxil,1,11.2273
paxton,3,10.5342
pay,30,8.487
payaso,1,11.2273
payback,1,11.2273
paying,30,8.487
payment,1,11.2273
payne,13,9.2816
payphones,1,11.2273
pays,30,8.487
payton,6,9.9746
paytons,6,9.9746
paz,6,9.9746
pb,3,10.5342
pba,1,11.2273
pbs,3,10.5342
pc,13,9.2816
pca,1,11.2273
pcjr,1,11.2273
pcs,13,9.2816
pcu,1,11.2273
pda,1,11.2273
pdp,1,11.2273
pe,9,9.618
pe1,1,11.2273
pea,14,9.2126
peabo,1,11.2273
peabody,2,10.8218
peace,67,7.7021
peaceful,67,7.7021
peacefully,2,10.8218
peacemakers,1,11.2273
peach,37,8.2835
peaches,37,8.2835
peachtree,1,11.2273
peacoat,1,11.2273
peacock,4,10.3111
peacocks,4,10.3111
peak,41,8.1835
peaked,41,8.1835
peaks,41,8.1835
peanut,39,8.2322
peanuts,39,8.2322
pear,7,9.8411
pearl,87,7.4447
pearls,87,7.4447
pearly,1,11.2273
pears,7,9.8411
peart,1,11.2273
peary,2,10.8218
peas,14,9.2126
peasant,8,9.7233
peasants,8,9.7233
peay,1,11.2273
pebble,5,10.1288
pebbles,5,10.1288
peccadillo,1,11.2273
peccare,1,11.2273
peccat,1,11.2273
peck,45,8.0926
pecks,45,8.0926
pecos,1,11.2273
peculiar,12,9.3557
peculiarity,12,9.3557
ped,1,11.2273
pedagogue,1,11.2273
pedal,2,10.8218
pedalophilia,1,11.2273
pedantic,2,10.8218
peddlers,1,11.2273
pedestrian,2,10.8218
pediatric,1,11.2273
pediatrician,2,10.8218
pedigree,1,11.2273
pediophobia,1,11.2273
pedology,1,11.2273
pedophile,1,11.2273
pedophobia,1,11.2273
pedra,1,11.2273
pedraza,1,11.2273
pedro,18,8.9763
pedros,18,8.9763
pedy,1,11.2273
pee,9,9.618
peel,4,10.3111
peeler,1,11.2273
peep,2,10.8218
peepers,1,11.2273
peepeye,1,11.2273
peerage,2,10.8218
peerless,2,10.8218
peers,2,10.8218
peeta,2,10.8218
peeters,1,11.2273
peeves,3,10.5342
peevish,1,11.2273
peewee,1,11.2273
peg,3,10.5342
pegasus,3,10.5342
pegg,1,11.2273
peggotty,1,11.2273
peggy,14,9.2126
peggys,14,9.2126
pegs,3,10.5342
pei,1,11.2273
peizerat,1,11.2273
pejorative,2,10.8218
pekinensis,1,11.2273
peking,5,10.1288
pekingese,2,10.8218
pekoe,1,11.2273
pel,7,9.8411
peladophobia,1,11.2273
pele,7,9.8411
pelegrinus,1,11.2273
pelham,1,11.2273
pelican,2,10.8218
pelicans,2,10.8218
pelissier,1,11.2273
pell,1,11.2273
pellagra,1,11.2273
pellucida,1,11.2273
pelo,1,11.2273
peloponnese,1,11.2273
peloponnesian,4,10.3111
pelosi,1,11.2273
pelvic,1,11.2273
pelvis,3,10.5342
pemberton,1,11.2273
pembroke,2,10.8218
pembrook,1,11.2273
pemex,1,11.2273
pen,56,7.8784
penague,1,11.2273
penal,2,10.8218
penalties,14,9.2126
penalty,14,9.2126
penance,1,11.2273
penang,1,11.2273
pence,1,11.2273
penchanting,1,11.2273
pencil,20,8.8763
pencils,20,8.8763
pendle,1,11.2273
pendleton,1,11.2273
pendulum,5,10.1288
penelope,6,9.9746
penetrating,1,11.2273
penguin,40,8.2076
penguins,40,8.2076
penh,3,10.5342
penicillin,2,10.8218
penicillinase,1,11.2273
peninsula,28,8.5536
peninsular,1,11.2273
peninsulas,28,8.5536
penis,2,10.8218
penitentes,1,11.2273
penitentiary,2,10.8218
penmark,2,10.8218
penn,27,8.5887
pennant,1,11.2273
penned,56,7.8784
pennies,21,8.8298
penniless,1,11.2273
penniman,1,11.2273
penning,56,7.8784
pennington,2,10.8218
pennino,1,11.2273
penns,27,8.5887
pennsylvania,44,8.1146
pennsylvanias,44,8.1146
penny,21,8.8298
pennys,21,8.8298
pennywise,1,11.2273
pens,56,7.8784
pensacola,1,11.2273
penseroso,1,11.2273
pension,3,10.5342
pensioners,3,10.5342
pent,1,11.2273
pentagon,9,9.618
pentaquark,1,11.2273
pentathlon,1,11.2273
pentecost,1,11.2273
penthouse,1,11.2273
pentsky,1,11.2273
penultimate,5,10.1288
peony,5,10.1288
people,559,5.6025
peoples,559,5.6025
peoria,1,11.2273
pepa,1,11.2273
pepe,10,9.5227
pepers,1,11.2273
pepi,1,11.2273
pepitone,1,11.2273
peppard,1,11.2273
pepper,28,8.5536
peppered,28,8.5536
pepperidge,1,11.2273
peppermint,4,10.3111
peppermints,4,10.3111
peppers,28,8.5536
pepsi,7,9.8411
pequod,1,11.2273
per,68,7.6875
pera,2,10.8218
perambulation,2,10.8218
perambulator,2,10.8218
perce,4,10.3111
perceive,4,10.3111
perceived,2,10.8218
perceives,4,10.3111
percent,12,9.3557
percentage,24,8.702
perception,5,10.1288
perceptions,5,10.1288
perched,1,11.2273
percival,3,10.5342
percussion,2,10.8218
percussionist,2,10.8218
percy,16,9.0875
percys,16,9.0875
perdido,2,10.8218
perdita,2,10.8218
perditas,2,10.8218
perdition,1,11.2273
perdy,1,11.2273
pere,68,7.6875
peregrine,3,10.5342
perek,1,11.2273
perennial,8,9.7233
pereshchepina,1,11.2273
perez,2,10.8218
perfect,78,7.5524
perfected,78,7.5524
perfection,78,7.5524
perfectly,7,9.8411
perfesser,1,11.2273
perforated,1,11.2273
perform,562,5.5973
performance,562,5.5973
performances,562,5.5973
performed,562,5.5973
performer,562,5.5973
performers,562,5.5973
performing,562,5.5973
performs,562,5.5973
perfume,14,9.2126
perfumer,14,9.2126
perfumers,14,9.2126
perfumes,14,9.2126
perhaps,17,9.0304
peri,1,11.2273
periander,1,11.2273
pericardium,2,10.8218
pericles,3,10.5342
peridot,1,11.2273
perihelion,3,10.5342
peril,5,10.1288
perilous,5,10.1288
perimeter,2,10.8218
period,193,6.656
periodic,193,6.656
periodontics,1,11.2273
periods,193,6.656
peripheral,4,10.3111
periphote,1,11.2273
periplaneta,1,11.2273
periscope,1,11.2273
perish,3,10.5342
perishable,3,10.5342
perished,3,10.5342
periwinkle,1,11.2273
periyar,1,11.2273
perjury,2,10.8218
perk,5,10.1288
perkins,6,9.9746
perks,5,10.1288
perl,1,11.2273
perlman,15,9.1481
permanent,23,8.7428
permanently,23,8.7428
permeable,1,11.2273
permeablity,1,11.2273
permian,8,9.7233
permissible,6,9.9746
permission,6,9.9746
permit,6,9.9746
permits,6,9.9746
permitted,6,9.9746
permo,1,11.2273
pernambuco,1,11.2273
pero,1,11.2273
perobital,1,11.2273
peron,9,9.618
peronism,9,9.618
perormed,1,11.2273
perot,2,10.8218
peroxide,2,10.8218
perpetrate,4,10.3111
perpetrated,4,10.3111
perpetrator,4,10.3111
perps,1,11.2273
perrineau,2,10.8218
perry,26,8.6251
persea,1,11.2273
persecuted,5,10.1288
persecution,5,10.1288
persephone,2,10.8218
persephones,2,10.8218
perseus,1,11.2273
perseverance,1,11.2273
pershing,1,11.2273
persia,6,9.9746
persian,22,8.7853
persians,22,8.7853
persifal,1,11.2273
persistence,3,10.5342
persistent,3,10.5342
persistently,3,10.5342
person,409,5.9116
persona,5,10.1288
personage,1,11.2273
personal,409,5.9116
personalisation,1,11.2273
personalities,409,5.9116
personality,409,5.9116
personalized,409,5.9116
personally,409,5.9116
personification,5,10.1288
personifications,5,10.1288
personified,4,10.3111
personifies,4,10.3111
personifying,4,10.3111
personnel,4,10.3111
persons,409,5.9116
perspective,1,11.2273
perspiration,1,11.2273
persuade,6,9.9746
persuaded,6,9.9746
persuades,6,9.9746
pertain,4,10.3111
pertaining,4,10.3111
pertains,4,10.3111
perth,6,9.9746
peru,39,8.2322
perugia,1,11.2273
peruvian,3,10.5342
pervasive,1,11.2273
pervez,1,11.2273
peryton,1,11.2273
pescado,1,11.2273
pescador,1,11.2273
pesci,6,9.9746
peshtigo,1,11.2273
pesklevits,1,11.2273
peso,16,9.0875
pessimism,1,11.2273
pest,6,9.9746
pestered,1,11.2273
pesticides,1,11.2273
pestilence,1,11.2273
pet,124,7.0943
petain,1,11.2273
petal,2,10.8218
petals,2,10.8218
petaluma,1,11.2273
petar,1,11.2273
pete,124,7.0943
peter,246,6.4155
peterburgtrista,1,11.2273
peterhof,1,11.2273
peterik,1,11.2273
peterman,2,10.8218
peterolufemi,1,11.2273
peters,246,6.4155
petersburg,15,9.1481
petersburgs,15,9.1481
petersen,1,11.2273
peterson,18,8.9763
petersons,18,8.9763
petes,124,7.0943
petia,1,11.2273
petit,9,9.618
petite,9,9.618
petition,9,9.618
petits,9,9.618
petl,1,11.2273
petom,1,11.2273
petomane,2,10.8218
petra,10,9.5227
petrache,1,11.2273
petrarch,1,11.2273
petre,1,11.2273
petrelli,2,10.8218
petrellis,2,10.8218
petri,14,9.2126
petrie,14,9.2126
petries,14,9.2126
petrified,1,11.2273
petrinno,1,11.2273
petrodollar,1,11.2273
petroglyphs,1,11.2273
petrol,1,11.2273
petroleum,5,10.1288
petrology,1,11.2273
petrophile,1,11.2273
petrovi,1,11.2273
petry,14,9.2126
pets,124,7.0943
pettenkofer,1,11.2273
petticoat,20,8.8763
pettigrew,2,10.8218
petting,124,7.0943
pettit,2,10.8218
petty,6,9.9746
petula,2,10.8218
petulant,1,11.2273
petunia,1,11.2273
petzval,1,11.2273
peuple,1,11.2273
pevensey,1,11.2273
pevensie,7,9.8411
pew,11,9.4357
pews,11,9.4357
peyton,7,9.8411
pez,3,10.5342
pfc,1,11.2273
pfeiffer,15,9.1481
pfizer,1,11.2273
pg,3,10.5342
pg1,1,11.2273
pg9,1,11.2273
pga,11,9.4357
ph,9,9.618
phaba,1,11.2273
phaethon,1,11.2273
phagophobia,2,10.8218
phalanges,2,10.8218
phallainophilia,1,11.2273
phane,1,11.2273
phanerozoic,1,11.2273
phantom,31,8.4552
phantoms,31,8.4552
phantoon,1,11.2273
pharaoh,22,8.7853
pharaohs,22,8.7853
pharmacist,5,10.1288
pharmacology,1,11.2273
pharmacy,4,10.3111
pharos,1,11.2273
pharyngeal,1,11.2273
pharyngula,1,11.2273
phascolarctos,1,11.2273
phase,16,9.0875
phases,16,9.0875
phatoons,1,11.2273
phazon,2,10.8218
phd,4,10.3111
pheasant,3,10.5342
pheeters,1,11.2273
phelan,1,11.2273
phelps,10,9.5227
phenolic,1,11.2273
phenomena,3,10.5342
phenomenon,22,8.7853
phenylethylamine,1,11.2273
pheobe,1,11.2273
pheobes,1,11.2273
pheomelanin,1,11.2273
pheromones,2,10.8218
phidias,1,11.2273
phifers,1,11.2273
phil,33,8.3947
philadelphia,69,7.6732
philadelphian,1,11.2273
philadelphias,69,7.6732
philadephia,1,11.2273
philanthropist,3,10.5342
philatelic,1,11.2273
philbert,1,11.2273
philbin,2,10.8218
phileas,1,11.2273
philematology,1,11.2273
philharmonic,1,11.2273
philhellenism,1,11.2273
philia,1,11.2273
philip,33,8.3947
philipp,4,10.3111
philippe,4,10.3111
philippina,1,11.2273
philippine,68,7.6875
philippines,68,7.6875
philippopolis,1,11.2273
philips,33,8.3947
philipsburg,1,11.2273
phillies,24,8.702
phillip,27,8.5887
phillipe,27,8.5887
phillippines,1,11.2273
phillippus,1,11.2273
phillips,27,8.5887
philly,24,8.702
philo,2,10.8218
philoctetes,1,11.2273
philologist,3,10.5342
philology,1,11.2273
philomela,1,11.2273
philosopher,65,7.7319
philosophers,65,7.7319
philosophiae,2,10.8218
philosophical,65,7.7319
philosophies,20,8.8763
philosophy,20,8.8763
phils,33,8.3947
philter,1,11.2273
phine,1,11.2273
phineas,9,9.618
phish,1,11.2273
phlanger,1,11.2273
phlebo,1,11.2273
phlebology,1,11.2273
phlein,1,11.2273
phlogiston,3,10.5342
phnom,3,10.5342
pho,1,11.2273
phobia,26,8.6251
phobias,26,8.6251
phobiphobia,1,11.2273
phobophobia,1,11.2273
phobos,2,10.8218
phocoenidae,1,11.2273
phoebe,35,8.3375
phoebes,35,8.3375
phoenicia,1,11.2273
phoenician,1,11.2273
phoenix,44,8.1146
phoenixes,44,8.1146
phone,25,8.6628
phoned,25,8.6628
phones,25,8.6628
phonetic,1,11.2273
phoney,1,11.2273
phonograph,6,9.9746
phonometer,1,11.2273
phony,1,11.2273
phosphorus,4,10.3111
photo,9,9.618
photocopy,1,11.2273
photograph,38,8.2575
photographed,38,8.2575
photographer,38,8.2575
photographers,38,8.2575
photographic,38,8.2575
photographica,1,11.2273
photographs,38,8.2575
photography,4,10.3111
photojournalist,3,10.5342
photometer,1,11.2273
photon,3,10.5342
photons,3,10.5342
photophobic,1,11.2273
photoplays,1,11.2273
photos,9,9.618
photosphere,1,11.2273
photosynthesis,4,10.3111
photosynthetic,1,11.2273
phrase,132,7.0325
phrases,132,7.0325
phreatic,1,11.2273
phrenic,1,11.2273
phrygian,3,10.5342
phthia,1,11.2273
phuket,9,9.618
phusis,1,11.2273
phyla,2,10.8218
phyliss,1,11.2273
phyllis,7,9.8411
phylogenetics,1,11.2273
phylum,3,10.5342
physailia,1,11.2273
physical,70,7.659
physically,70,7.659
physician,17,9.0304
physicians,17,9.0304
physicist,21,8.8298
physicists,21,8.8298
physics,70,7.659
physiological,6,9.9746
physiologist,1,11.2273
physiology,6,9.9746
pi,61,7.7944
pia,1,11.2273
piaf,1,11.2273
pianist,21,8.8298
pianists,21,8.8298
piano,31,8.4552
piazza,13,9.2816
piazzi,1,11.2273
picards,1,11.2273
picasso,6,9.9746
piccadily,1,11.2273
picchu,2,10.8218
piccoli,1,11.2273
pichiatelli,1,11.2273
pick,75,7.591
picked,75,7.591
picker,2,10.8218
pickers,2,10.8218
pickery,1,11.2273
picket,1,11.2273
pickett,3,10.5342
picketts,3,10.5342
picking,75,7.591
pickle,9,9.618
pickleball,1,11.2273
pickled,9,9.618
pickler,9,9.618
picklers,9,9.618
pickles,9,9.618
picks,75,7.591
pickup,1,11.2273
pickwick,2,10.8218
picnic,1,11.2273
pico,1,11.2273
picture,166,6.8054
pictured,166,6.8054
pictures,166,6.8054
pidgeot,1,11.2273
pidgin,3,10.5342
pie,61,7.7944
piece,81,7.5152
pieces,81,7.5152
pier,10,9.5227
pierce,14,9.2126
pierced,14,9.2126
piero,2,10.8218
pierpont,2,10.8218
pierre,18,8.9763
piers,10,9.5227
pies,61,7.7944
piet,1,11.2273
pieta,2,10.8218
pietermaritzburg,1,11.2273
pietro,2,10.8218
pietroasele,1,11.2273
piezoelectricity,1,11.2273
pig,47,8.0501
pigasus,1,11.2273
pigeon,17,9.0304
pigeonhole,1,11.2273
pigeons,17,9.0304
pigface,1,11.2273
piggies,6,9.9746
piggly,2,10.8218
piggy,6,9.9746
piglet,2,10.8218
pigment,7,9.8411
pigments,7,9.8411
pigpen,2,10.8218
pigpens,2,10.8218
pigs,47,8.0501
pigskin,1,11.2273
piitsburgh,1,11.2273
pik,2,10.8218
pikachu,1,11.2273
pikanii,1,11.2273
pikes,2,10.8218
pikulas,1,11.2273
pilate,13,9.2816
pilates,13,9.2816
pilatus,2,10.8218
pile,4,10.3111
pilgrim,16,9.0875
pilgrimage,7,9.8411
pilgrims,16,9.0875
pill,9,9.618
pillar,6,9.9746
pillars,6,9.9746
pillow,3,10.5342
pills,9,9.618
pilot,96,7.3474
piloted,96,7.3474
piloting,96,7.3474
pilots,96,7.3474
pilsen,1,11.2273
pilson,1,11.2273
piltdown,1,11.2273
pimon,1,11.2273
pimp,3,10.5342
pimples,3,10.5342
pin,33,8.3947
pina,2,10.8218
pincers,1,11.2273
pinch,3,10.5342
pinchley,1,11.2273
pinchot,1,11.2273
pinciotti,1,11.2273
pincus,1,11.2273
pindus,1,11.2273
pine,33,8.3947
pineal,33,8.3947
pineapple,17,9.0304
pineapples,17,9.0304
pinecone,1,11.2273
pinelli,1,11.2273
pines,33,8.3947
ping,4,10.3111
pingers,1,11.2273
pinguis,1,11.2273
pingyao,1,11.2273
pinhead,1,11.2273
pining,33,8.3947
piniphobia,1,11.2273
pink,116,7.1603
pinkerton,2,10.8218
pinkett,5,10.1288
pinkeye,1,11.2273
pinkish,1,11.2273
pinkueta,1,11.2273
pinky,10,9.5227
pinkys,10,9.5227
pinnacle,1,11.2273
pinned,33,8.3947
pino,1,11.2273
pinocchio,9,9.618
pinochet,1,11.2273
pinochle,1,11.2273
pinpin,1,11.2273
pins,33,8.3947
pint,2,10.8218
pinter,1,11.2273
pints,2,10.8218
pinups,1,11.2273
pioneer,23,8.7428
pioneered,23,8.7428
pioneering,23,8.7428
pioneers,23,8.7428
piotr,1,11.2273
piotrowski,1,11.2273
pip,9,9.618
pipe,9,9.618
pipeline,10,9.5227
pipelines,10,9.5227
piper,18,8.9763
pipers,18,8.9763
pipes,9,9.618
pipeye,1,11.2273
piping,9,9.618
pippa,1,11.2273
pippen,1,11.2273
pippin,5,10.1288
pippy,1,11.2273
pips,9,9.618
piqua,1,11.2273
piquanat,1,11.2273
piracy,5,10.1288
piraeus,1,11.2273
piraiba,1,11.2273
piranhas,1,11.2273
pirate,97,7.3372
pirates,97,7.3372
pirelli,2,10.8218
pireps,1,11.2273
pis,61,7.7944
pisa,18,8.9763
pisano,2,10.8218
pisas,18,8.9763
pisces,2,10.8218
pisciculturist,1,11.2273
piscivorous,1,11.2273
piscopo,1,11.2273
pissarro,3,10.5342
pissing,1,11.2273
pissis,1,11.2273
pistachio,2,10.8218
pistol,15,9.1481
pistology,1,11.2273
pistols,15,9.1481
pistons,5,10.1288
pit,8,9.7233
pitbull,1,11.2273
pitcairn,2,10.8218
pitch,47,8.0501
pitched,47,8.0501
pitcher,82,7.5031
pitchers,82,7.5031
pitches,47,8.0501
pitching,47,8.0501
pithe,1,11.2273
pithecanthropus,1,11.2273
pits,8,9.7233
pitsburgh,1,11.2273
pitstop,1,11.2273
pitt,37,8.2835
pittacus,1,11.2273
pitts,37,8.2835
pittsburg,1,11.2273
pittsburgh,48,8.0295
pittura,1,11.2273
pity,3,10.5342
pius,2,10.8218
piute,1,11.2273
pivotal,1,11.2273
pixar,6,9.9746
pixars,6,9.9746
pixie,1,11.2273
pizarro,3,10.5342
pizza,26,8.6251
pizzas,26,8.6251
pizzicato,1,11.2273
pizzo,1,11.2273
pj1,1,11.2273
pjs,1,11.2273
pks0405,1,11.2273
pl,3,10.5342
pl1,1,11.2273
place,305,6.2023
placebo,1,11.2273
placed,305,6.2023
placekicker,3,10.5342
placekickers,3,10.5342
placement,1,11.2273
placenta,2,10.8218
placentia,1,11.2273
placer,1,11.2273
places,305,6.2023
placing,305,6.2023
placoderms,1,11.2273
placodonts,1,11.2273
placophobia,1,11.2273
plaff,1,11.2273
plague,13,9.2816
plagued,13,9.2816
plagues,13,9.2816
plain,22,8.7853
plainfield,1,11.2273
plains,22,8.7853
plan,122,7.1104
planck,2,10.8218
plancks,2,10.8218
plane,122,7.1104
planes,122,7.1104
planet,201,6.6158
planetary,4,10.3111
planets,201,6.6158
plank,3,10.5342
planks,3,10.5342
plankton,7,9.8411
planned,122,7.1104
planning,122,7.1104
plano,1,11.2273
plans,122,7.1104
plant,123,7.1024
plantation,6,9.9746
plantations,6,9.9746
planted,123,7.1024
planter,4,10.3111
planters,4,10.3111
planting,123,7.1024
plantpot,1,11.2273
plants,123,7.1024
plaque,2,10.8218
plasma,10,9.5227
plasmodium,1,11.2273
plaster,3,10.5342
plastic,15,9.1481
plastics,15,9.1481
plastids,1,11.2273
plastron,1,11.2273
plata,2,10.8218
plate,22,8.7853
platebody,1,11.2273
plated,22,8.7853
platelets,1,11.2273
plates,22,8.7853
platform,3,10.5342
plaths,1,11.2273
platinum,11,9.4357
plato,28,8.5536
platonic,1,11.2273
platoon,11,9.4357
platos,28,8.5536
platt,2,10.8218
platte,2,10.8218
platter,2,10.8218
platypus,9,9.618
platypuses,6,9.9746
platyrrhines,1,11.2273
plausible,1,11.2273
play,2248,4.242
playable,3,10.5342
playboy,18,8.9763
played,2248,4.242
player,579,5.5678
players,579,5.5678
playes,1,11.2273
playground,5,10.1288
playhouse,8,9.7233
playin,3,10.5342
playing,2248,4.242
playmate,1,11.2273
playoff,9,9.618
playoffs,9,9.618
playpen,1,11.2273
plays,2248,4.242
playstation,2,10.8218
playtime,1,11.2273
playwright,38,8.2575
playwrights,38,8.2575
plaza,4,10.3111
plead,2,10.8218
pleads,2,10.8218
pleakley,2,10.8218
pleasant,2,10.8218
pleasanton,1,11.2273
pleased,1,11.2273
pleasence,1,11.2273
pleasure,10,9.5227
pleasures,10,9.5227
pleats,1,11.2273
plectorian,1,11.2273
plectrum,1,11.2273
pledge,1,11.2273
pleiades,1,11.2273
plenty,5,10.1288
pleo,1,11.2273
pleonasm,1,11.2273
pleshette,2,10.8218
pleshettes,2,10.8218
plesiosaur,3,10.5342
plesiosaurs,3,10.5342
pleso,1,11.2273
plessis,2,10.8218
plessy,2,10.8218
plexus,1,11.2273
pliable,1,11.2273
plight,3,10.5342
plimpton,1,11.2273
pliny,1,11.2273
pliosaurs,1,11.2273
plo,1,11.2273
plomero,1,11.2273
plop,1,11.2273
plot,33,8.3947
plots,33,8.3947
ploughmans,1,11.2273
plovdiv,1,11.2273
plow,2,10.8218
plucking,2,10.8218
plug,3,10.5342
pluie,2,10.8218
plum,14,9.2126
plumage,1,11.2273
plumb,5,10.1288
plumber,3,10.5342
plumbing,5,10.1288
plumbism,1,11.2273
plumleigh,1,11.2273
plummer,2,10.8218
plump,2,10.8218
plums,14,9.2126
plundered,3,10.5342
plundering,3,10.5342
plunge,2,10.8218
plunging,2,10.8218
plunkett,1,11.2273
plural,6,9.9746
plurality,6,9.9746
pluribus,2,10.8218
plus,18,8.9763
plush,2,10.8218
plushenko,1,11.2273
plutarch,1,11.2273
pluto,28,8.5536
plutocracy,1,11.2273
plutonium,3,10.5342
plutos,28,8.5536
plymouth,8,9.7233
plywood,1,11.2273
pm,4,10.3111
pmh,1,11.2273
pn,1,11.2273
pne,1,11.2273
pneumatic,2,10.8218
pneumonia,1,11.2273
pneumonoultramicroscopicsilicovolcanoconiosis,1,11.2273
po,24,8.702
po2,1,11.2273
poach,5,10.1288
poached,5,10.1288
poachers,1,11.2273
poaching,5,10.1288
pocahontas,6,9.9746
pocatello,1,11.2273
pocket,13,9.2816
pockets,13,9.2816
pococurante,1,11.2273
pocono,1,11.2273
pocus,1,11.2273
pod,3,10.5342
podalirius,1,11.2273
podein,1,11.2273
podgorica,2,10.8218
podres,1,11.2273
poe,24,8.702
poehler,1,11.2273
poem,100,7.3071
poems,100,7.3071
poenaru,1,11.2273
poes,24,8.702
poet,99,7.317
poeta,1,11.2273
poetess,4,10.3111
poetesses,4,10.3111
poetic,6,9.9746
poetical,6,9.9746
poetics,6,9.9746
poetry,16,9.0875
poets,99,7.317
pogophilia,1,11.2273
poignant,2,10.8218
poin,1,11.2273
poindexter,1,11.2273
poinsett,1,11.2273
poinsettia,2,10.8218
poinsettias,2,10.8218
point,166,6.8054
pointe,166,6.8054
pointed,166,6.8054
pointer,3,10.5342
pointers,3,10.5342
pointillism,1,11.2273
pointless,1,11.2273
points,166,6.8054
pointy,1,11.2273
poiret,1,11.2273
poirot,5,10.1288
poirots,5,10.1288
poised,1,11.2273
poisin,1,11.2273
poison,64,7.7472
poisoned,64,7.7472
poisoning,64,7.7472
poisonous,64,7.7472
poisons,64,7.7472
poisson,3,10.5342
poitier,14,9.2126
poitiers,14,9.2126
pok,1,11.2273
pokemon,40,8.2076
poker,3,10.5342
pol,38,8.2575
pola,1,11.2273
poland,62,7.7784
polands,62,7.7784
polanski,4,10.3111
polanskis,4,10.3111
polar,28,8.5536
polaris,2,10.8218
polarity,28,8.5536
polarization,28,8.5536
pole,38,8.2575
poles,38,8.2575
poli,4,10.3111
police,97,7.3372
policeman,5,10.1288
policemen,1,11.2273
policies,13,9.2816
policing,97,7.3372
policy,13,9.2816
polio,2,10.8218
poliosis,1,11.2273
polis,4,10.3111
polish,29,8.5197
polished,29,8.5197
politburo,1,11.2273
polite,93,7.3788
politehnica,1,11.2273
politic,93,7.3788
political,93,7.3788
politically,93,7.3788
politician,44,8.1146
politicians,44,8.1146
politics,93,7.3788
polito,1,11.2273
polity,1,11.2273
polk,3,10.5342
polka,3,10.5342
poll,9,9.618
pollen,2,10.8218
pollie,6,9.9746
pollinated,4,10.3111
pollination,4,10.3111
pollinator,4,10.3111
pollini,1,11.2273
pollitical,1,11.2273
pollock,1,11.2273
pollover,1,11.2273
pollutant,8,9.7233
pollute,8,9.7233
pollution,8,9.7233
pollux,3,10.5342
polly,6,9.9746
pollyana,1,11.2273
polo,6,9.9746
polonium,3,10.5342
polska,1,11.2273
poltava,1,11.2273
poltergeist,9,9.618
poly,4,10.3111
polyester,2,10.8218
polygamous,1,11.2273
polygamy,1,11.2273
polyglot,1,11.2273
polygons,1,11.2273
polygraph,2,10.8218
polyjuice,4,10.3111
polynesia,1,11.2273
polynesian,2,10.8218
polynomial,2,10.8218
polyphemus,1,11.2273
polyphonic,1,11.2273
polytechnic,2,10.8218
polytechnique,1,11.2273
polythene,1,11.2273
polyvinyl,1,11.2273
pom,1,11.2273
pomegranates,1,11.2273
pomerania,1,11.2273
pomeranian,2,10.8218
pomeranians,2,10.8218
pomern,1,11.2273
pommes,1,11.2273
pomorze,1,11.2273
pompadour,2,10.8218
pompeii,1,11.2273
pompeja,1,11.2273
pompeo,1,11.2273
pompey,2,10.8218
pompeys,2,10.8218
pompous,2,10.8218
pon,2,10.8218
ponce,1,11.2273
ponch,1,11.2273
pond,6,9.9746
pong,7,9.8411
pongo,3,10.5342
pongos,3,10.5342
pongs,7,9.8411
ponies,3,10.5342
ponrepo,1,11.2273
pont,2,10.8218
ponte,2,10.8218
ponti,1,11.2273
pontiac,3,10.5342
pontic,1,11.2273
pontiff,1,11.2273
pontifical,1,11.2273
pontius,1,11.2273
pontoon,1,11.2273
pony,3,10.5342
ponyboy,2,10.8218
poo,2,10.8218
poodle,4,10.3111
poofs,1,11.2273
pooh,10,9.5227
poohs,10,9.5227
pooka,1,11.2273
pookie,2,10.8218
pooky,2,10.8218
pool,17,9.0304
pools,17,9.0304
poop,1,11.2273
poopeye,1,11.2273
poor,35,8.3375
poorboys,1,11.2273
poorest,6,9.9746
poorly,1,11.2273
poovie,1,11.2273
pop,142,6.9601
popcorn,15,9.1481
pope,142,6.9601
popes,142,6.9601
popeye,28,8.5536
popeyes,28,8.5536
popingo,1,11.2273
popinjay,1,11.2273
popocat,1,11.2273
poppa,2,10.8218
poppas,2,10.8218
popped,142,6.9601
poppie,10,9.5227
poppies,10,9.5227
popping,142,6.9601
poppins,2,10.8218
poppy,10,9.5227
popsitioning,1,11.2273
populace,1,11.2273
popular,952,5.0779
popularied,1,11.2273
popularised,1,11.2273
popularity,952,5.0779
popularize,952,5.0779
popularized,952,5.0779
popularizing,952,5.0779
popularly,4,10.3111
populate,104,7.2683
populated,104,7.2683
populates,104,7.2683
population,104,7.2683
populations,104,7.2683
populator,104,7.2683
populi,2,10.8218
populous,104,7.2683
popyes,1,11.2273
poquelin,1,11.2273
por,3,10.5342
porcelain,3,10.5342
porch,2,10.8218
porcroft,1,11.2273
porcupine,1,11.2273
pore,3,10.5342
pores,3,10.5342
porfry,1,11.2273
porgy,4,10.3111
pork,12,9.3557
porky,3,10.5342
porkys,3,10.5342
porlock,1,11.2273
porn,4,10.3111
pornographic,1,11.2273
pornography,1,11.2273
porous,1,11.2273
porphyrias,1,11.2273
porphyrophobia,1,11.2273
porpoise,3,10.5342
porpoises,3,10.5342
porsche,3,10.5342
port,42,8.16
porta,1,11.2273
portable,1,11.2273
portal,1,11.2273
portentosa,1,11.2273
porter,10,9.5227
porters,10,9.5227
portholes,1,11.2273
portia,3,10.5342
portion,7,9.8411
portland,12,9.3557
portman,4,10.3111
portmans,4,10.3111
portmanteau,1,11.2273
portmore,1,11.2273
portnoy,1,11.2273
porto,2,10.8218
portofino,1,11.2273
portrait,20,8.8763
portraits,20,8.8763
portray,534,5.6478
portrayal,31,8.4552
portrayd,1,11.2273
portrayed,534,5.6478
portrayer,31,8.4552
portraying,534,5.6478
portrays,534,5.6478
ports,42,8.16
portsmouth,1,11.2273
portugal,40,8.2076
portugals,40,8.2076
portuguese,38,8.2575
portunes,1,11.2273
porygon,1,11.2273
porygon2,1,11.2273
pos,24,8.702
pose,10,9.5227
posed,10,9.5227
poseidon,22,8.7853
poseidonia,1,11.2273
poseidons,22,8.7853
poses,10,9.5227
posey,2,10.8218
posh,1,11.2273
posing,10,9.5227
posited,94,7.3682
position,94,7.3682
positioned,94,7.3682
positioning,94,7.3682
positions,94,7.3682
posititron,1,11.2273
positive,94,7.3682
positively,94,7.3682
positronic,1,11.2273
posse,2,10.8218
posses,2,10.8218
possess,56,7.8784
possessed,56,7.8784
possesses,56,7.8784
possessing,56,7.8784
possession,56,7.8784
possessions,56,7.8784
possibilities,47,8.0501
possibility,47,8.0501
possible,47,8.0501
possibly,10,9.5227
possum,3,10.5342
possums,3,10.5342
post,33,8.3947
postage,6,9.9746
postal,9,9.618
postcard,3,10.5342
postcards,3,10.5342
posted,33,8.3947
poster,10,9.5227
posters,10,9.5227
postgame,1,11.2273
posthumos,1,11.2273
posthumous,8,9.7233
posthumously,8,9.7233
postman,4,10.3111
postmaster,6,9.9746
poston,1,11.2273
postpone,1,11.2273
postpositions,1,11.2273
postseason,2,10.8218
postulated,4,10.3111
postulates,4,10.3111
posture,3,10.5342
postures,3,10.5342
postwar,2,10.8218
posy,1,11.2273
pot,9,9.618
potala,2,10.8218
potassium,8,9.7233
potato,32,8.4245
potatoes,32,8.4245
potemkin,4,10.3111
potent,1,11.2273
potential,5,10.1288
potentially,5,10.1288
potion,26,8.6251
potions,26,8.6251
potomac,1,11.2273
potophobia,1,11.2273
potosi,1,11.2273
potpourri,1,11.2273
pots,9,9.618
potsie,1,11.2273
potter,386,5.969
potters,386,5.969
pottersville,1,11.2273
pottery,4,10.3111
potts,2,10.8218
pouch,6,9.9746
poultry,2,10.8218
pouncing,1,11.2273
pound,50,7.9895
pounded,50,7.9895
pounds,50,7.9895
pour,11,9.4357
poured,11,9.4357
poverty,3,10.5342
povich,1,11.2273
povidone,1,11.2273
pow,4,10.3111
powder,7,9.8411
powdered,7,9.8411
powderpuff,1,11.2273
powell,12,9.3557
powells,12,9.3557
power,234,6.4651
powered,234,6.4651
powerful,234,6.4651
powering,234,6.4651
powerman5000,1,11.2273
powerpuff,2,10.8218
powers,234,6.4651
powerslave,1,11.2273
powertrip,1,11.2273
powerwagon,1,11.2273
powis,1,11.2273
pows,4,10.3111
powter,1,11.2273
powys,1,11.2273
pox,1,11.2273
pozharskij,1,11.2273
poznan,1,11.2273
pozole,1,11.2273
pozzi,1,11.2273
pp,2,10.8218
ppk,1,11.2273
ppv,2,10.8218
pr,8,9.7233
prabhupada,1,11.2273
practical,65,7.7319
practically,65,7.7319
practice,65,7.7319
practiced,65,7.7319
practices,65,7.7319
practicing,65,7.7319
practise,3,10.5342
practised,3,10.5342
practising,3,10.5342
practitioner,7,9.8411
practitioners,7,9.8411
prada,1,11.2273
pradesh,1,11.2273
prado,1,11.2273
praetor,1,11.2273
praetorians,1,11.2273
pragmatic,1,11.2273
prague,18,8.9763
praia,4,10.3111
prairie,18,8.9763
praised,1,11.2273
prakazrel,1,11.2273
prana,1,11.2273
pranahara,1,11.2273
pranayama,1,11.2273
prancing,1,11.2273
prandial,2,10.8218
prank,5,10.1288
pranks,5,10.1288
prankster,2,10.8218
pras,1,11.2273
pratchett,14,9.2126
pratchetts,14,9.2126
prater,1,11.2273
pratt,3,10.5342
prawns,1,11.2273
pray,15,9.1481
prayed,15,9.1481
prayer,22,8.7853
prayers,22,8.7853
praying,15,9.1481
prays,15,9.1481
prca,1,11.2273
pre,15,9.1481
preach,6,9.9746
preached,6,9.9746
preacher,7,9.8411
preachers,7,9.8411
preaches,6,9.9746
preaching,6,9.9746
prebiotic,1,11.2273
prebuilt,1,11.2273
precambrian,5,10.1288
precarious,1,11.2273
precautionary,1,11.2273
preceded,8,9.7233
precedent,8,9.7233
precedes,8,9.7233
precinct,1,11.2273
precious,10,9.5227
precipitated,2,10.8218
precipitation,2,10.8218
precise,4,10.3111
precisely,4,10.3111
precision,4,10.3111
precocious,2,10.8218
precognition,1,11.2273
preconscious,1,11.2273
precursor,6,9.9746
predator,25,8.6628
predators,25,8.6628
predatory,5,10.1288
predecessor,8,9.7233
predicaments,1,11.2273
predicate,2,10.8218
predicator,2,10.8218
predict,19,8.925
predictable,19,8.925
predicted,19,8.925
predicting,19,8.925
prediction,19,8.925
predicts,19,8.925
predisposed,1,11.2273
predominant,15,9.1481
predominantly,6,9.9746
predominated,15,9.1481
predominating,15,9.1481
preeclampsia,1,11.2273
preface,2,10.8218
prefect,4,10.3111
prefecture,1,11.2273
prefer,22,8.7853
preference,22,8.7853
preferred,22,8.7853
prefix,20,8.8763
prefixes,20,8.8763
preform,2,10.8218
pregnancies,22,8.7853
pregnancy,22,8.7853
pregnant,27,8.5887
prehensile,1,11.2273
prehistoric,5,10.1288
prehysterical,1,11.2273
prejudice,7,9.8411
prejudiced,1,11.2273
preliminary,1,11.2273
prelude,3,10.5342
premarital,1,11.2273
premature,2,10.8218
premeired,1,11.2273
premiata,1,11.2273
premier,36,8.3102
premiere,25,8.6628
premiered,36,8.3102
premiership,6,9.9746
premise,3,10.5342
premium,3,10.5342
premolars,1,11.2273
premonitions,1,11.2273
prentiss,1,11.2273
preoccupation,1,11.2273
prep,1,11.2273
preparation,97,7.3372
prepare,97,7.3372
prepared,97,7.3372
prepares,97,7.3372
preparing,97,7.3372
prequel,1,11.2273
prerogative,1,11.2273
presbycusis,1,11.2273
presbyterian,2,10.8218
prescibes,1,11.2273
prescient,2,10.8218
prescott,1,11.2273
prescribable,5,10.1288
prescribe,5,10.1288
prescribed,5,10.1288
prescribing,5,10.1288
prescription,10,9.5227
prescriptions,10,9.5227
preseason,1,11.2273
presence,11,9.4357
present,107,7.2402
presentation,107,7.2402
presented,107,7.2402
presenter,107,7.2402
presenting,107,7.2402
presently,107,7.2402
presents,107,7.2402
preservation,19,8.925
preservative,19,8.925
preserve,19,8.925
preserved,19,8.925
preserver,19,8.925
preserving,19,8.925
preside,652,5.4506
presided,652,5.4506
presidency,652,5.4506
president,652,5.4506
presidential,45,8.0926
presidents,652,5.4506
presiding,652,5.4506
preslav,1,11.2273
presley,58,7.8439
presleys,58,7.8439
press,22,8.7853
pressburg,1,11.2273
pressed,22,8.7853
pressing,22,8.7853
pressmans,1,11.2273
pressure,26,8.6251
prestige,4,10.3111
prestiges,4,10.3111
prestigious,12,9.3557
preston,7,9.8411
prestons,7,9.8411
prestwick,1,11.2273
presumably,9,9.618
presume,9,9.618
presumed,9,9.618
presumptive,1,11.2273
preta,1,11.2273
pretend,17,9.0304
pretended,17,9.0304
pretenders,17,9.0304
pretending,17,9.0304
pretends,17,9.0304
pretoria,2,10.8218
prettiest,2,10.8218
pretty,65,7.7319
prevailed,4,10.3111
prevailing,4,10.3111
prevalent,4,10.3111
prevent,30,8.487
preventable,30,8.487
prevented,30,8.487
preventing,30,8.487
prevention,30,8.487
prevents,30,8.487
preview,1,11.2273
previous,27,8.5887
previously,27,8.5887
prewitt,1,11.2273
prey,13,9.2816
preyed,13,9.2816
preying,13,9.2816
preys,13,9.2816
prez,1,11.2273
priam,1,11.2273
price,31,8.4552
priceless,1,11.2273
prices,31,8.4552
pricey,3,10.5342
priciest,4,10.3111
pricked,1,11.2273
pride,20,8.8763
priest,42,8.16
priestess,2,10.8218
priests,42,8.16
prim,77,7.5651
prima,11,9.4357
primal,2,10.8218
primarily,31,8.4552
primary,29,8.5197
primas,11,9.4357
primate,7,9.8411
primates,7,9.8411
primavera,1,11.2273
prime,77,7.5651
primetime,6,9.9746
primitive,3,10.5342
primordial,1,11.2273
prince,198,6.6307
princes,198,6.6307
princess,117,7.1518
princesses,117,7.1518
princeton,7,9.8411
principal,32,8.4245
principality,32,8.4245
principals,32,8.4245
principe,32,8.4245
principia,2,10.8218
principle,21,8.8298
principles,21,8.8298
prins,1,11.2273
print,18,8.9763
printed,18,8.9763
printer,5,10.1288
printers,5,10.1288
printing,18,8.9763
printmaker,3,10.5342
printmaking,3,10.5342
prints,18,8.9763
prinze,1,11.2273
prion,1,11.2273
prior,46,8.0711
priority,1,11.2273
priory,1,11.2273
priscilla,3,10.5342
prism,4,10.3111
prisms,4,10.3111
prison,75,7.591
prisoner,75,7.591
prisoners,75,7.591
pristina,2,10.8218
prithee,1,11.2273
pritzker,1,11.2273
privacy,1,11.2273
private,45,8.0926
privateer,45,8.0926
privateers,45,8.0926
privately,45,8.0926
privates,45,8.0926
privet,3,10.5342
privilege,6,9.9746
privileged,6,9.9746
privileges,6,9.9746
prix,4,10.3111
prize,107,7.2402
prized,107,7.2402
prizes,107,7.2402
prn,1,11.2273
pro,49,8.0093
probability,59,7.8271
probable,59,7.8271
probably,59,7.8271
probat,1,11.2273
probationary,1,11.2273
probe,8,9.7233
probes,8,9.7233
problem,57,7.861
problems,57,7.861
proboscis,1,11.2273
procedural,22,8.7853
procedurals,22,8.7853
procedure,22,8.7853
procedures,22,8.7853
proceed,2,10.8218
process,55,7.8961
processed,55,7.8961
processes,55,7.8961
processing,55,7.8961
procession,55,7.8961
processor,4,10.3111
processors,4,10.3111
procima,1,11.2273
proclaim,18,8.9763
proclaimed,18,8.9763
proclaimers,18,8.9763
proclaiming,18,8.9763
proclaims,18,8.9763
proclamation,3,10.5342
proclamations,3,10.5342
procol,2,10.8218
procrastinators,1,11.2273
procter,1,11.2273
proctologist,1,11.2273
proctor,2,10.8218
proctors,2,10.8218
procyon,1,11.2273
prodigal,2,10.8218
prodigy,2,10.8218
produce,340,6.0947
produced,340,6.0947
producer,340,6.0947
producers,340,6.0947
produces,340,6.0947
producing,340,6.0947
product,147,6.9259
production,147,6.9259
productions,147,6.9259
productive,147,6.9259
products,147,6.9259
prof,1,11.2273
professed,57,7.861
profession,57,7.861
professional,126,7.0785
professionally,126,7.0785
professionals,126,7.0785
professions,57,7.861
professor,62,7.7784
professors,62,7.7784
profetas,1,11.2273
proficient,1,11.2273
profile,7,9.8411
profiled,7,9.8411
profilers,7,9.8411
profiles,7,9.8411
profit,6,9.9746
profitable,6,9.9746
profits,6,9.9746
profundis,1,11.2273
progenitor,1,11.2273
progesterone,2,10.8218
program,109,7.2219
programmable,8,9.7233
programme,8,9.7233
programmed,109,7.2219
programmer,8,9.7233
programming,109,7.2219
programs,109,7.2219
progress,27,8.5887
progression,27,8.5887
progressive,27,8.5887
progressively,27,8.5887
progresso,1,11.2273
prohibit,11,9.4357
prohibited,11,9.4357
prohibition,11,9.4357
prohibits,11,9.4357
project,64,7.7472
projecting,64,7.7472
projection,64,7.7472
projectionist,1,11.2273
projections,64,7.7472
projectors,1,11.2273
projects,64,7.7472
projekt,1,11.2273
prokaryotic,1,11.2273
prokhorovka,1,11.2273
prokne,1,11.2273
prolific,8,9.7233
prolog,1,11.2273
prologue,1,11.2273
prom,10,9.5227
promenade,1,11.2273
prometea,1,11.2273
promethean,2,10.8218
prometheus,6,9.9746
prominence,56,7.8784
prominences,56,7.8784
prominent,56,7.8784
prominently,56,7.8784
promiscuous,2,10.8218
promise,17,9.0304
promised,17,9.0304
promises,17,9.0304
promising,17,9.0304
promote,27,8.5887
promoted,27,8.5887
promoter,27,8.5887
promotes,27,8.5887
promoting,27,8.5887
promotion,27,8.5887
promotional,27,8.5887
prompted,4,10.3111
promptly,1,11.2273
prone,3,10.5342
prong,1,11.2273
pronoun,1,11.2273
pronounce,13,9.2816
pronounced,13,9.2816
pronounces,13,9.2816
prontosil,1,11.2273
pronunciations,1,11.2273
proof,14,9.2126
prop,9,9.618
propaganda,4,10.3111
propane,1,11.2273
prope,9,9.618
propecia,1,11.2273
propel,3,10.5342
propellants,3,10.5342
propeller,3,10.5342
proper,26,8.6251
properly,4,10.3111
properties,40,8.2076
property,40,8.2076
prophecy,17,9.0304
prophesies,1,11.2273
prophet,17,9.0304
prophets,17,9.0304
prophetz,1,11.2273
proponent,1,11.2273
proportion,7,9.8411
proportional,7,9.8411
proportione,1,11.2273
proportions,7,9.8411
propos,1,11.2273
proposal,26,8.6251
proposals,26,8.6251
propose,26,8.6251
proposed,26,8.6251
proposes,26,8.6251
proposing,26,8.6251
proposition,2,10.8218
propositions,2,10.8218
propre,1,11.2273
proprietor,4,10.3111
props,9,9.618
propulsion,1,11.2273
pros,49,8.0093
proscription,1,11.2273
prose,2,10.8218
prosecuted,4,10.3111
prosecution,4,10.3111
prosecutor,5,10.1288
prosimian,1,11.2273
prosopagnosia,1,11.2273
prospect,2,10.8218
prospector,2,10.8218
prospectors,2,10.8218
prospects,2,10.8218
prospekt,2,10.8218
prosperity,1,11.2273
prospero,1,11.2273
prostate,4,10.3111
prosthetic,1,11.2273
prostho,1,11.2273
prostitute,23,8.7428
prostitutes,23,8.7428
prostitution,23,8.7428
protactinium,1,11.2273
protagonist,74,7.6043
protagonists,74,7.6043
protect,76,7.578
protected,76,7.578
protecting,76,7.578
protection,76,7.578
protectionism,1,11.2273
protective,76,7.578
protector,9,9.618
protectors,9,9.618
protects,76,7.578
protege,3,10.5342
protein,26,8.6251
proteins,26,8.6251
protest,30,8.487
protestant,30,8.487
protestantism,5,10.1288
protestants,30,8.487
protested,30,8.487
protester,30,8.487
protesters,30,8.487
protesting,30,8.487
protests,30,8.487
proteus,1,11.2273
prothalamion,1,11.2273
proto,3,10.5342
protoceratops,3,10.5342
protocol,8,9.7233
proton,8,9.7233
protons,8,9.7233
protopopovs,2,10.8218
prototype,6,9.9746
protozoan,1,11.2273
protozoic,1,11.2273
protozoology,1,11.2273
protracted,1,11.2273
protuberances,1,11.2273
proud,19,8.925
proudhon,1,11.2273
proudly,3,10.5342
prove,34,8.3657
proved,34,8.3657
provehito,1,11.2273
proven,11,9.4357
proverb,41,8.1835
proverbial,2,10.8218
proverbs,41,8.1835
proves,34,8.3657
provide,66,7.7169
provided,66,7.7169
providence,66,7.7169
provider,66,7.7169
providers,66,7.7169
provides,66,7.7169
providing,66,7.7169
province,40,8.2076
provinces,40,8.2076
provincial,3,10.5342
provinciales,1,11.2273
proving,34,8.3657
provisional,1,11.2273
provisions,1,11.2273
provo,3,10.5342
provocative,3,10.5342
provoke,3,10.5342
provoked,3,10.5342
provoking,3,10.5342
proxima,2,10.8218
proximity,1,11.2273
proxy,1,11.2273
prozac,4,10.3111
prudence,2,10.8218
prudential,1,11.2273
prudhoe,1,11.2273
prudish,1,11.2273
prue,7,9.8411
prune,4,10.3111
prunes,4,10.3111
prunus,3,10.5342
prussia,8,9.7233
prussian,4,10.3111
prynne,1,11.2273
ps1,1,11.2273
ps2,5,10.1288
psalm,12,9.3557
psalms,12,9.3557
psephology,1,11.2273
pseudo,2,10.8218
pseudonym,18,8.9763
pseudonyms,18,8.9763
psh,1,11.2273
psi,3,10.5342
psocids,1,11.2273
psoriasis,1,11.2273
psp,1,11.2273
psr,1,11.2273
psr0031,1,11.2273
psv,1,11.2273
psych,3,10.5342
psyche,3,10.5342
psychedelia,1,11.2273
psychedelic,13,9.2816
psychiatric,5,10.1288
psychiatrist,12,9.3557
psychiatry,1,11.2273
psychic,11,9.4357
psycho,9,9.618
psychoactive,1,11.2273
psychoanalysis,1,11.2273
psychoanalytic,3,10.5342
psychological,15,9.1481
psychologist,13,9.2816
psychologists,13,9.2816
psychology,15,9.1481
psychopath,4,10.3111
psychopathic,4,10.3111
psychopaths,4,10.3111
psychosexual,1,11.2273
psychosis,3,10.5342
psychosomatic,1,11.2273
psychotic,3,10.5342
psychoticism,1,11.2273
psychotics,3,10.5342
psyduck,1,11.2273
pt,8,9.7233
pterodactyl,2,10.8218
pterodactyls,2,10.8218
pterosaur,3,10.5342
pterosaurs,3,10.5342
ptolemaic,2,10.8218
ptolemy,6,9.9746
pts,8,9.7233
pu,4,10.3111
pua,1,11.2273
pub,1,11.2273
puberty,1,11.2273
pubic,1,11.2273
pubis,1,11.2273
public,62,7.7784
publication,62,7.7784
publicist,1,11.2273
publicity,62,7.7784
publicly,7,9.8411
publish,110,7.2129
published,110,7.2129
publisher,110,7.2129
publishers,110,7.2129
publishing,110,7.2129
puccini,7,9.8411
puccinis,7,9.8411
puck,4,10.3111
puckett,1,11.2273
pucks,4,10.3111
pudding,3,10.5342
puddle,1,11.2273
puddleglum,4,10.3111
puddy,2,10.8218
puddys,2,10.8218
pudge,1,11.2273
puebla,1,11.2273
pueblo,2,10.8218
puente,14,9.2126
puentes,14,9.2126
puerperal,1,11.2273
puerto,34,8.3657
puff,4,10.3111
puffin,1,11.2273
puffs,4,10.3111
puft,1,11.2273
pug,2,10.8218
puggle,1,11.2273
pugilist,1,11.2273
pugmarks,1,11.2273
pugsley,2,10.8218
puiseux,1,11.2273
puissant,1,11.2273
pujols,1,11.2273
puke,1,11.2273
pula,2,10.8218
pulau,2,10.8218
puli,2,10.8218
pulicology,1,11.2273
pulitzer,38,8.2575
pull,34,8.3657
pulldown,1,11.2273
pulled,34,8.3657
puller,1,11.2273
pulleys,1,11.2273
pulling,34,8.3657
pullman,5,10.1288
pullmans,5,10.1288
pulls,34,8.3657
pulmonary,6,9.9746
pulog,1,11.2273
pulp,17,9.0304
pulsar,2,10.8218
pulsates,1,11.2273
pulse,4,10.3111
pulses,4,10.3111
pulverizing,1,11.2273
puma,3,10.5342
pumi,1,11.2273
pumice,1,11.2273
pumkin,1,11.2273
pump,11,9.4357
pumpernickel,1,11.2273
pumphreys,1,11.2273
pumping,11,9.4357
pumpkin,7,9.8411
pumpkins,7,9.8411
pumps,11,9.4357
pun,3,10.5342
puncak,1,11.2273
punch,11,9.4357
punched,11,9.4357
punches,11,9.4357
punctuation,1,11.2273
puncture,2,10.8218
pungent,2,10.8218
punic,5,10.1288
punishable,21,8.8298
punished,21,8.8298
punisher,21,8.8298
punishes,21,8.8298
punishing,21,8.8298
punishment,21,8.8298
punjab,2,10.8218
punjabi,1,11.2273
punk,37,8.2835
punkd,1,11.2273
punny,1,11.2273
puno,1,11.2273
puns,3,10.5342
punt,1,11.2273
punta,1,11.2273
puntland,2,10.8218
punxsutawney,1,11.2273
pup,7,9.8411
pupeye,1,11.2273
pupil,5,10.1288
pupils,5,10.1288
puppet,10,9.5227
puppets,10,9.5227
puppies,9,9.618
puppy,9,9.618
pups,7,9.8411
purchase,17,9.0304
purchased,17,9.0304
purchases,17,9.0304
purdue,6,9.9746
pure,15,9.1481
purebred,2,10.8218
purfi,1,11.2273
purgatory,1,11.2273
puri,1,11.2273
purification,2,10.8218
purim,1,11.2273
purina,2,10.8218
purinas,2,10.8218
puritan,1,11.2273
purity,3,10.5342
purkhiser,1,11.2273
purkinje,1,11.2273
purkyn,1,11.2273
purnululu,1,11.2273
purple,82,7.5031
purples,82,7.5031
purpose,29,8.5197
purposes,29,8.5197
purr,4,10.3111
purring,15,9.1481
purse,3,10.5342
pursue,11,9.4357
pursued,11,9.4357
pursuing,11,9.4357
pursuit,18,8.9763
pus,4,10.3111
push,13,9.2816
pushed,13,9.2816
pushes,13,9.2816
pushing,13,9.2816
pushka,1,11.2273
pushkins,1,11.2273
puss,7,9.8411
pusser,1,11.2273
pussy,5,10.1288
pussycat,6,9.9746
put,113,7.1863
putin,1,11.2273
putrid,1,11.2273
puts,113,7.1863
puttin,2,10.8218
putting,113,7.1863
putty,3,10.5342
puyis,1,11.2273
puzo,3,10.5342
puzzle,8,9.7233
puzzles,8,9.7233
pv117,1,11.2273
pv6,1,11.2273
pvp,1,11.2273
pvt,7,9.8411
pw117,1,11.2273
pwa,1,11.2273
pwi,2,10.8218
pyatnitskij,1,11.2273
pycnometer,1,11.2273
pygg,1,11.2273
pygidium,1,11.2273
pygmalion,3,10.5342
pygmies,3,10.5342
pygmy,3,10.5342
pyle,13,9.2816
pyncheon,1,11.2273
pyongyang,2,10.8218
pyotr,12,9.3557
pyramid,30,8.487
pyramids,30,8.487
pyrenees,2,10.8218
pyrokinesis,1,11.2273
pyrophobia,1,11.2273
pyrotechnic,1,11.2273
pyrrha,1,11.2273
pythagoras,3,10.5342
pythagorean,4,10.3111
pythias,1,11.2273
python,40,8.2076
pythons,40,8.2076
pytor,1,11.2273
pywackett,1,11.2273
q,7,9.8411
qa1,1,11.2273
qaddafi,1,11.2273
qaeda,6,9.9746
qahwat,1,11.2273
qantas,1,11.2273
qassaman,1,11.2273
qatar,5,10.1288
qatari,1,11.2273
qawasim,1,11.2273
qb,1,11.2273
qb3,1,11.2273
qd29,1,11.2273
qf1,1,11.2273
qh7,1,11.2273
qian,1,11.2273
qigong,1,11.2273
qin,4,10.3111
qing,1,11.2273
qipao,1,11.2273
qn2,1,11.2273
qp,1,11.2273
qr,1,11.2273
qruopsdgjcb,2,10.8218
qs,1,11.2273
qs3,1,11.2273
qt,3,10.5342
qtv,1,11.2273
quacks,1,11.2273
quad,1,11.2273
quadrant,1,11.2273
quadrilateral,3,10.5342
quadrilaterals,3,10.5342
quadrille,1,11.2273
quadrilogy,1,11.2273
quadriplegics,1,11.2273
quadruple,5,10.1288
quagmire,5,10.1288
quagmires,5,10.1288
quai,2,10.8218
quaid,4,10.3111
quaide,4,10.3111
quails,1,11.2273
quaker,3,10.5342
quakers,3,10.5342
qualifications,1,11.2273
qualified,11,9.4357
qualify,11,9.4357
qualities,12,9.3557
quality,12,9.3557
quals,12,9.3557
qualytemocrina,1,11.2273
quan,1,11.2273
quannah,1,11.2273
quant,1,11.2273
quantities,10,9.5227
quantity,10,9.5227
quantum,17,9.0304
quarantine,1,11.2273
quarenghi,1,11.2273
quark,3,10.5342
quarks,3,10.5342
quarry,2,10.8218
quarter,19,8.925
quarterback,45,8.0926
quarterbacked,45,8.0926
quarterbacks,45,8.0926
quartered,19,8.925
quarterflash,4,10.3111
quartermaine,1,11.2273
quarters,19,8.925
quartet,22,8.7853
quartorze,1,11.2273
quarts,2,10.8218
quartz,2,10.8218
quasar,2,10.8218
quasars,2,10.8218
quasi,2,10.8218
quaternary,2,10.8218
quaternion,2,10.8218
quaternions,2,10.8218
quatre,1,11.2273
quatrefoil,1,11.2273
quatro,1,11.2273
quay,2,10.8218
qubit,1,11.2273
que,2,10.8218
quebec,6,9.9746
quechua,4,10.3111
queem,1,11.2273
queen,245,6.4195
queens,245,6.4195
queensland,5,10.1288
queensryche,1,11.2273
queenstown,3,10.5342
queequeg,2,10.8218
queer,1,11.2273
quell,1,11.2273
quentin,24,8.702
querulous,1,11.2273
quesadillas,1,11.2273
queso,1,11.2273
quest,40,8.2076
questel,3,10.5342
questionable,18,8.9763
questioned,18,8.9763
questioning,18,8.9763
questions,18,8.9763
questo,1,11.2273
quests,40,8.2076
quetelet,1,11.2273
quetzal,3,10.5342
quezon,6,9.9746
qui,3,10.5342
quibbler,1,11.2273
quiche,1,11.2273
quick,14,9.2126
quicker,2,10.8218
quickly,11,9.4357
quicksand,2,10.8218
quickstep,1,11.2273
quidditch,5,10.1288
quiddity,1,11.2273
quidquid,1,11.2273
quien,1,11.2273
quiero,1,11.2273
quiet,18,8.9763
quiff,1,11.2273
quill,3,10.5342
quills,3,10.5342
quilt,2,10.8218
quilted,2,10.8218
quince,1,11.2273
quincy,12,9.3557
quinine,2,10.8218
quinn,15,9.1481
quinns,15,9.1481
quint,4,10.3111
quintard,1,11.2273
quintessential,2,10.8218
quintets,1,11.2273
quintilis,1,11.2273
quintillis,1,11.2273
quinton,2,10.8218
quints,4,10.3111
quintuplet,1,11.2273
quinunc,1,11.2273
quip,1,11.2273
quippler,1,11.2273
quirinal,1,11.2273
quirino,1,11.2273
quirk,1,11.2273
quirrell,2,10.8218
quirrels,2,10.8218
quirt,1,11.2273
quisimodo,1,11.2273
quisling,3,10.5342
quistis,1,11.2273
quit,41,8.1835
quitarist,1,11.2273
quite,41,8.1835
quited,41,8.1835
quitman,1,11.2273
quito,2,10.8218
quiver,1,11.2273
quixote,5,10.1288
quiz,7,9.8411
quizling,1,11.2273
quizzes,1,11.2273
qumran,2,10.8218
quo,2,10.8218
quod,1,11.2273
quodlibertarian,1,11.2273
quohog,1,11.2273
quoll,1,11.2273
quorum,1,11.2273
quotation,5,10.1288
quote,237,6.4524
quoted,237,6.4524
quotes,237,6.4524
quotient,2,10.8218
quraish,1,11.2273
quran,2,10.8218
qvc,1,11.2273
qw,1,11.2273
qw1,1,11.2273
qwerty,1,11.2273
qwertyu,1,11.2273
qwilleran,1,11.2273
qx,1,11.2273
qx4,1,11.2273
qy,2,10.8218
r,64,7.7472
r2,5,10.1288
r21,1,11.2273
r2d2,1,11.2273
ra,8,9.7233
ra215,1,11.2273
ra3,1,11.2273
raab,3,10.5342
raabe,3,10.5342
raam,1,11.2273
rabat,3,10.5342
rabaul,1,11.2273
rabb,1,11.2273
rabbi,14,9.2126
rabbit,60,7.8106
rabbits,60,7.8106
rabbitt,1,11.2273
rabey,1,11.2273
rabid,2,10.8218
rabies,6,9.9746
rabinnacal,1,11.2273
rabinowski,1,11.2273
rables,1,11.2273
raccoon,21,8.8298
raccoons,21,8.8298
race,113,7.1863
racecar,2,10.8218
racehorse,1,11.2273
racer,6,9.9746
races,113,7.1863
racetrack,1,11.2273
raceway,2,10.8218
rachael,9,9.618
rachaels,9,9.618
rache,1,11.2273
rachel,60,7.8106
rachels,60,7.8106
rachmaninoff,2,10.8218
racial,6,9.9746
racially,6,9.9746
racing,113,7.1863
racist,3,10.5342
rack,6,9.9746
racket,1,11.2273
racks,6,9.9746
raclette,1,11.2273
racquet,1,11.2273
racquetball,11,9.4357
radar,12,9.3557
radarange,1,11.2273
radars,12,9.3557
radcliff,11,9.4357
radcliffe,11,9.4357
radhanath,1,11.2273
radia,1,11.2273
radial,19,8.925
radians,1,11.2273
radiant,19,8.925
radiate,19,8.925
radiation,19,8.925
radiator,19,8.925
radical,6,9.9746
radicals,6,9.9746
radio,96,7.3474
radioactive,4,10.3111
radioactivity,4,10.3111
radiohead,18,8.9763
radioheads,18,8.9763
radionuclide,1,11.2273
radiophobia,1,11.2273
radios,96,7.3474
radish,2,10.8218
radishes,2,10.8218
radium,1,11.2273
radius,1,11.2273
rado,1,11.2273
radon,2,10.8218
radula,1,11.2273
radzyn,1,11.2273
rae,8,9.7233
raf,1,11.2273
rafael,1,11.2273
raffaele,1,11.2273
rafferty,3,10.5342
raffles,1,11.2273
rafflesia,2,10.8218
raft,3,10.5342
rafter,2,10.8218
rafting,3,10.5342
rag,27,8.5887
ragano,1,11.2273
rage,27,8.5887
raged,27,8.5887
ragged,27,8.5887
raggiana,1,11.2273
raging,27,8.5887
ragnar,2,10.8218
ragnarok,3,10.5342
ragnarsson,1,11.2273
rags,27,8.5887
ragtime,3,10.5342
ragusa,1,11.2273
raharisoa,1,11.2273
rahel,1,11.2273
rahl,1,11.2273
rahm,1,11.2273
rahman,2,10.8218
rai,128,7.0629
raid,11,9.4357
raided,11,9.4357
raider,18,8.9763
raiders,18,8.9763
raids,11,9.4357
raikonnen,1,11.2273
raikou,1,11.2273
rail,2,10.8218
railroad,15,9.1481
railway,8,9.7233
railways,8,9.7233
raiment,1,11.2273
raimi,3,10.5342
raimy,3,10.5342
rain,74,7.6043
rainbow,10,9.5227
rainbows,10,9.5227
raincoats,1,11.2273
raindrop,3,10.5342
raindrops,3,10.5342
raine,74,7.6043
raines,74,7.6043
rainey,1,11.2273
rainfall,4,10.3111
rainforest,2,10.8218
rainforests,2,10.8218
rainier,8,9.7233
raining,74,7.6043
rainmaker,3,10.5342
rainman,1,11.2273
rainn,3,10.5342
rains,74,7.6043
rainstorms,1,11.2273
rainwater,2,10.8218
rainy,8,9.7233
raise,85,7.4676
raised,85,7.4676
raisers,1,11.2273
raises,85,7.4676
raisin,2,10.8218
raising,85,7.4676
raisins,2,10.8218
raison,1,11.2273
raj,3,10.5342
raja,2,10.8218
rajah,2,10.8218
rajasthan,1,11.2273
rakastan,1,11.2273
raked,1,11.2273
rakia,1,11.2273
raksha,1,11.2273
raleigh,1,11.2273
rallies,5,10.1288
rally,5,10.1288
ralph,33,8.3947
ralphie,7,9.8411
ralphies,7,9.8411
ralphpass,1,11.2273
ralphs,33,8.3947
ram,22,8.7853
rama,3,10.5342
ramallah,1,11.2273
ramandus,1,11.2273
ramayana,1,11.2273
ramble,2,10.8218
ramblin,2,10.8218
ramblings,2,10.8218
rambo,10,9.5227
ramen,2,10.8218
ramesses,1,11.2273
ramirez,2,10.8218
ramis,2,10.8218
ramistella,1,11.2273
ramius,3,10.5342
rammstein,1,11.2273
ramnefjellsfossen,1,11.2273
ramon,7,9.8411
ramones,7,9.8411
ramos,1,11.2273
ramp,1,11.2273
rampage,2,10.8218
ramphotyphlops,1,11.2273
rams,22,8.7853
ramsays,1,11.2273
ramses,4,10.3111
ramsey,1,11.2273
ran,79,7.5398
rana,1,11.2273
ranch,9,9.618
rancher,2,10.8218
ranchers,2,10.8218
ranches,9,9.618
ranching,9,9.618
rancho,1,11.2273
rancid,2,10.8218
rand,4,10.3111
randal,16,9.0875
randall,16,9.0875
randazzo,2,10.8218
randle,1,11.2273
randolph,7,9.8411
randolphs,7,9.8411
random,9,9.618
randomly,4,10.3111
randone,1,11.2273
rands,4,10.3111
randy,26,8.6251
randys,26,8.6251
rang,45,8.0926
rangaswamy,1,11.2273
range,45,8.0926
ranger,45,8.0926
rangers,45,8.0926
ranging,45,8.0926
rangipo,1,11.2273
rango,1,11.2273
rani,2,10.8218
ranier,2,10.8218
rank,99,7.317
ranked,99,7.317
rankin,2,10.8218
ranking,99,7.317
rankings,99,7.317
ranks,99,7.317
ransik,1,11.2273
ransom,2,10.8218
ransomed,2,10.8218
rao,1,11.2273
raoi,1,11.2273
raoul,5,10.1288
rap,46,8.0711
rapcore,1,11.2273
rape,46,8.0711
raped,46,8.0711
rapee,1,11.2273
raphael,6,9.9746
raphall,1,11.2273
rapid,13,9.2816
rapidly,2,10.8218
rapids,13,9.2816
rapist,2,10.8218
rapists,2,10.8218
rapp,1,11.2273
rappaccinis,1,11.2273
rappaport,1,11.2273
rapped,46,8.0711
rapper,82,7.5031
rappers,82,7.5031
rapping,46,8.0711
raptor,9,9.618
raptors,9,9.618
rapunzel,2,10.8218
raqs,1,11.2273
raquel,10,9.5227
rare,26,8.6251
rarely,26,8.6251
rarest,3,10.5342
raritan,1,11.2273
rarities,2,10.8218
rarity,2,10.8218
ras,8,9.7233
rascal,3,10.5342
rascals,3,10.5342
rasengan,2,10.8218
raseteurs,1,11.2273
rash,1,11.2273
rashad,1,11.2273
rashard,1,11.2273
rashidas,1,11.2273
rask,1,11.2273
raskolnikov,1,11.2273
rasnajivarak,1,11.2273
raspberries,49,8.0093
raspberry,49,8.0093
rasputias,3,10.5342
rasputin,11,9.4357
rast,1,11.2273
rasta,1,11.2273
rastafarian,2,10.8218
rastafarianism,2,10.8218
rastaquouere,1,11.2273
rastrelli,1,11.2273
rat,88,7.4334
ratched,4,10.3111
ratchett,1,11.2273
ratchisma,1,11.2273
rate,88,7.4334
rated,88,7.4334
ratennice,2,10.8218
rates,88,7.4334
rathbone,2,10.8218
rather,22,8.7853
raticate,1,11.2273
ratification,1,11.2273
ratified,11,9.4357
ratify,11,9.4357
rating,88,7.4334
ratings,88,7.4334
ratio,6,9.9746
rational,1,11.2273
rationale,1,11.2273
rationalist,2,10.8218
rats,88,7.4334
ratt,7,9.8411
rattata,1,11.2273
rattle,1,11.2273
rattlesnake,2,10.8218
rattlesnakes,2,10.8218
raubel,1,11.2273
raul,3,10.5342
rausu,1,11.2273
raux,1,11.2273
ravan,1,11.2273
rave,1,11.2273
ravels,1,11.2273
raven,32,8.4245
ravenclaw,8,9.7233
ravenclaws,8,9.7233
ravenna,2,10.8218
ravenous,32,8.4245
ravens,32,8.4245
ravenstail,1,11.2273
ravioli,1,11.2273
raw,15,9.1481
rawhide,4,10.3111
rawlinson,1,11.2273
ray,128,7.0629
rayburn,2,10.8218
raye,9,9.618
rayed,128,7.0629
rayes,9,9.618
rayford,7,9.8411
raygun,1,11.2273
rayman,1,11.2273
raymond,16,9.0875
raymonde,16,9.0875
raymonds,16,9.0875
raynor,2,10.8218
raypickard,1,11.2273
rays,128,7.0629
razie,1,11.2273
razkolnikov,1,11.2273
razor,5,10.1288
razorback,2,10.8218
razorbacks,2,10.8218
razors,5,10.1288
razzie,39,8.2322
razzies,39,8.2322
razzle,1,11.2273
razzmatazz,1,11.2273
rb,60,7.8106
rb2,1,11.2273
rbis,1,11.2273
rbol,1,11.2273
rc,1,11.2273
rca,2,10.8218
rcoles,1,11.2273
rcw,1,11.2273
rden,2,10.8218
rdoba,1,11.2273
re,33,8.3947
rea,1,11.2273
reach,119,7.1351
reached,119,7.1351
reaches,119,7.1351
reaching,119,7.1351
react,1,11.2273
reaction,19,8.925
reactions,19,8.925
reactor,4,10.3111
read,75,7.591
readable,1,11.2273
reader,13,9.2816
readers,13,9.2816
readily,2,10.8218
reading,75,7.591
reads,75,7.591
ready,16,9.0875
reagan,30,8.487
reagans,30,8.487
real,326,6.1363
realise,3,10.5342
realism,326,6.1363
realist,7,9.8411
realistic,7,9.8411
realistically,7,9.8411
reality,326,6.1363
realize,326,6.1363
realized,326,6.1363
realm,7,9.8411
realms,7,9.8411
reanimation,14,9.2126
reap,1,11.2273
reaper,9,9.618
rear,2,10.8218
reard,1,11.2273
reason,90,7.4112
reasonable,90,7.4112
reasonably,90,7.4112
reasoner,90,7.4112
reasoning,90,7.4112
reasons,90,7.4112
reassures,1,11.2273
reawakening,1,11.2273
reb,1,11.2273
reba,2,10.8218
rebab,1,11.2273
rebagliati,1,11.2273
rebate,1,11.2273
rebbie,1,11.2273
rebecca,24,8.702
rebekah,4,10.3111
rebekkah,1,11.2273
rebel,17,9.0304
rebellion,9,9.618
rebellious,3,10.5342
rebels,17,9.0304
rebirth,2,10.8218
rebirths,2,10.8218
rebo,1,11.2273
rebuffs,1,11.2273
rebuild,2,10.8218
rebuilding,2,10.8218
rebuilt,1,11.2273
rebuked,1,11.2273
rec,97,7.3372
recall,4,10.3111
recalled,4,10.3111
recaptured,1,11.2273
recast,1,11.2273
reccurring,1,11.2273
recede,1,11.2273
receive,97,7.3372
received,166,6.8054
receiver,166,6.8054
receives,97,7.3372
receiving,166,6.8054
recent,9,9.618
recently,9,9.618
receptacle,1,11.2273
reception,8,9.7233
receptionist,1,11.2273
receptions,8,9.7233
recess,2,10.8218
recharge,1,11.2273
recherche,1,11.2273
recieved,1,11.2273
recipe,15,9.1481
recipes,15,9.1481
recipient,6,9.9746
reciprocal,2,10.8218
recite,5,10.1288
reciting,5,10.1288
reckless,1,11.2273
reckon,3,10.5342
reckoned,3,10.5342
reclaimed,1,11.2273
reclassification,1,11.2273
reclassified,1,11.2273
reclining,1,11.2273
recluse,6,9.9746
reclusive,6,9.9746
reclusiveness,6,9.9746
recoded,1,11.2273
recognised,4,10.3111
recognition,4,10.3111
recognizable,5,10.1288
recognize,50,7.9895
recognized,50,7.9895
recognizes,50,7.9895
recoilless,1,11.2273
recommend,19,8.925
recommended,19,8.925
recommends,19,8.925
recon,1,11.2273
reconcile,3,10.5342
reconciled,3,10.5342
reconnaissance,2,10.8218
reconquista,1,11.2273
reconstructing,5,10.1288
reconstruction,5,10.1288
reconstructive,5,10.1288
record,640,5.4689
recorded,640,5.4689
recording,640,5.4689
recordings,640,5.4689
records,640,5.4689
recounts,2,10.8218
recover,9,9.618
recovered,9,9.618
recovering,9,9.618
recovery,2,10.8218
recreated,3,10.5342
recreation,3,10.5342
recruit,13,9.2816
recruited,13,9.2816
recruiter,13,9.2816
recruiting,13,9.2816
recruits,13,9.2816
rectangle,4,10.3111
rectangles,4,10.3111
rectangular,8,9.7233
rector,2,10.8218
recurrent,2,10.8218
recurring,23,8.7428
recycle,10,9.5227
recycled,10,9.5227
recycler,10,9.5227
recycling,10,9.5227
red,457,5.8018
redcurrant,1,11.2273
redd,8,9.7233
reddick,2,10.8218
redding,457,5.8018
reddish,5,10.1288
redeemable,6,9.9746
redeemed,6,9.9746
redeemer,6,9.9746
redemption,14,9.2126
redeye,1,11.2273
redfield,1,11.2273
redford,6,9.9746
redfox,1,11.2273
redgrave,3,10.5342
redhead,11,9.4357
redheadded,11,9.4357
redheaded,11,9.4357
redheads,11,9.4357
redirected,1,11.2273
rediscovered,1,11.2273
redline,8,9.7233
redmen,1,11.2273
redmond,1,11.2273
redneck,3,10.5342
redness,457,5.8018
rednex,1,11.2273
redonda,1,11.2273
redroofs,1,11.2273
reds,457,5.8018
redskins,3,10.5342
redtail,1,11.2273
reduce,22,8.7853
reduced,22,8.7853
reduces,22,8.7853
reducing,22,8.7853
reduction,1,11.2273
redux,1,11.2273
redwall,1,11.2273
redwood,2,10.8218
reed,18,8.9763
reede,18,8.9763
reedings,18,8.9763
reeds,18,8.9763
reef,14,9.2126
reefer,1,11.2273
reefs,14,9.2126
reelected,5,10.1288
reelection,5,10.1288
reelin,3,10.5342
reepicheep,1,11.2273
reese,19,8.925
reeses,19,8.925
reeve,35,8.3375
reeves,35,8.3375
reevess,1,11.2273
refer,533,5.6496
referee,6,9.9746
referees,6,9.9746
reference,533,5.6496
referenced,6,9.9746
references,533,5.6496
referenda,1,11.2273
referendum,2,10.8218
referendums,2,10.8218
referred,533,5.6496
referring,533,5.6496
refers,533,5.6496
refined,3,10.5342
refineries,2,10.8218
refinery,2,10.8218
refining,3,10.5342
reflect,12,9.3557
reflected,12,9.3557
reflecting,12,9.3557
reflections,12,9.3557
reflective,12,9.3557
reflectivity,12,9.3557
reflex,4,10.3111
reflexive,4,10.3111
reform,7,9.8411
reformation,7,9.8411
reformed,7,9.8411
reformer,7,9.8411
reforms,7,9.8411
refracting,2,10.8218
refraction,2,10.8218
refrain,6,9.9746
refraining,6,9.9746
refreshed,5,10.1288
refreshing,5,10.1288
refrigerated,7,9.8411
refrigeration,7,9.8411
refrigerator,7,9.8411
refuge,2,10.8218
refugee,2,10.8218
refuse,31,8.4552
refused,31,8.4552
refuses,31,8.4552
refusing,31,8.4552
reg,3,10.5342
regain,1,11.2273
regal,1,11.2273
regan,1,11.2273
regard,128,7.0629
regarded,128,7.0629
regarding,128,7.0629
regardless,2,10.8218
regards,128,7.0629
regency,1,11.2273
regenerate,2,10.8218
regenerated,2,10.8218
regensburg,1,11.2273
regent,2,10.8218
regents,2,10.8218
reggae,10,9.5227
reggelt,1,11.2273
reggiano,1,11.2273
reggie,13,9.2816
regicide,1,11.2273
regime,6,9.9746
regiment,7,9.8411
regimes,6,9.9746
regina,5,10.1288
reginald,8,9.7233
regine,2,10.8218
regio,1,11.2273
regiomontanus,1,11.2273
region,67,7.7021
regional,67,7.7021
regions,67,7.7021
regis,7,9.8411
register,9,9.618
registered,9,9.618
registration,2,10.8218
regnal,1,11.2273
regression,2,10.8218
regret,3,10.5342
regrets,3,10.5342
regs,3,10.5342
regular,52,7.9511
regularly,14,9.2126
regulate,16,9.0875
regulated,16,9.0875
regulates,16,9.0875
regulating,16,9.0875
regulation,16,9.0875
regulations,16,9.0875
regulator,16,9.0875
regulatory,1,11.2273
regulus,2,10.8218
regurgitate,1,11.2273
rehab,4,10.3111
rehabilitation,1,11.2273
rehearsed,3,10.5342
rehearsing,3,10.5342
rehoboam,1,11.2273
reich,5,10.1288
reichenau,1,11.2273
reichs,5,10.1288
reichsf,1,11.2273
reichstag,1,11.2273
reid,7,9.8411
reign,38,8.2575
reignbeau,1,11.2273
reigned,38,8.2575
reigning,38,8.2575
reigns,38,8.2575
reilly,1,11.2273
reims,1,11.2273
reina,1,11.2273
reincarnation,2,10.8218
reindeer,34,8.3657
reindeers,34,8.3657
reiner,7,9.8411
reiners,7,9.8411
reingest,1,11.2273
reinhardt,1,11.2273
reinhart,1,11.2273
reinhold,1,11.2273
reinventing,1,11.2273
reise,1,11.2273
reiser,2,10.8218
reisman,1,11.2273
reitmans,1,11.2273
reject,17,9.0304
rejected,17,9.0304
rejects,17,9.0304
rejoice,1,11.2273
rekjavak,1,11.2273
rekjavik,1,11.2273
relate,167,6.7995
related,167,6.7995
relates,167,6.7995
relating,167,6.7995
relation,167,6.7995
relations,167,6.7995
relationship,50,7.9895
relationships,50,7.9895
relative,53,7.9324
relatively,53,7.9324
relatives,53,7.9324
relativity,53,7.9324
relax,7,9.8411
relaxation,7,9.8411
relaxes,7,9.8411
relaxing,7,9.8411
relay,5,10.1288
relayed,5,10.1288
relaying,5,10.1288
release,571,5.5816
released,571,5.5816
releasing,571,5.5816
relegated,1,11.2273
relentless,1,11.2273
reliable,9,9.618
relics,1,11.2273
relied,9,9.618
relief,7,9.8411
relies,9,9.618
relieve,10,9.5227
reliever,10,9.5227
relieves,10,9.5227
religion,75,7.591
religions,75,7.591
religious,53,7.9324
relish,1,11.2273
relixiv,1,11.2273
reloaded,3,10.5342
relocation,3,10.5342
reluctant,5,10.1288
rely,9,9.618
relying,9,9.618
rem,2,10.8218
remade,9,9.618
remagen,1,11.2273
remain,44,8.1146
remainder,1,11.2273
remained,44,8.1146
remaining,44,8.1146
remains,44,8.1146
remake,44,8.1146
remakes,44,8.1146
remark,33,8.3947
remarkable,33,8.3947
remarkably,33,8.3947
remarked,33,8.3947
remarks,33,8.3947
remarque,2,10.8218
remarried,3,10.5342
remastered,1,11.2273
rembrandt,13,9.2816
rembrandts,13,9.2816
remedies,7,9.8411
remedy,7,9.8411
remek,1,11.2273
remember,54,7.9141
remembered,54,7.9141
remembers,54,7.9141
remembrance,4,10.3111
reminded,4,10.3111
reminders,4,10.3111
reminds,4,10.3111
remini,2,10.8218
reminisced,1,11.2273
remix,8,9.7233
remnants,2,10.8218
remo,1,11.2273
remodeled,1,11.2273
remote,4,10.3111
removal,40,8.2076
remove,40,8.2076
removed,40,8.2076
removes,40,8.2076
removing,40,8.2076
remsen,1,11.2273
remus,7,9.8411
ren,31,8.4552
renaissance,23,8.7428
renaldi,1,11.2273
rename,15,9.1481
renamed,15,9.1481
renames,15,9.1481
renards,1,11.2273
renault,3,10.5342
renaults,3,10.5342
rend,1,11.2273
rendang,1,11.2273
rendering,1,11.2273
rendezvous,1,11.2273
rendition,3,10.5342
renditions,3,10.5342
rene,31,8.4552
renee,6,9.9746
renegade,1,11.2273
renewable,4,10.3111
renewed,4,10.3111
renminbi,1,11.2273
renney,1,11.2273
renny,1,11.2273
reno,7,9.8411
renounce,1,11.2273
renovate,2,10.8218
renovations,2,10.8218
renowned,11,9.4357
rent,15,9.1481
rental,1,11.2273
reopening,1,11.2273
repairable,3,10.5342
repairing,3,10.5342
repairs,3,10.5342
repayment,1,11.2273
repeal,9,9.618
repealed,9,9.618
repeat,4,10.3111
repeated,9,9.618
repeatedly,3,10.5342
repeating,9,9.618
repel,3,10.5342
repelled,3,10.5342
repellent,3,10.5342
reperesentative,1,11.2273
repertory,1,11.2273
repetition,1,11.2273
replace,46,8.0711
replaced,46,8.0711
replacement,46,8.0711
replacements,46,8.0711
replacing,46,8.0711
replay,2,10.8218
replica,5,10.1288
replicate,3,10.5342
replicating,3,10.5342
replication,3,10.5342
replicator,3,10.5342
replied,9,9.618
replikon,1,11.2273
reply,9,9.618
report,75,7.591
reported,75,7.591
reportedly,18,8.9763
reporter,75,7.591
reporters,75,7.591
reporting,75,7.591
reports,75,7.591
represent,107,7.2402
representation,5,10.1288
representations,5,10.1288
representative,107,7.2402
representatives,107,7.2402
represented,107,7.2402
representing,107,7.2402
represents,107,7.2402
repressive,2,10.8218
reprise,3,10.5342
reprising,3,10.5342
reproduce,10,9.5227
reproducing,10,9.5227
reproduction,13,9.2816
reproductive,13,9.2816
reptar,1,11.2273
reptile,32,8.4245
reptiles,32,8.4245
repton,1,11.2273
republic,185,6.698
republican,20,8.8763
republicanism,20,8.8763
republicans,20,8.8763
republics,185,6.698
repulsed,3,10.5342
repulsive,3,10.5342
reputable,14,9.2126
reputation,14,9.2126
reputations,14,9.2126
repute,14,9.2126
request,12,9.3557
requested,12,9.3557
requests,12,9.3557
requiem,2,10.8218
require,46,8.0711
required,46,8.0711
requirement,46,8.0711
requirements,46,8.0711
requires,46,8.0711
requiring,46,8.0711
rer,1,11.2273
reredos,1,11.2273
rerevaka,1,11.2273
rerun,5,10.1288
reruns,5,10.1288
resa,1,11.2273
rescinded,1,11.2273
rescue,45,8.0926
rescued,45,8.0926
rescues,45,8.0926
rescuing,45,8.0926
research,28,8.5536
researched,28,8.5536
researcher,28,8.5536
researchers,28,8.5536
researches,28,8.5536
researching,28,8.5536
resemblance,28,8.5536
resemble,28,8.5536
resembled,28,8.5536
resembles,28,8.5536
resent,2,10.8218
resented,2,10.8218
reservation,19,8.925
reserve,19,8.925
reserved,19,8.925
reservoir,8,9.7233
reservoirs,8,9.7233
resetarits,1,11.2273
reshaped,1,11.2273
reside,57,7.861
resided,57,7.861
residence,57,7.861
resident,57,7.861
residential,1,11.2273
residents,57,7.861
resides,57,7.861
residing,57,7.861
resign,8,9.7233
resignation,8,9.7233
resigned,8,9.7233
resilient,2,10.8218
resin,2,10.8218
resist,12,9.3557
resistance,12,9.3557
resisting,12,9.3557
resnais,1,11.2273
resolution,5,10.1288
resolve,2,10.8218
resolved,2,10.8218
resonance,4,10.3111
resort,18,8.9763
resorts,18,8.9763
resource,6,9.9746
resources,6,9.9746
respect,26,8.6251
respectable,26,8.6251
respected,26,8.6251
respecting,26,8.6251
respective,26,8.6251
respectively,26,8.6251
respiration,2,10.8218
respiratory,3,10.5342
responder,1,11.2273
response,87,7.4447
responsibilities,87,7.4447
responsibility,87,7.4447
responsible,87,7.4447
rest,30,8.487
restaurant,51,7.9701
restaurants,51,7.9701
resting,30,8.487
restless,11,9.4357
restoration,5,10.1288
restore,5,10.1288
restored,5,10.1288
restrained,1,11.2273
restricted,5,10.1288
restriction,5,10.1288
restrictions,5,10.1288
restricts,5,10.1288
restroom,1,11.2273
result,80,7.5274
resultant,80,7.5274
resulted,80,7.5274
resulting,80,7.5274
results,80,7.5274
resumed,1,11.2273
resurface,2,10.8218
resurfaced,2,10.8218
resurrected,11,9.4357
resurrection,11,9.4357
resyt,1,11.2273
retail,5,10.1288
retailed,5,10.1288
retailer,5,10.1288
retain,7,9.8411
retained,7,9.8411
retaining,7,9.8411
retaliate,2,10.8218
retaliation,2,10.8218
retentive,1,11.2273
reticent,1,11.2273
retified,1,11.2273
retina,2,10.8218
retinue,1,11.2273
retire,60,7.8106
retired,60,7.8106
retirement,60,7.8106
retires,60,7.8106
retiring,60,7.8106
retitled,1,11.2273
retractable,3,10.5342
retraction,3,10.5342
retreat,1,11.2273
retribution,1,11.2273
retrieve,10,9.5227
retrieved,10,9.5227
retriever,10,9.5227
retrievers,10,9.5227
retrieves,10,9.5227
retroviruses,1,11.2273
retsina,2,10.8218
retta,1,11.2273
return,105,7.2589
returned,105,7.2589
returning,105,7.2589
returns,105,7.2589
reuben,3,10.5342
reubens,3,10.5342
reubon,1,11.2273
reuel,1,11.2273
reunification,1,11.2273
reunified,1,11.2273
reunion,11,9.4357
reunite,8,9.7233
reunited,8,9.7233
reunites,8,9.7233
reusable,2,10.8218
rev,54,7.9141
reval,1,11.2273
revco,1,11.2273
reveal,54,7.9141
revealed,54,7.9141
revealing,54,7.9141
reveals,54,7.9141
revelation,5,10.1288
revenge,14,9.2126
revenue,1,11.2273
revere,9,9.618
revered,9,9.618
reverend,8,9.7233
reverse,3,10.5342
reversed,3,10.5342
reverting,1,11.2273
review,5,10.1288
reviews,5,10.1288
revised,2,10.8218
revision,2,10.8218
revisited,3,10.5342
revisits,3,10.5342
revitalize,1,11.2273
revival,15,9.1481
revivals,15,9.1481
revive,15,9.1481
revived,15,9.1481
reviving,15,9.1481
revoir,1,11.2273
revolt,7,9.8411
revolted,7,9.8411
revolution,56,7.8784
revolutionary,34,8.3657
revolutionized,7,9.8411
revolutions,56,7.8784
revolver,19,8.925
revolves,19,8.925
revolving,19,8.925
revue,1,11.2273
reward,13,9.2816
rewarded,13,9.2816
rewards,13,9.2816
reworked,1,11.2273
rex,15,9.1481
rexes,15,9.1481
reykjav,3,10.5342
reykjavic,3,10.5342
reykjavik,7,9.8411
reynolds,12,9.3557
reynoldsburg,1,11.2273
rezball,1,11.2273
rezept,1,11.2273
reznik,1,11.2273
rfc,1,11.2273
rgen,1,11.2273
rh,3,10.5342
rhabdophobia,1,11.2273
rhames,3,10.5342
rhapsody,3,10.5342
rhea,6,9.9746
rhein,1,11.2273
rheology,1,11.2273
rhett,6,9.9746
rhetts,6,9.9746
rheumatoid,1,11.2273
rhianna,1,11.2273
rhiannon,2,10.8218
rhine,7,9.8411
rhinestone,2,10.8218
rhinitis,1,11.2273
rhino,7,9.8411
rhinoceros,11,9.4357
rhinoceroses,1,11.2273
rhinoderma,1,11.2273
rhinodermatidae,1,11.2273
rhinodynia,1,11.2273
rhinomycosis,1,11.2273
rhinorrhagia,1,11.2273
rhinos,7,9.8411
rhizome,1,11.2273
rhizotomy,1,11.2273
rhoda,6,9.9746
rhode,38,8.2575
rhodes,38,8.2575
rhodesia,2,10.8218
rhodophobia,1,11.2273
rhonda,1,11.2273
rhone,1,11.2273
rhoop,1,11.2273
rhoticism,1,11.2273
rhubarb,1,11.2273
rhydon,1,11.2273
rhyme,30,8.487
rhymes,30,8.487
rhynchocephalian,1,11.2273
rhyperior,1,11.2273
rhys,1,11.2273
rhythm,4,10.3111
rhythms,4,10.3111
ri,1,11.2273
rial,7,9.8411
riavvolgere,1,11.2273
rib,8,9.7233
ribbed,8,9.7233
ribbentrop,1,11.2273
ribbon,6,9.9746
riboflavin,3,10.5342
ribosomes,1,11.2273
ribs,8,9.7233
ric,46,8.0711
rica,11,9.4357
rican,6,9.9746
ricardo,8,9.7233
ricardos,8,9.7233
riccardo,2,10.8218
ricci,1,11.2273
rice,46,8.0711
ricerca,1,11.2273
rices,46,8.0711
rich,53,7.9324
richard,195,6.6458
richardlis,1,11.2273
richards,195,6.6458
richardson,16,9.0875
richardsons,16,9.0875
richelieu,2,10.8218
richer,1,11.2273
riches,53,7.9324
richest,15,9.1481
richford,1,11.2273
richie,22,8.7853
richies,22,8.7853
richland,1,11.2273
richmeister,1,11.2273
richmond,12,9.3557
richter,2,10.8218
richthofen,1,11.2273
ricin,1,11.2273
rick,44,8.1146
rickets,1,11.2273
ricki,27,8.5887
rickles,15,9.1481
rickman,9,9.618
rickmans,9,9.618
ricks,44,8.1146
ricky,27,8.5887
rickys,27,8.5887
ricles,2,10.8218
rico,24,8.702
ricos,24,8.702
rid,65,7.7319
riddance,1,11.2273
ridden,2,10.8218
ridder,1,11.2273
riddle,16,9.0875
riddler,3,10.5342
riddles,16,9.0875
ride,65,7.7319
rider,26,8.6251
riders,26,8.6251
rides,65,7.7319
ridge,16,9.0875
ridgeback,1,11.2273
ridgeley,1,11.2273
ridgemont,17,9.0304
ridges,16,9.0875
ridicule,8,9.7233
ridiculed,8,9.7233
ridiculous,8,9.7233
ridin,1,11.2273
riding,65,7.7319
ridley,6,9.9746
riegert,7,9.8411
riel,1,11.2273
riemann,1,11.2273
riesgrafs,1,11.2273
rieupeyroux,1,11.2273
riff,3,10.5342
riffs,3,10.5342
rifle,14,9.2126
rifleman,5,10.1288
rifles,14,9.2126
rift,5,10.1288
rig,1,11.2273
riga,7,9.8411
rigaud,1,11.2273
rigby,1,11.2273
riggs,1,11.2273
righetti,2,10.8218
right,162,6.8296
righteous,162,6.8296
righthanded,1,11.2273
righthander,1,11.2273
rights,162,6.8296
righty,1,11.2273
rigid,1,11.2273
rigoletto,2,10.8218
rigor,1,11.2273
rigway,1,11.2273
rihanna,9,9.618
rihannas,9,9.618
riina,1,11.2273
riis,1,11.2273
rijn,1,11.2273
rikki,2,10.8218
riley,5,10.1288
rilian,2,10.8218
rilley,1,11.2273
rim,22,8.7853
rime,22,8.7853
rimes,22,8.7853
rimet,1,11.2273
rimini,2,10.8218
rims,22,8.7853
rimsky,2,10.8218
rin,1,11.2273
rina,1,11.2273
rinca,1,11.2273
ring,111,7.2039
ringed,111,7.2039
ringgit,1,11.2273
ringia,1,11.2273
ringin,1,11.2273
ringing,111,7.2039
ringling,1,11.2273
ringmaster,1,11.2273
ringo,13,9.2816
ringos,13,9.2816
rings,111,7.2039
ringwald,6,9.9746
ringwalds,6,9.9746
ringworm,1,11.2273
rinoa,1,11.2273
rio,18,8.9763
riot,8,9.7233
riots,8,9.7233
rip,9,9.618
ripa,1,11.2273
ripe,9,9.618
ripen,8,9.7233
ripened,8,9.7233
ripening,8,9.7233
ripens,8,9.7233
ripken,2,10.8218
ripley,9,9.618
rippa,1,11.2273
ripper,10,9.5227
rippers,10,9.5227
ripping,9,9.618
ripples,2,10.8218
rise,44,8.1146
rises,44,8.1146
risi,1,11.2273
rising,44,8.1146
risk,15,9.1481
risked,15,9.1481
risks,15,9.1481
risky,10,9.5227
risotto,6,9.9746
rist,1,11.2273
rit,3,10.5342
rita,9,9.618
ritchie,27,8.5887
ritchies,27,8.5887
rite,3,10.5342
ritoma,1,11.2273
ritsons,1,11.2273
ritter,10,9.5227
ritters,10,9.5227
ritto,1,11.2273
ritty,1,11.2273
ritual,12,9.3557
rituals,12,9.3557
ritz,6,9.9746
riva,1,11.2273
rivadavia,1,11.2273
rival,25,8.6628
rivalry,3,10.5342
rivals,25,8.6628
rive,1,11.2273
rivendell,2,10.8218
river,232,6.4736
rivera,1,11.2273
riverbanks,2,10.8218
riverboat,4,10.3111
riverclan,3,10.5342
riverfront,1,11.2273
rivers,232,6.4736
riverside,1,11.2273
riverton,1,11.2273
riveter,2,10.8218
rivets,2,10.8218
riviera,2,10.8218
rivingtons,1,11.2273
riyadh,2,10.8218
riyal,6,9.9746
rizzo,5,10.1288
rizzos,5,10.1288
rizzuto,10,9.5227
rizzutos,10,9.5227
rj,2,10.8218
rj1,1,11.2273
rj2,1,11.2273
rk,3,10.5342
rk1,1,11.2273
rket,1,11.2273
rketin,1,11.2273
rko,1,11.2273
rl1,1,11.2273
rm12,1,11.2273
rms,8,9.7233
rn,3,10.5342
rn12,1,11.2273
rna,1,11.2273
rnberg,1,11.2273
rnw,1,11.2273
ro1,1,11.2273
roach,4,10.3111
roaches,4,10.3111
road,49,8.0093
roadie,1,11.2273
roadkill,1,11.2273
roadrunning,1,11.2273
roads,49,8.0093
roadside,2,10.8218
roald,8,9.7233
roam,15,9.1481
roamed,15,9.1481
roaming,15,9.1481
roams,15,9.1481
roar,5,10.1288
roared,5,10.1288
roaring,5,10.1288
roast,13,9.2816
roasted,13,9.2816
roasting,13,9.2816
rob,58,7.8439
robards,1,11.2273
robbed,58,7.8439
robber,5,10.1288
robbers,5,10.1288
robbery,4,10.3111
robbie,20,8.8763
robbies,20,8.8763
robbing,58,7.8439
robbins,5,10.1288
robby,20,8.8763
robe,58,7.8439
robed,58,7.8439
roberd,1,11.2273
robert,277,6.2978
roberta,5,10.1288
robertfrazer,1,11.2273
robertnelson,1,11.2273
roberto,7,9.8411
roberts,277,6.2978
robertson,8,9.7233
robes,58,7.8439
robicheaux,1,11.2273
robin,62,7.7784
robins,62,7.7784
robinson,43,8.137
robinsons,43,8.137
robinvaughan,1,11.2273
robo,1,11.2273
robocop,1,11.2273
robonic,1,11.2273
robot,21,8.8298
robotic,21,8.8298
robotics,21,8.8298
robots,21,8.8298
robs,58,7.8439
robson,2,10.8218
robusti,1,11.2273
robyn,5,10.1288
roca,1,11.2273
roch,1,11.2273
rocha,1,11.2273
rochefort,1,11.2273
rochest,6,9.9746
rochester,6,9.9746
rock,461,5.7932
rocka,1,11.2273
rocked,461,5.7932
rockefeller,13,9.2816
rockefellers,13,9.2816
rocker,6,9.9746
rockers,6,9.9746
rocket,26,8.6251
rockets,26,8.6251
rocketship,1,11.2273
rockett,1,11.2273
rockford,3,10.5342
rockhopper,1,11.2273
rockies,88,7.4334
rockin,3,10.5342
rockne,1,11.2273
rocknroll,1,11.2273
rocks,461,5.7932
rocksteady,2,10.8218
rockville,1,11.2273
rockwell,2,10.8218
rocky,88,7.4334
rockys,88,7.4334
rococo,11,9.4357
rod,26,8.6251
roda,1,11.2273
rodanthe,2,10.8218
rodbells,1,11.2273
rodber,1,11.2273
roddenberry,2,10.8218
roddick,1,11.2273
roddy,2,10.8218
rode,26,8.6251
rodent,25,8.6628
rodentia,1,11.2273
rodents,25,8.6628
rodeo,14,9.2126
rodeos,14,9.2126
roderick,1,11.2273
roderigo,1,11.2273
rodger,4,10.3111
rodgers,4,10.3111
rodin,3,10.5342
rodinia,2,10.8218
rodion,1,11.2273
rodney,12,9.3557
rodrigo,3,10.5342
rodriguez,6,9.9746
rodriguezs,6,9.9746
rods,26,8.6251
roe,5,10.1288
roebuck,1,11.2273
roethke,1,11.2273
roethlisberger,1,11.2273
rogen,1,11.2273
roger,102,7.2875
rogerhill,1,11.2273
rogers,102,7.2875
roget,1,11.2273
roggeveen,1,11.2273
rogo,1,11.2273
rogue,9,9.618
roguish,1,11.2273
roh,1,11.2273
roi,36,8.3102
rojas,1,11.2273
rojo,2,10.8218
rojos,2,10.8218
rojyurij,1,11.2273
rokach,1,11.2273
roker,2,10.8218
rokko,1,11.2273
rol,444,5.8303
roland,31,8.4552
rolanda,1,11.2273
rolands,31,8.4552
role,444,5.8303
roles,444,5.8303
rolex,1,11.2273
rolf,1,11.2273
rolfing,1,11.2273
roll,192,6.6612
rolla,1,11.2273
rolle,192,6.6612
rolled,192,6.6612
roller,23,8.7428
rollerball,1,11.2273
rollercoaster,1,11.2273
rollie,1,11.2273
rolling,192,6.6612
rollins,2,10.8218
rollo,1,11.2273
rolls,192,6.6612
rom,44,8.1146
roma,4,10.3111
roman,209,6.5771
romana,1,11.2273
romance,38,8.2575
romances,38,8.2575
romanesco,1,11.2273
romanesques,1,11.2273
romania,20,8.8763
romanian,14,9.2126
romano,12,9.3557
romanos,12,9.3557
romanov,2,10.8218
romans,209,6.5771
romantic,98,7.3271
romantically,98,7.3271
romanticism,1,11.2273
romantics,98,7.3271
romario,1,11.2273
rome,44,8.1146
romeo,27,8.5887
romeos,27,8.5887
romero,4,10.3111
romeros,4,10.3111
romijn,3,10.5342
romilda,1,11.2273
rommel,2,10.8218
rommie,1,11.2273
romulan,1,11.2273
romulus,4,10.3111
ron,115,7.1689
ronald,41,8.1835
ronaldinho,1,11.2273
ronaldo,5,10.1288
ronde,1,11.2273
rondell,1,11.2273
ronettes,1,11.2273
rong,1,11.2273
ronggeng,1,11.2273
ronnie,8,9.7233
rons,115,7.1689
ronso,1,11.2273
ronson,1,11.2273
ronstadt,2,10.8218
roodeschool,1,11.2273
roof,20,8.8763
roofed,20,8.8763
roofs,20,8.8763
rooftop,4,10.3111
rook,1,11.2273
rookie,35,8.3375
rookies,35,8.3375
rookwood,3,10.5342
room,56,7.8784
roomed,56,7.8784
roommate,12,9.3557
roommates,12,9.3557
rooms,56,7.8784
rooney,3,10.5342
roorback,1,11.2273
roosevelt,65,7.7319
roosevelts,65,7.7319
roost,3,10.5342
rooster,13,9.2816
root,33,8.3947
rooted,33,8.3947
roots,33,8.3947
ropa,1,11.2273
rope,13,9.2816
roper,5,10.1288
ropers,5,10.1288
ropes,13,9.2816
ropin,3,10.5342
roping,13,9.2816
ropus,1,11.2273
roquefort,3,10.5342
rorhval,1,11.2273
rorqual,2,10.8218
rorschachs,1,11.2273
rory,17,9.0304
rorys,17,9.0304
rosa,8,9.7233
rosacae,1,11.2273
rosalie,1,11.2273
rosalind,6,9.9746
rosalyn,1,11.2273
rosani,1,11.2273
rosanna,11,9.4357
rosanne,1,11.2273
rosario,3,10.5342
rosco,4,10.3111
roscoe,4,10.3111
roscos,4,10.3111
rose,156,6.867
roseanne,27,8.5887
roseannes,27,8.5887
roseau,1,11.2273
roselius,1,11.2273
roselyn,1,11.2273
rosemary,5,10.1288
rosemarys,5,10.1288
rosemond,1,11.2273
rosenberg,4,10.3111
rosenbergs,4,10.3111
rosenborg,1,11.2273
rosencrantz,1,11.2273
rosenthals,1,11.2273
roses,156,6.867
rosetta,2,10.8218
roseus,1,11.2273
rosh,5,10.1288
roshambo,1,11.2273
rosicrucianism,1,11.2273
rosie,24,8.702
rosies,24,8.702
rosita,1,11.2273
roskilde,1,11.2273
ross,45,8.0926
rossasaurous,1,11.2273
rossatron,1,11.2273
rossellini,1,11.2273
rossetti,1,11.2273
rossi,3,10.5342
rossini,1,11.2273
rosss,3,10.5342
rossums,1,11.2273
roster,2,10.8218
rosti,1,11.2273
rostov,2,10.8218
rostovic,2,10.8218
roswell,24,8.702
rotary,1,11.2273
rotate,5,10.1288
rotating,5,10.1288
rotation,5,10.1288
rote,1,11.2273
roth,5,10.1288
rothbart,1,11.2273
rotheim,1,11.2273
rothschild,3,10.5342
rothschilds,3,10.5342
rotini,1,11.2273
rotten,3,10.5342
rotterdam,4,10.3111
rotund,1,11.2273
rou,1,11.2273
rouge,9,9.618
rouged,9,9.618
rough,16,9.0875
roughing,16,9.0875
roughly,11,9.4357
roul,3,10.5342
roulette,2,10.8218
roult,1,11.2273
round,62,7.7784
roundabout,1,11.2273
roundball,1,11.2273
rounders,1,11.2273
roundheads,1,11.2273
rounding,62,7.7784
rounds,62,7.7784
roundtree,1,11.2273
roundworms,1,11.2273
rourke,1,11.2273
rourque,1,11.2273
roush,2,10.8218
rousing,3,10.5342
rousseau,5,10.1288
roussel,1,11.2273
roustam,1,11.2273
route,21,8.8298
routes,21,8.8298
routine,11,9.4357
routinely,11,9.4357
routines,11,9.4357
roux,1,11.2273
rove,8,9.7233
rover,9,9.618
rovers,9,9.618
roves,8,9.7233
roving,8,9.7233
row,20,8.8763
rowan,17,9.0304
rowdy,5,10.1288
rowed,20,8.8763
rowena,2,10.8218
rowing,20,8.8763
rowland,5,10.1288
rowlands,5,10.1288
rowley,1,11.2273
rowling,7,9.8411
rowlings,7,9.8411
rows,20,8.8763
roxanne,2,10.8218
roxas,1,11.2273
roxette,6,9.9746
roxettes,6,9.9746
roxie,4,10.3111
roxy,4,10.3111
roy,36,8.3102
royal,70,7.659
royall,70,7.659
royals,70,7.659
royalss,1,11.2273
royalties,4,10.3111
royalty,4,10.3111
royce,1,11.2273
royer,1,11.2273
roys,36,8.3102
roz,3,10.5342
rozelle,1,11.2273
rozenzweig,1,11.2273
rozs,3,10.5342
rp,2,10.8218
rpdt,1,11.2273
rpg,1,11.2273
rq,1,11.2273
rquez,1,11.2273
rrc,1,11.2273
rrenmatt,1,11.2273
rs,1,11.2273
rs1,2,10.8218
rsted,2,10.8218
rt,3,10.5342
rtha,1,11.2273
rts,3,10.5342
rttemberg,1,11.2273
ru,7,9.8411
rub,5,10.1288
rubbed,5,10.1288
rubber,17,9.0304
rubberface,1,11.2273
rubbers,17,9.0304
rubbing,5,10.1288
rubbish,1,11.2273
rubble,3,10.5342
rubbles,3,10.5342
rube,5,10.1288
rubella,1,11.2273
ruben,3,10.5342
rubens,3,10.5342
ruber,2,10.8218
rubeus,3,10.5342
rubidium,1,11.2273
rubies,20,8.8763
rubik,2,10.8218
rubiks,2,10.8218
rubinstein,2,10.8218
rubiyat,2,10.8218
ruble,7,9.8411
rubles,7,9.8411
ruby,20,8.8763
rudd,1,11.2273
rude,4,10.3111
rudi,3,10.5342
rudolf,8,9.7233
rudolff,2,10.8218
rudolph,26,8.6251
rudolphs,26,8.6251
rudy,3,10.5342
rudyard,4,10.3111
rue,7,9.8411
rueda,1,11.2273
ruffalo,10,9.5227
ruffalos,10,9.5227
ruffin,4,10.3111
ruffled,1,11.2273
rufiyaa,1,11.2273
rufous,1,11.2273
rufum,1,11.2273
rufus,7,9.8411
rug,5,10.1288
rugby,9,9.618
rugged,5,10.1288
rugger,1,11.2273
rugrats,6,9.9746
rugs,5,10.1288
ruhollah,2,10.8218
ruhr,1,11.2273
ruin,9,9.618
ruined,9,9.618
ruins,9,9.618
rukh,2,10.8218
rule,136,7.0029
ruled,136,7.0029
ruler,43,8.137
rulers,43,8.137
rules,136,7.0029
ruling,136,7.0029
rum,11,9.4357
rumble,1,11.2273
rumer,1,11.2273
rumford,1,11.2273
ruminants,1,11.2273
rumkowski,1,11.2273
rummy,10,9.5227
rumor,24,8.702
rumored,24,8.702
rumors,24,8.702
rumoured,1,11.2273
rump,1,11.2273
rumpke,1,11.2273
rumpole,1,11.2273
rumyantsev,1,11.2273
run,343,6.086
runaround,2,10.8218
runarounds,2,10.8218
runaway,6,9.9746
runaways,6,9.9746
rundgren,3,10.5342
rundgrens,3,10.5342
rune,343,6.086
runeland,1,11.2273
runes,343,6.086
runescape,67,7.7021
runescapes,67,7.7021
runessape,1,11.2273
runeworld,1,11.2273
rung,2,10.8218
rungs,2,10.8218
runk,1,11.2273
runned,343,6.086
runner,18,8.9763
runners,18,8.9763
runnin,1,11.2273
running,343,6.086
runs,343,6.086
runway,17,9.0304
rupee,15,9.1481
rupees,15,9.1481
rupert,13,9.2816
rupiah,3,10.5342
ruppert,1,11.2273
ruppi,1,11.2273
ruprecht,1,11.2273
rupture,3,10.5342
ruptured,3,10.5342
rural,3,10.5342
rurouni,5,10.1288
rurutu,1,11.2273
rus,7,9.8411
rusalka,1,11.2273
ruscannon,1,11.2273
rusesabagina,1,11.2273
rush,42,8.16
rushed,42,8.16
rusher,1,11.2273
rushes,42,8.16
rushing,42,8.16
rushmore,14,9.2126
rushs,42,8.16
ruslan,1,11.2273
russa,1,11.2273
russel,39,8.2322
russell,39,8.2322
russells,39,8.2322
russia,103,7.2779
russian,116,7.1603
russians,116,7.1603
russias,103,7.2779
russo,3,10.5342
rust,4,10.3111
rustic,1,11.2273
rustless,1,11.2273
rusty,3,10.5342
rutger,11,9.4357
rutgers,11,9.4357
ruth,48,8.0295
ruthenium,1,11.2273
rutherford,10,9.5227
ruthless,5,10.1288
ruths,48,8.0295
rutite,1,11.2273
ruud,2,10.8218
ruuunnnn,1,11.2273
ruwenzi,1,11.2273
ruz,1,11.2273
rv,1,11.2273
rv2,1,11.2273
rvd,1,11.2273
rw,2,10.8218
rw11,1,11.2273
rwanda,6,9.9746
rwandan,1,11.2273
rx,1,11.2273
rx1,2,10.8218
ry1,1,11.2273
ryan,74,7.6043
ryans,74,7.6043
rydell,1,11.2273
ryder,29,8.5197
ryders,29,8.5197
rye,11,9.4357
rykiss,1,11.2273
ryne,2,10.8218
ryou,1,11.2273
ryred,1,11.2273
rys,11,9.4357
rysselberg,1,11.2273
ryuuki,1,11.2273
s17,1,11.2273
s3,1,11.2273
s56,1,11.2273
s7,1,11.2273
sa,1,11.2273
sa2,1,11.2273
saab,1,11.2273
saan,1,11.2273
saar,1,11.2273
sabado,1,11.2273
sabah,1,11.2273
sabastian,1,11.2273
sabbath,19,8.925
sabbaths,19,8.925
sabbats,1,11.2273
saber,4,10.3111
sabian,1,11.2273
sableye,1,11.2273
sabo,1,11.2273
sabotage,2,10.8218
sabres,1,11.2273
sabrina,2,10.8218
sac,1,11.2273
sacamano,1,11.2273
saccharin,2,10.8218
sacco,3,10.5342
sacher,1,11.2273
sachertorte,2,10.8218
sachs,2,10.8218
sack,4,10.3111
sacks,4,10.3111
sacra,2,10.8218
sacramento,14,9.2126
sacraments,2,10.8218
sacred,25,8.6628
sacrifice,10,9.5227
sacrificed,1,11.2273
sacrifices,10,9.5227
sacrimoralinority,1,11.2273
sad,20,8.8763
sadat,1,11.2273
saddam,9,9.618
saddened,1,11.2273
saddle,41,8.1835
saddles,41,8.1835
sade,20,8.8763
sadie,2,10.8218
sadistic,1,11.2273
sadler,1,11.2273
sadly,2,10.8218
sadness,20,8.8763
sado,1,11.2273
sadusky,1,11.2273
safe,12,9.3557
safely,12,9.3557
safer,4,10.3111
safes,12,9.3557
safety,17,9.0304
safeway,1,11.2273
saffron,3,10.5342
sag,8,9.7233
saga,12,9.3557
sagal,1,11.2273
sagan,3,10.5342
sagarmatha,3,10.5342
sagas,12,9.3557
sage,8,9.7233
sagebrush,1,11.2273
sagination,1,11.2273
saginaw,1,11.2273
sagittarius,6,9.9746
sago,1,11.2273
sagrada,1,11.2273
saguaro,1,11.2273
sahara,2,10.8218
saharan,2,10.8218
sai,288,6.2592
said,344,6.0831
saigon,2,10.8218
sail,38,8.2575
sailed,38,8.2575
sailfish,1,11.2273
sailing,38,8.2575
sailor,24,8.702
sailors,24,8.702
saimaa,1,11.2273
saint,129,7.0552
sainte,129,7.0552
saintess,1,11.2273
saints,129,7.0552
saipan,1,11.2273
saiunkoku,1,11.2273
saiyan,3,10.5342
saiyans,3,10.5342
sajak,2,10.8218
sajida,1,11.2273
sakai,1,11.2273
sakamoto,1,11.2273
sake,1,11.2273
sakharov,1,11.2273
saki,2,10.8218
sakiko,1,11.2273
saku,1,11.2273
sakura,3,10.5342
sakurajima,1,11.2273
sal,18,8.9763
salad,17,9.0304
saladin,1,11.2273
salads,17,9.0304
salaire,1,11.2273
salam,1,11.2273
salamander,5,10.1288
salamanders,5,10.1288
salami,2,10.8218
salamin,1,11.2273
salant,1,11.2273
salary,1,11.2273
salavatore,1,11.2273
salazar,1,11.2273
salchow,1,11.2273
sale,18,8.9763
saleen,1,11.2273
salem,20,8.8763
salems,20,8.8763
salerno,1,11.2273
sales,18,8.9763
salesman,11,9.4357
salesmen,1,11.2273
saleswoman,1,11.2273
salford,1,11.2273
salicornia,1,11.2273
salieri,1,11.2273
salinas,2,10.8218
saline,3,10.5342
salinger,2,10.8218
salingers,2,10.8218
salinity,3,10.5342
salisbury,1,11.2273
salita,1,11.2273
saliva,2,10.8218
salivary,4,10.3111
salivates,1,11.2273
salix,1,11.2273
salk,3,10.5342
salkin,1,11.2273
salkow,1,11.2273
salle,1,11.2273
salley,1,11.2273
sally,35,8.3375
sallys,35,8.3375
salma,2,10.8218
salman,1,11.2273
salmon,6,9.9746
salomon,2,10.8218
salon,1,11.2273
saloon,6,9.9746
salsa,2,10.8218
salsoul,1,11.2273
salt,45,8.0926
salten,1,11.2273
saltiest,2,10.8218
saltiness,5,10.1288
saltopus,1,11.2273
salts,45,8.0926
saltwater,3,10.5342
salty,5,10.1288
salus,2,10.8218
salute,4,10.3111
salvador,24,8.702
salvage,1,11.2273
salvation,3,10.5342
salve,1,11.2273
salvo,1,11.2273
salyut,1,11.2273
sam,340,6.0947
samaliland,1,11.2273
samanosuke,1,11.2273
samantha,33,8.3947
samanthas,33,8.3947
samaritan,2,10.8218
samba,3,10.5342
sambora,8,9.7233
same,340,6.0947
sameness,340,6.0947
samford,1,11.2273
samfuin,1,11.2273
samhain,8,9.7233
samhainophobia,1,11.2273
sami,10,9.5227
samir,3,10.5342
sammie,18,8.9763
sammy,18,8.9763
samo,2,10.8218
samoa,10,9.5227
samoan,2,10.8218
samodzielna,1,11.2273
samogitian,1,11.2273
samos,2,10.8218
sample,5,10.1288
sampled,5,10.1288
samples,5,10.1288
sampo,1,11.2273
sampras,1,11.2273
sams,340,6.0947
samsa,2,10.8218
samsagan,1,11.2273
samsara,2,10.8218
samson,3,10.5342
samsung,1,11.2273
samuel,40,8.2076
samuin,1,11.2273
samurai,19,8.925
samus,11,9.4357
samwise,1,11.2273
san,127,7.0707
sanaa,2,10.8218
sananda,1,11.2273
sanchez,2,10.8218
sancho,1,11.2273
sanctioned,1,11.2273
sanctuary,3,10.5342
sand,17,9.0304
sandage,1,11.2273
sandaime,1,11.2273
sandals,1,11.2273
sandalwood,1,11.2273
sandberg,2,10.8218
sandburg,2,10.8218
sandel,1,11.2273
sandepu,1,11.2273
sanders,3,10.5342
sanderson,3,10.5342
sandford,2,10.8218
sandie,19,8.925
sandiego,1,11.2273
sandinista,1,11.2273
sandler,21,8.8298
sandlers,21,8.8298
sandman,2,10.8218
sandoval,1,11.2273
sandpaper,2,10.8218
sandpiper,1,11.2273
sandra,23,8.7428
sandro,2,10.8218
sands,17,9.0304
sandstone,1,11.2273
sandtiger,1,11.2273
sandwich,16,9.0875
sandwiches,16,9.0875
sandy,19,8.925
sane,127,7.0707
sanford,31,8.4552
sanfords,31,8.4552
sang,146,6.9326
sangak,1,11.2273
sangre,1,11.2273
sangria,4,10.3111
sanhedrin,1,11.2273
sanitarium,1,11.2273
sanitations,1,11.2273
sanjay,2,10.8218
sank,10,9.5227
sankara,1,11.2273
sanlder,1,11.2273
sanomi,1,11.2273
sanosuke,2,10.8218
sans,127,7.0707
sanskrit,11,9.4357
sanson,1,11.2273
sanssouci,1,11.2273
sant,3,10.5342
santa,71,7.645
santamaria,1,11.2273
santana,4,10.3111
santas,71,7.645
santeria,2,10.8218
santi,1,11.2273
santiago,4,10.3111
santo,7,9.8411
santorini,5,10.1288
santorio,1,11.2273
santoro,2,10.8218
santos,7,9.8411
sanya,1,11.2273
sao,5,10.1288
saola,1,11.2273
sap,2,10.8218
saperstein,1,11.2273
sapiens,6,9.9746
sapphire,5,10.1288
sapphires,5,10.1288
sappiest,2,10.8218
sappy,3,10.5342
sara,24,8.702
sarabi,1,11.2273
saradomin,1,11.2273
saragosa,1,11.2273
sarah,63,7.7627
sarahs,63,7.7627
sarajevo,4,10.3111
sarandon,14,9.2126
saras,24,8.702
sarasota,1,11.2273
saraswati,1,11.2273
saratoga,4,10.3111
sarbanes,1,11.2273
sarcastic,4,10.3111
sarcodes,1,11.2273
sarcoidosis,1,11.2273
sarcophilus,1,11.2273
sardinia,3,10.5342
sardomin,1,11.2273
sargasso,1,11.2273
sarge,3,10.5342
sargent,2,10.8218
sargon,1,11.2273
sarias,1,11.2273
sarit,1,11.2273
sarkozy,2,10.8218
sarojininaidu,1,11.2273
sarrah,1,11.2273
sarris,1,11.2273
sartorial,1,11.2273
sartre,4,10.3111
saruman,1,11.2273
sarzo,1,11.2273
sascha,1,11.2273
sasha,1,11.2273
sashimi,1,11.2273
saskatchewan,1,11.2273
sasquatch,2,10.8218
sassafras,1,11.2273
sassy,6,9.9746
sasuke,5,10.1288
sat,8,9.7233
satan,12,9.3557
satanic,12,9.3557
satans,12,9.3557
satchel,2,10.8218
sate,8,9.7233
satellite,32,8.4245
satellites,32,8.4245
sateraito,1,11.2273
sather,1,11.2273
satin,4,10.3111
satine,4,10.3111
satire,16,9.0875
satirical,16,9.0875
satirist,5,10.1288
satirize,16,9.0875
satirizes,16,9.0875
satisfaction,1,11.2273
satisfied,2,10.8218
satori,1,11.2273
satrapy,1,11.2273
satriani,1,11.2273
saturated,4,10.3111
saturday,71,7.645
saturn,40,8.2076
saturns,40,8.2076
satya,1,11.2273
satyagraha,3,10.5342
satyameva,1,11.2273
sauce,8,9.7233
saucepans,1,11.2273
saucer,2,10.8218
saucerful,2,10.8218
sauces,8,9.7233
saudi,22,8.7853
saudia,1,11.2273
saul,4,10.3111
saunders,9,9.618
sauns,1,11.2273
saura,1,11.2273
saurischian,2,10.8218
saurischians,2,10.8218
sauron,3,10.5342
saurons,3,10.5342
sauros,1,11.2273
sausage,7,9.8411
sausages,7,9.8411
saussure,1,11.2273
saut,2,10.8218
saute,2,10.8218
sauvage,1,11.2273
savage,11,9.4357
savages,11,9.4357
savalas,1,11.2273
savalhi,1,11.2273
savanah,1,11.2273
savanna,2,10.8218
savannah,8,9.7233
save,168,6.7936
saved,168,6.7936
saves,168,6.7936
saviano,1,11.2273
saving,168,6.7936
savings,168,6.7936
savini,18,8.9763
savinis,18,8.9763
savior,3,10.5342
saviors,3,10.5342
savitskij,1,11.2273
savory,1,11.2273
savvy,2,10.8218
saw,84,7.4793
sawao,1,11.2273
sawbuck,1,11.2273
sawchuck,1,11.2273
sawchuk,1,11.2273
sawed,84,7.4793
sawpharteet,1,11.2273
sawt,1,11.2273
sawyer,12,9.3557
sawyers,12,9.3557
sax,6,9.9746
saxe,6,9.9746
saxon,6,9.9746
saxophone,9,9.618
saxophones,9,9.618
saxophonist,5,10.1288
say,288,6.2592
sayapo,1,11.2273
sayer,2,10.8218
sayers,2,10.8218
sayid,4,10.3111
saying,288,6.2592
sayings,288,6.2592
sayonara,1,11.2273
says,288,6.2592
sayuki,1,11.2273
sayur,1,11.2273
sb2,1,11.2273
sc,1,11.2273
scab,2,10.8218
scabbers,1,11.2273
scaglione,1,11.2273
scala,1,11.2273
scale,44,8.1146
scaled,44,8.1146
scalene,1,11.2273
scales,44,8.1146
scaling,44,8.1146
scallop,3,10.5342
scallops,3,10.5342
scalp,1,11.2273
scaly,1,11.2273
scam,1,11.2273
scan,1,11.2273
scandal,18,8.9763
scandalous,18,8.9763
scandals,18,8.9763
scandinavia,2,10.8218
scandinavian,13,9.2816
scanlon,1,11.2273
scanner,2,10.8218
scantily,1,11.2273
scapula,2,10.8218
scar,17,9.0304
scarab,1,11.2273
scarce,1,11.2273
scarcity,1,11.2273
scare,17,9.0304
scarecrow,5,10.1288
scarecrows,5,10.1288
scared,17,9.0304
scares,17,9.0304
scarf,3,10.5342
scarface,17,9.0304
scarfor,1,11.2273
scariest,2,10.8218
scarlatti,3,10.5342
scarlet,6,9.9746
scarlett,32,8.4245
scarletts,32,8.4245
scarn,1,11.2273
scarpacci,1,11.2273
scarred,17,9.0304
scars,17,9.0304
scarves,1,11.2273
scary,14,9.2126
scathing,1,11.2273
scatter,4,10.3111
scattered,4,10.3111
scatters,4,10.3111
scavenging,2,10.8218
scechtman,1,11.2273
scenarios,2,10.8218
scene,101,7.2973
scenes,101,7.2973
scenic,1,11.2273
scent,10,9.5227
scented,10,9.5227
scents,10,9.5227
scepter,1,11.2273
sch,2,10.8218
schaeffer,1,11.2273
schaffer,1,11.2273
schalk,1,11.2273
schauder,1,11.2273
schectman,1,11.2273
schedule,7,9.8411
scheduled,7,9.8411
scheele,1,11.2273
scheeres,1,11.2273
scheherezade,1,11.2273
scheider,3,10.5342
scheila,1,11.2273
scheiner,1,11.2273
schem,6,9.9746
schematic,1,11.2273
scheme,6,9.9746
schemes,6,9.9746
scheming,6,9.9746
schengen,2,10.8218
schenk,1,11.2273
scherzo,1,11.2273
schiano,1,11.2273
schiaparelli,1,11.2273
schickard,1,11.2273
schiff,2,10.8218
schiffer,2,10.8218
schiller,2,10.8218
schindler,5,10.1288
schindlers,5,10.1288
schip,1,11.2273
schiphol,1,11.2273
schism,3,10.5342
schizophrenia,1,11.2273
schizophrenic,1,11.2273
schlaf,1,11.2273
schlegeli,1,11.2273
schlesinger,2,10.8218
schliemann,3,10.5342
schloss,1,11.2273
schlosser,1,11.2273
schmaltz,2,10.8218
schmeisser,1,11.2273
schmidt,4,10.3111
schmit,1,11.2273
schnapps,3,10.5342
schneider,5,10.1288
schnider,1,11.2273
schoenberg,1,11.2273
scholar,12,9.3557
scholarly,1,11.2273
scholars,12,9.3557
scholarship,7,9.8411
scholarships,7,9.8411
scholastic,2,10.8218
scholls,1,11.2273
schonberg,1,11.2273
schonhausen,1,11.2273
school,309,6.1894
schoolboy,2,10.8218
schoolboys,2,10.8218
schoolers,2,10.8218
schoolhouse,7,9.8411
schoolmate,3,10.5342
schoolmates,3,10.5342
schools,309,6.1894
schoolteacher,1,11.2273
schooner,5,10.1288
schooners,5,10.1288
schopenhauer,2,10.8218
schreck,2,10.8218
schreiber,1,11.2273
schroder,1,11.2273
schrodinger,1,11.2273
schroeder,3,10.5342
schrute,9,9.618
schrutes,9,9.618
schubert,2,10.8218
schuberts,2,10.8218
schulberg,1,11.2273
schuler,1,11.2273
schultz,2,10.8218
schulz,6,9.9746
schumacher,4,10.3111
schumachers,4,10.3111
schumann,3,10.5342
schurch,1,11.2273
schuster,1,11.2273
schuyler,1,11.2273
schwabs,1,11.2273
schwartz,6,9.9746
schwarzenegger,27,8.5887
schwarzeneggers,27,8.5887
schwarzenneger,1,11.2273
schwarzkopf,1,11.2273
schwarzschild,2,10.8218
schwarzwald,1,11.2273
schwassmann,8,9.7233
schweizergarde,1,11.2273
schweppes,1,11.2273
schwimmer,4,10.3111
schwingen,1,11.2273
sci,47,8.0501
sciaphobia,1,11.2273
scicolone,1,11.2273
science,117,7.1518
sciences,117,7.1518
scientific,32,8.4245
scientifically,32,8.4245
scientist,80,7.5274
scientists,80,7.5274
scientologic,8,9.7233
scientologist,10,9.5227
scientologists,10,9.5227
scientology,8,9.7233
scifi,1,11.2273
scimitar,1,11.2273
scion,1,11.2273
scissorhands,3,10.5342
scissors,3,10.5342
sciuto,1,11.2273
scivello,1,11.2273
sclera,1,11.2273
sclerosis,4,10.3111
scofield,3,10.5342
scofields,3,10.5342
scoliosis,1,11.2273
scone,1,11.2273
scooby,6,9.9746
scoop,1,11.2273
scooter,3,10.5342
scootin,1,11.2273
scope,1,11.2273
scorcese,1,11.2273
score,97,7.3372
scoreboard,1,11.2273
scored,97,7.3372
scorer,5,10.1288
scores,97,7.3372
scoring,97,7.3372
scorpio,10,9.5227
scorpion,21,8.8298
scorpions,21,8.8298
scorpios,10,9.5227
scorsese,21,8.8298
scorseses,21,8.8298
scot,7,9.8411
scotch,5,10.1288
scotchgard,1,11.2273
scotia,2,10.8218
scotland,76,7.578
scotlands,76,7.578
scots,7,9.8411
scott,77,7.5651
scottie,4,10.3111
scottish,53,7.9324
scotts,77,7.5651
scotty,4,10.3111
scourges,1,11.2273
scours,1,11.2273
scout,10,9.5227
scouts,10,9.5227
scoville,2,10.8218
scr,1,11.2273
scrabble,16,9.0875
scrambled,3,10.5342
scranton,4,10.3111
scraped,3,10.5342
scraps,3,10.5342
scratch,2,10.8218
scratching,2,10.8218
scream,28,8.5536
screamed,28,8.5536
screamin,2,10.8218
screaming,28,8.5536
screams,28,8.5536
screech,16,9.0875
screechs,16,9.0875
screen,52,7.9511
screening,52,7.9511
screenplay,17,9.0304
screenplays,17,9.0304
screens,52,7.9511
screenwriter,10,9.5227
screwdriver,1,11.2273
scrimgeour,1,11.2273
scrimmage,1,11.2273
scrimshaw,2,10.8218
script,12,9.3557
scripts,12,9.3557
scripture,3,10.5342
scriptures,3,10.5342
scriptwriters,1,11.2273
scrivener,1,11.2273
scrolls,5,10.1288
scrooge,6,9.9746
scrooges,6,9.9746
scrub,43,8.137
scrubb,1,11.2273
scrubs,43,8.137
scrutinized,1,11.2273
sctv,2,10.8218
scuba,4,10.3111
scudetti,1,11.2273
scuel,1,11.2273
scully,8,9.7233
scullys,8,9.7233
sculpted,2,10.8218
sculptor,12,9.3557
sculptress,2,10.8218
sculpture,19,8.925
sculptured,19,8.925
sculptures,19,8.925
scurvy,2,10.8218
scuttling,1,11.2273
scutum,1,11.2273
scydosella,1,11.2273
scythian,3,10.5342
scythians,3,10.5342
sd,2,10.8218
se,148,6.9191
se1,1,11.2273
se7,1,11.2273
se7en,2,10.8218
sea,214,6.5536
seabed,1,11.2273
seabirds,2,10.8218
seabiscuit,3,10.5342
seaborg,12,9.3557
seafarer,2,10.8218
seafaring,2,10.8218
seafood,10,9.5227
seagal,4,10.3111
seagull,5,10.1288
seagulls,5,10.1288
seahawks,5,10.1288
seahorse,1,11.2273
seal,32,8.4245
seale,32,8.4245
sealed,32,8.4245
seals,32,8.4245
seam,2,10.8218
seaman,3,10.5342
seams,2,10.8218
seamstress,2,10.8218
seamus,1,11.2273
sean,49,8.0093
seaplane,1,11.2273
seaport,3,10.5342
seaports,3,10.5342
sear,6,9.9746
search,36,8.3102
searched,36,8.3102
searchers,3,10.5342
searches,36,8.3102
searching,36,8.3102
searle,1,11.2273
sears,6,9.9746
seas,214,6.5536
seashore,2,10.8218
seaside,2,10.8218
season,490,5.7328
seasonal,490,5.7328
seasoned,490,5.7328
seasoning,490,5.7328
seasons,490,5.7328
seat,35,8.3375
seatbelt,2,10.8218
seatbelts,2,10.8218
seated,35,8.3375
seathwaite,1,11.2273
seats,35,8.3375
seattle,63,7.7627
seattles,63,7.7627
seaver,10,9.5227
seavers,10,9.5227
seawater,2,10.8218
seaway,1,11.2273
seaweed,8,9.7233
seaworld,6,9.9746
seax,1,11.2273
sebaceous,2,10.8218
sebastian,18,8.9763
sebastiano,2,10.8218
sebastien,1,11.2273
sebatik,1,11.2273
seborrhea,1,11.2273
sebum,1,11.2273
sec,5,10.1288
secada,1,11.2273
secca,1,11.2273
secede,8,9.7233
seceded,8,9.7233
secluded,1,11.2273
seclusion,2,10.8218
second,379,5.9871
secondary,4,10.3111
seconds,379,5.9871
secret,113,7.1863
secretarial,36,8.3102
secretariat,1,11.2273
secretaries,36,8.3102
secretary,36,8.3102
secrete,113,7.1863
secreted,113,7.1863
secretes,113,7.1863
secretion,113,7.1863
secretly,10,9.5227
secrets,113,7.1863
sect,2,10.8218
section,33,8.3947
sectioned,33,8.3947
sections,33,8.3947
sector,2,10.8218
sects,2,10.8218
secular,5,10.1288
secularism,5,10.1288
secure,19,8.925
secured,19,8.925
securities,19,8.925
security,19,8.925
sed,3,10.5342
sedaka,2,10.8218
sedaris,2,10.8218
sedative,3,10.5342
seddon,1,11.2273
sedentary,1,11.2273
seder,1,11.2273
sedge,1,11.2273
sedgwick,5,10.1288
sediment,2,10.8218
sedimentary,1,11.2273
sedition,2,10.8218
seduced,1,11.2273
seduction,1,11.2273
seductress,1,11.2273
see,148,6.9191
seed,23,8.7428
seeded,23,8.7428
seeding,23,8.7428
seedless,1,11.2273
seeds,23,8.7428
seeing,148,6.9191
seek,17,9.0304
seeker,3,10.5342
seeking,17,9.0304
seeks,17,9.0304
seeley,1,11.2273
seem,31,8.4552
seemed,31,8.4552
seemingly,8,9.7233
seems,31,8.4552
seen,92,7.3895
seeped,1,11.2273
sees,148,6.9191
seesaw,2,10.8218
sega,2,10.8218
segar,1,11.2273
segarpassi,1,11.2273
seger,2,10.8218
segment,9,9.618
segments,9,9.618
segregation,1,11.2273
segregationist,1,11.2273
segretti,1,11.2273
segura,2,10.8218
segway,1,11.2273
sehnsucht,1,11.2273
seiche,1,11.2273
seifers,1,11.2273
seignovert,1,11.2273
seiko,1,11.2273
sein,5,10.1288
seine,5,10.1288
seinfeld,85,7.4676
seinfelds,85,7.4676
seinfield,1,11.2273
seismic,1,11.2273
seismologist,1,11.2273
seismosaurus,1,11.2273
seize,6,9.9746
seized,6,9.9746
seizures,4,10.3111
sejanus,1,11.2273
sejer,1,11.2273
sejm,1,11.2273
seka,1,11.2273
sekt,1,11.2273
sel,1,11.2273
sela,1,11.2273
selachophobia,1,11.2273
selanne,1,11.2273
selassie,1,11.2273
selcouth,1,11.2273
seldom,4,10.3111
select,71,7.645
selected,71,7.645
selecting,71,7.645
selection,71,7.645
selective,71,7.645
selectively,71,7.645
selector,1,11.2273
selects,71,7.645
selena,8,9.7233
selene,2,10.8218
selenium,1,11.2273
self,112,7.1951
selfish,2,10.8218
selfridge,1,11.2273
selig,2,10.8218
selina,2,10.8218
sell,68,7.6875
selleck,4,10.3111
seller,6,9.9746
sellers,6,9.9746
selling,68,7.6875
sells,68,7.6875
selma,3,10.5342
selmar,1,11.2273
selo,1,11.2273
selonian,1,11.2273
selva,1,11.2273
selves,1,11.2273
selznick,1,11.2273
semantic,1,11.2273
semashko,1,11.2273
semba,1,11.2273
semele,2,10.8218
semen,1,11.2273
semester,2,10.8218
semesters,2,10.8218
semetary,1,11.2273
semi,22,8.7853
semilunar,1,11.2273
seminal,4,10.3111
seminole,2,10.8218
semiramis,1,11.2273
semisonic,1,11.2273
semisweet,1,11.2273
semitic,4,10.3111
semitism,4,10.3111
semmi,2,10.8218
semper,3,10.5342
senate,80,7.5274
senator,80,7.5274
senators,80,7.5274
send,24,8.702
sendaiotsuna,1,11.2273
sendak,1,11.2273
sending,24,8.702
sends,24,8.702
seneca,2,10.8218
senegal,4,10.3111
senegalese,1,11.2273
seni,1,11.2273
senile,1,11.2273
senior,12,9.3557
senna,1,11.2273
sensation,17,9.0304
sensational,17,9.0304
sensationalism,1,11.2273
sense,31,8.4552
senses,31,8.4552
sensibility,3,10.5342
sensible,3,10.5342
sensitive,5,10.1288
sensitivity,5,10.1288
sensor,1,11.2273
sensory,2,10.8218
sent,44,8.1146
sentence,71,7.645
sentenced,71,7.645
sentences,71,7.645
sentenza,1,11.2273
sentimental,2,10.8218
sentinel,2,10.8218
seoul,3,10.5342
sep,1,11.2273
separate,52,7.9511
separated,52,7.9511
separates,52,7.9511
separation,52,7.9511
separatist,3,10.5342
separatists,3,10.5342
separators,52,7.9511
sephardeet,1,11.2273
sephardic,1,11.2273
sepia,2,10.8218
seppuku,2,10.8218
sepsisphobia,1,11.2273
septa,1,11.2273
september,159,6.8481
septemberists,1,11.2273
septimaclark,1,11.2273
septimus,2,10.8218
sepuku,1,11.2273
sepulchre,2,10.8218
sepultura,2,10.8218
sequel,32,8.4245
sequels,32,8.4245
sequence,33,8.3947
sequencer,1,11.2273
sequoia,3,10.5342
sequoias,3,10.5342
sequoyah,1,11.2273
sera,2,10.8218
serbia,8,9.7233
serbian,2,10.8218
serendib,1,11.2273
serenity,1,11.2273
seres,1,11.2273
serf,1,11.2273
sergeant,9,9.618
sergei,21,8.8298
sergey,21,8.8298
sergio,4,10.3111
seri,1482,4.645
serial,1482,4.645
serialized,1482,4.645
serially,1482,4.645
serie,1482,4.645
series,1482,4.645
serif,1,11.2273
serious,1482,4.645
seriously,1482,4.645
serman,1,11.2273
sermon,5,10.1288
serpent,5,10.1288
serpents,5,10.1288
serratus,1,11.2273
sertraline,1,11.2273
serum,2,10.8218
serums,2,10.8218
serval,2,10.8218
servanda,1,11.2273
servant,9,9.618
servants,9,9.618
serve,200,6.6207
served,200,6.6207
server,9,9.618
servers,9,9.618
serves,200,6.6207
service,61,7.7944
services,61,7.7944
serving,200,6.6207
servite,2,10.8218
servitude,1,11.2273
servopoulos,1,11.2273
sesame,8,9.7233
sesquipedalian,1,11.2273
sesquipedalophilia,1,11.2273
session,12,9.3557
sessions,12,9.3557
set,322,6.1486
setbacks,2,10.8218
setball,1,11.2273
setebos,1,11.2273
seth,34,8.3657
sethe,34,8.3657
seti,3,10.5342
sets,322,6.1486
setters,1,11.2273
setting,322,6.1486
settle,17,9.0304
settled,17,9.0304
settlement,22,8.7853
settlements,22,8.7853
settlers,6,9.9746
settles,17,9.0304
settling,17,9.0304
setzer,1,11.2273
seurat,1,11.2273
seuss,11,9.4357
seusss,4,10.3111
seven,106,7.2495
seventeen,6,9.9746
seventeenth,6,9.9746
seventh,19,8.925
seventy,4,10.3111
several,140,6.9742
severe,140,6.9742
severed,140,6.9742
severely,140,6.9742
severinsen,1,11.2273
severity,140,6.9742
severs,140,6.9742
severus,5,10.1288
sevierville,2,10.8218
seville,6,9.9746
seviyorum,1,11.2273
sew,6,9.9746
sewage,2,10.8218
seward,1,11.2273
sewer,4,10.3111
sewing,6,9.9746
sewn,5,10.1288
sex,57,7.861
sexes,57,7.861
sexiest,9,9.618
sexist,1,11.2273
sexorcisto,2,10.8218
sextans,1,11.2273
sextilis,1,11.2273
sexton,1,11.2273
sexual,32,8.4245
sexuality,32,8.4245
sexually,32,8.4245
sexy,5,10.1288
seychelles,5,10.1288
seychellois,1,11.2273
seymour,11,9.4357
seymours,11,9.4357
sf,1,11.2273
sf65,1,11.2273
sfpd,1,11.2273
sfumato,2,10.8218
sg,10,9.5227
sg13,1,11.2273
sgc,1,11.2273
sgt,20,8.8763
sh,3,10.5342
sha,3,10.5342
shaanxi,2,10.8218
shab,1,11.2273
shabazz,1,11.2273
shabbat,1,11.2273
shack,2,10.8218
shacklebolt,1,11.2273
shad,30,8.487
shade,30,8.487
shades,30,8.487
shadow,65,7.7319
shadowcaster,1,11.2273
shadowclan,1,11.2273
shadows,65,7.7319
shadrach,3,10.5342
shady,7,9.8411
shafer,1,11.2273
shaft,2,10.8218
shag,2,10.8218
shagged,2,10.8218
shaggy,4,10.3111
shagwell,1,11.2273
shah,3,10.5342
shaheen,1,11.2273
shaim,1,11.2273
shaine,1,11.2273
shajn,1,11.2273
shaka,1,11.2273
shakar,1,11.2273
shake,14,9.2126
shaken,2,10.8218
shaker,5,10.1288
shakes,14,9.2126
shakespeare,67,7.7021
shakespearean,34,8.3657
shakespeares,67,7.7021
shakespearian,1,11.2273
shakesperean,1,11.2273
shakin,1,11.2273
shaking,14,9.2126
shakira,17,9.0304
shakiras,17,9.0304
shaklan,1,11.2273
shakuntala,1,11.2273
shakur,1,11.2273
shalamar,1,11.2273
shale,1,11.2273
shalhoub,2,10.8218
shallow,4,10.3111
shalom,2,10.8218
shalt,1,11.2273
shambala,2,10.8218
shame,3,10.5342
shampoo,2,10.8218
shamrock,2,10.8218
shamrocks,2,10.8218
shamu,1,11.2273
shanah,2,10.8218
shanda,1,11.2273
shandy,1,11.2273
shane,16,9.0875
shang,1,11.2273
shanghai,7,9.8411
shania,5,10.1288
shanked,2,10.8218
shanks,2,10.8218
shannen,4,10.3111
shannon,9,9.618
shannyn,1,11.2273
shanti,2,10.8218
shantz,1,11.2273
shanygne,1,11.2273
shaolin,3,10.5342
shape,65,7.7319
shaped,65,7.7319
shapes,65,7.7319
shapeshifter,1,11.2273
shaping,65,7.7319
shapiro,1,11.2273
shaquille,2,10.8218
sharapova,1,11.2273
share,73,7.6177
sharecroppers,1,11.2273
shared,73,7.6177
sharer,1,11.2273
shares,73,7.6177
shari,9,9.618
sharif,3,10.5342
sharing,73,7.6177
sharis,9,9.618
shark,57,7.861
sharkey,1,11.2273
sharks,57,7.861
sharlee,1,11.2273
sharmon,1,11.2273
sharon,25,8.6628
sharona,2,10.8218
sharons,25,8.6628
sharp,18,8.9763
sharpay,4,10.3111
sharpays,4,10.3111
sharpclaw,1,11.2273
sharper,1,11.2273
sharpeys,1,11.2273
sharpie,1,11.2273
sharples,1,11.2273
sharply,1,11.2273
sharps,18,8.9763
sharpshooter,3,10.5342
sharqi,1,11.2273
shasta,1,11.2273
shatar,2,10.8218
shaternian,1,11.2273
shatner,19,8.925
shatners,19,8.925
shatranj,2,10.8218
shattered,7,9.8411
shattering,7,9.8411
shaughnessy,1,11.2273
shaun,5,10.1288
shauna,2,10.8218
shave,6,9.9746
shaved,6,9.9746
shaving,6,9.9746
shavo,1,11.2273
shavuot,1,11.2273
shaw,7,9.8411
shawarma,1,11.2273
shawl,3,10.5342
shawn,20,8.8763
shawna,1,11.2273
shawnee,1,11.2273
shawshank,14,9.2126
shax,2,10.8218
shay,2,10.8218
shays,2,10.8218
shcherban,1,11.2273
shea,2,10.8218
shean,1,11.2273
shear,2,10.8218
shears,2,10.8218
sheb,1,11.2273
sheba,1,11.2273
shebang,1,11.2273
shed,4,10.3111
shedding,4,10.3111
sheedy,2,10.8218
sheen,12,9.3557
sheena,2,10.8218
sheens,12,9.3557
sheep,31,8.4552
sheeps,31,8.4552
sheer,1,11.2273
sheet,7,9.8411
sheetrock,2,10.8218
sheets,7,9.8411
sheffer,1,11.2273
sheffield,7,9.8411
sheik,2,10.8218
sheila,18,8.9763
shek,2,10.8218
shekel,2,10.8218
sheks,2,10.8218
shel,1,11.2273
shelby,4,10.3111
shelbyville,2,10.8218
sheldon,8,9.7233
sheldons,8,9.7233
shelf,2,10.8218
shell,30,8.487
shelled,30,8.487
sheller,1,11.2273
shelley,11,9.4357
shelleys,11,9.4357
shellfish,3,10.5342
shellie,5,10.1288
shells,30,8.487
shelly,5,10.1288
shellys,5,10.1288
sheloved,1,11.2273
shelter,8,9.7233
shelton,2,10.8218
shelves,2,10.8218
shem,2,10.8218
shema,2,10.8218
shemoneh,1,11.2273
shen,1,11.2273
shenandoah,2,10.8218
sheneneh,2,10.8218
shenenehs,2,10.8218
sheni,1,11.2273
shepard,13,9.2816
shepards,13,9.2816
shepardsons,1,11.2273
shepherd,11,9.4357
shepherds,11,9.4357
sheppard,2,10.8218
sheqel,1,11.2273
shere,1,11.2273
sheree,2,10.8218
sherfys,1,11.2273
sherice,1,11.2273
sherif,1,11.2273
sheriff,28,8.5536
sheriffs,28,8.5536
sherlock,20,8.8763
sherman,12,9.3557
shermans,12,9.3557
sherpa,2,10.8218
sherrie,7,9.8411
sherron,1,11.2273
sherry,7,9.8411
sherryjennings,1,11.2273
sherwood,4,10.3111
sheryl,6,9.9746
shes,23,8.7428
shetland,1,11.2273
sheva,1,11.2273
shi,6,9.9746
shiaparelli,1,11.2273
shichinin,1,11.2273
shied,6,9.9746
shield,25,8.6628
shields,25,8.6628
shies,6,9.9746
shift,3,10.5342
shifty,1,11.2273
shifu,1,11.2273
shigeru,11,9.4357
shih,1,11.2273
shiitake,2,10.8218
shikaakwa,1,11.2273
shilling,7,9.8411
shilo,1,11.2273
shiloh,5,10.1288
shima,1,11.2273
shimit,1,11.2273
shimmy,1,11.2273
shimonbentzvi,1,11.2273
shin,23,8.7428
shindlers,1,11.2273
shine,23,8.7428
shined,23,8.7428
shiner,1,11.2273
shines,23,8.7428
shing,1,11.2273
shingle,2,10.8218
shining,23,8.7428
shinkansen,1,11.2273
shinned,23,8.7428
shinobi,1,11.2273
shinoda,3,10.5342
shinpachi,1,11.2273
shinrikyo,1,11.2273
shinsengumi,8,9.7233
shinto,4,10.3111
shintoism,4,10.3111
shiny,3,10.5342
ship,121,7.1186
shipbuilder,2,10.8218
shipbuilding,2,10.8218
shipley,2,10.8218
shipped,121,7.1186
shipping,121,7.1186
shippo,1,11.2273
ships,121,7.1186
shipwreck,7,9.8411
shipwrecked,7,9.8411
shipyard,1,11.2273
shire,3,10.5342
shirelles,2,10.8218
shirley,21,8.8298
shirleys,21,8.8298
shiros,1,11.2273
shirt,11,9.4357
shirtless,1,11.2273
shirts,11,9.4357
shish,1,11.2273
shishkin,1,11.2273
shiva,4,10.3111
shivers,1,11.2273
shjon,1,11.2273
shmoo,1,11.2273
shmuel,1,11.2273
shneider,1,11.2273
shoals,1,11.2273
shock,19,8.925
shocked,19,8.925
shockers,1,11.2273
shocking,19,8.925
shoe,49,8.0093
shoelaces,1,11.2273
shoeless,3,10.5342
shoemaker,2,10.8218
shoes,49,8.0093
shogi,1,11.2273
shogun,7,9.8411
shogunate,7,9.8411
shoki,1,11.2273
shomyo,1,11.2273
shona,1,11.2273
shondells,1,11.2273
shonen,1,11.2273
shonuff,1,11.2273
shook,1,11.2273
shoot,54,7.9141
shooter,4,10.3111
shooting,54,7.9141
shootings,54,7.9141
shootist,3,10.5342
shootout,3,10.5342
shoots,54,7.9141
shop,43,8.137
shoplifted,3,10.5342
shoplifting,3,10.5342
shopped,43,8.137
shopper,1,11.2273
shoppes,1,11.2273
shopping,43,8.137
shops,43,8.137
shore,17,9.0304
shorebird,1,11.2273
shores,17,9.0304
shorky,1,11.2273
short,116,7.1603
shortage,2,10.8218
shortages,2,10.8218
shortcoming,1,11.2273
shortened,8,9.7233
shortening,8,9.7233
shortens,8,9.7233
shorter,9,9.618
shortest,19,8.925
shorthand,2,10.8218
shortidge,1,11.2273
shortly,9,9.618
shortness,116,7.1603
shortridge,1,11.2273
shorts,116,7.1603
shortsightedness,1,11.2273
shortstop,19,8.925
shortstops,19,8.925
shortwave,1,11.2273
shorty,1,11.2273
shortz,1,11.2273
shostakovitch,2,10.8218
shostakovitchs,2,10.8218
shot,134,7.0176
shotcode,1,11.2273
shotgun,7,9.8411
shotguns,7,9.8411
shotokan,1,11.2273
shots,134,7.0176
shotz,1,11.2273
shou,1,11.2273
shoulder,15,9.1481
shoulders,15,9.1481
shouldnt,6,9.9746
shouldve,3,10.5342
shout,7,9.8411
shouted,7,9.8411
shouting,7,9.8411
shouts,7,9.8411
shove,2,10.8218
shovel,2,10.8218
shoveling,2,10.8218
show,1801,4.4558
showboat,5,10.1288
showcase,5,10.1288
showcased,5,10.1288
showcases,5,10.1288
showdown,1,11.2273
showed,1801,4.4558
shower,8,9.7233
showers,8,9.7233
showgirl,2,10.8218
showing,1801,4.4558
shown,30,8.487
shows,1801,4.4558
shqiperia,1,11.2273
shrapnel,1,11.2273
shredder,2,10.8218
shredhead,1,11.2273
shreds,1,11.2273
shrek,55,7.8961
shreks,55,7.8961
shreve,1,11.2273
shrew,1,11.2273
shrewd,1,11.2273
shrieking,1,11.2273
shrimp,4,10.3111
shrimps,4,10.3111
shrimpton,1,11.2273
shrine,2,10.8218
shriner,1,11.2273
shrink,2,10.8218
shrivels,1,11.2273
shropshire,1,11.2273
shrub,6,9.9746
shrugged,2,10.8218
shrunk,1,11.2273
shrute,1,11.2273
shtokolov,1,11.2273
shtupps,1,11.2273
shue,1,11.2273
shuffle,4,10.3111
shug,5,10.1288
shugs,5,10.1288
shui,5,10.1288
shul,1,11.2273
shulman,2,10.8218
shumachers,1,11.2273
shuman,1,11.2273
shumway,1,11.2273
shuri,1,11.2273
shuster,1,11.2273
shut,13,9.2816
shute,13,9.2816
shutout,2,10.8218
shutouts,2,10.8218
shutters,1,11.2273
shuttle,15,9.1481
shuttles,15,9.1481
shwe,1,11.2273
shwedagon,2,10.8218
shy,3,10.5342
shyamalan,11,9.4357
shyamalans,11,9.4357
shylock,2,10.8218
si,7,9.8411
siam,3,10.5342
siamese,2,10.8218
siarnaq,1,11.2273
sib,1,11.2273
sibelius,2,10.8218
siberia,6,9.9746
siberian,6,9.9746
siberians,6,9.9746
sibling,35,8.3375
siblings,35,8.3375
sic,2,10.8218
sichuan,1,11.2273
sicilian,2,10.8218
sicily,12,9.3557
sick,19,8.925
sickening,1,11.2273
sickest,1,11.2273
sickle,1,11.2273
sickly,1,11.2273
sickness,19,8.925
sicko,1,11.2273
siculus,1,11.2273
sid,131,7.04
siddh,2,10.8218
siddharta,1,11.2273
siddhartha,3,10.5342
siddur,1,11.2273
side,131,7.04
sideburns,3,10.5342
sidecar,1,11.2273
sided,131,7.04
sidekick,15,9.1481
sidekicks,15,9.1481
sidelined,1,11.2273
sides,131,7.04
sideshow,3,10.5342
sideswipe,1,11.2273
sidewalk,2,10.8218
sidhu,1,11.2273
sidibe,1,11.2273
sidious,2,10.8218
sidled,1,11.2273
sidney,28,8.5536
sidorovsky,1,11.2273
sie,7,9.8411
sieber,1,11.2273
siege,13,9.2816
siegel,1,11.2273
sieges,13,9.2816
siegfried,5,10.1288
siegfrieds,5,10.1288
sielmmacohkka,1,11.2273
siemens,3,10.5342
siena,1,11.2273
sience,1,11.2273
sienna,1,11.2273
siera,1,11.2273
sierra,9,9.618
siesta,1,11.2273
sieur,1,11.2273
sieve,2,10.8218
sif,1,11.2273
sig,2,10.8218
sigaw,1,11.2273
sigh,3,10.5342
sighs,3,10.5342
sight,12,9.3557
sighted,12,9.3557
sightedness,1,11.2273
sighthound,1,11.2273
sights,12,9.3557
sightseeing,1,11.2273
sigma,1,11.2273
sigmoidoscopy,1,11.2273
sigmund,31,8.4552
sign,184,6.7034
signal,16,9.0875
signaled,16,9.0875
signaling,16,9.0875
signalled,16,9.0875
signals,16,9.0875
signature,32,8.4245
signed,184,6.7034
signer,1,11.2273
significance,36,8.3102
significant,36,8.3102
significantly,2,10.8218
signified,11,9.4357
signifies,11,9.4357
signify,11,9.4357
signifying,11,9.4357
signing,184,6.7034
signs,184,6.7034
sigourney,2,10.8218
sik,1,11.2273
sikdar,1,11.2273
sikeston,1,11.2273
sikhism,3,10.5342
sikhs,1,11.2273
sikorski,2,10.8218
sikorsky,2,10.8218
siksika,1,11.2273
silas,2,10.8218
sildenafil,1,11.2273
silena,1,11.2273
silence,23,8.7428
silencer,23,8.7428
silenoz,1,11.2273
silent,26,8.6251
silesia,1,11.2273
silhouettes,1,11.2273
silica,1,11.2273
silicon,2,10.8218
silicons,2,10.8218
silk,12,9.3557
silkeborg,1,11.2273
silkfin,1,11.2273
silkie,5,10.1288
silkstone,1,11.2273
silkwood,1,11.2273
silky,5,10.1288
silla,1,11.2273
sills,3,10.5342
silly,7,9.8411
silmaril,2,10.8218
silmarillion,7,9.8411
silmarils,2,10.8218
silurian,9,9.618
silva,1,11.2273
silver,71,7.645
silverheels,2,10.8218
silvers,71,7.645
silverstone,7,9.8411
silverstones,7,9.8411
silverstream,1,11.2273
silvertail,1,11.2273
silvertip,1,11.2273
silvertongue,1,11.2273
silvery,1,11.2273
silvestris,1,11.2273
silvias,1,11.2273
silvio,9,9.618
sim,11,9.4357
sima,2,10.8218
simba,3,10.5342
simbas,3,10.5342
simbel,4,10.3111
simchat,1,11.2273
simeon,2,10.8218
simeulue,1,11.2273
simians,1,11.2273
similar,28,8.5536
similarities,28,8.5536
similarity,28,8.5536
similarly,1,11.2273
simmen,1,11.2273
simmering,2,10.8218
simmons,5,10.1288
simms,2,10.8218
simoleans,1,11.2273
simon,60,7.8106
simone,60,7.8106
simonetta,1,11.2273
simons,60,7.8106
simonyi,1,11.2273
simple,17,9.0304
simplicity,2,10.8218
simplify,1,11.2273
simplon,1,11.2273
simply,17,9.0304
simposns,1,11.2273
simpson,106,7.2495
simpsonian,1,11.2273
simpsons,106,7.2495
sims,11,9.4357
simulate,5,10.1288
simulated,5,10.1288
simulation,5,10.1288
simultaneous,7,9.8411
simultaneously,7,9.8411
sin,25,8.6628
sinai,5,10.1288
sinanthropus,1,11.2273
sinatra,28,8.5536
sinatras,28,8.5536
since,70,7.659
sincere,1,11.2273
sincerest,1,11.2273
sinclair,5,10.1288
sindarin,1,11.2273
sindh,2,10.8218
sindhu,1,11.2273
sine,25,8.6628
sinead,7,9.8411
sinensis,1,11.2273
sinepuxent,1,11.2273
sinew,2,10.8218
sing,174,6.7588
singapore,25,8.6628
singapores,25,8.6628
singe,174,6.7588
singer,733,5.3351
singers,733,5.3351
singh,2,10.8218
singin,2,10.8218
singing,174,6.7588
single,266,6.338
singles,266,6.338
sings,174,6.7588
singular,3,10.5342
singularity,3,10.5342
sinise,1,11.2273
sinister,3,10.5342
sink,10,9.5227
sinkholes,1,11.2273
sinking,10,9.5227
sinks,10,9.5227
sinn,1,11.2273
sinners,1,11.2273
sinnow,1,11.2273
sino,4,10.3111
sinology,1,11.2273
sinophile,1,11.2273
sins,25,8.6628
sint,2,10.8218
sinterklaas,3,10.5342
sinua,1,11.2273
siobh,1,11.2273
siomai,1,11.2273
siopao,1,11.2273
sioux,7,9.8411
siouxsie,1,11.2273
siphon,1,11.2273
sipped,1,11.2273
siq,1,11.2273
sir,70,7.659
sire,70,7.659
sired,70,7.659
siren,4,10.3111
sirena,1,11.2273
sirenia,1,11.2273
sirens,4,10.3111
sirhan,1,11.2273
siri,1,11.2273
sirikit,1,11.2273
sirius,21,8.8298
siriuss,1,11.2273
sirona,1,11.2273
sirtaki,1,11.2273
sis,7,9.8411
siskiyou,1,11.2273
sisler,1,11.2273
sissy,3,10.5342
sister,182,6.7142
sisters,182,6.7142
sistine,3,10.5342
sit,94,7.3682
sita,1,11.2273
sitcom,459,5.7975
sitcoms,459,5.7975
site,94,7.3682
sitensk,1,11.2273
sites,94,7.3682
sith,3,10.5342
sitka,2,10.8218
sits,94,7.3682
sitter,1,11.2273
sittin,5,10.1288
sitting,94,7.3682
sittler,1,11.2273
sittuyin,1,11.2273
situated,91,7.4003
situation,91,7.4003
situational,91,7.4003
situations,91,7.4003
sitzkrieg,1,11.2273
siva,1,11.2273
sivers,1,11.2273
sivio,1,11.2273
siwonay,1,11.2273
six,107,7.2402
sixteen,25,8.6628
sixteenth,1,11.2273
sixth,36,8.3102
sixties,5,10.1288
sixty,5,10.1288
sixx,2,10.8218
size,66,7.7169
sized,66,7.7169
sizes,66,7.7169
sizzla,7,9.8411
sizzlas,7,9.8411
sjogrens,1,11.2273
sk,3,10.5342
ska,2,10.8218
skaara,1,11.2273
skadi,1,11.2273
skalnat,1,11.2273
skamania,1,11.2273
skanks,1,11.2273
skarsgard,1,11.2273
skate,25,8.6628
skateboard,13,9.2816
skateboarder,13,9.2816
skateboarders,13,9.2816
skateboarding,13,9.2816
skateboards,13,9.2816
skated,25,8.6628
skater,14,9.2126
skaters,14,9.2126
skates,25,8.6628
skatetown,2,10.8218
skathi,1,11.2273
skating,25,8.6628
skeeter,11,9.4357
skeeters,11,9.4357
skein,1,11.2273
skeletal,9,9.618
skeleton,12,9.3557
skeletons,12,9.3557
skelton,8,9.7233
skeltons,8,9.7233
skeoch,1,11.2273
skerrit,1,11.2273
sketch,27,8.5887
sketches,27,8.5887
sketchy,1,11.2273
skewered,1,11.2273
skg,1,11.2273
ski,36,8.3102
skid,8,9.7233
skidmark,1,11.2273
skidmore,1,11.2273
skids,8,9.7233
skier,3,10.5342
skiers,3,10.5342
skies,36,8.3102
skiier,1,11.2273
skiing,36,8.3102
skill,16,9.0875
skillcape,3,10.5342
skilled,16,9.0875
skillet,1,11.2273
skillful,16,9.0875
skillfully,1,11.2273
skills,16,9.0875
skilttles,1,11.2273
skim,2,10.8218
skimmed,2,10.8218
skin,72,7.6313
skink,2,10.8218
skinks,2,10.8218
skinned,72,7.6313
skinner,6,9.9746
skinners,6,9.9746
skinning,72,7.6313
skinny,4,10.3111
skins,72,7.6313
skip,6,9.9746
skipped,6,9.9746
skipper,5,10.1288
skippers,5,10.1288
skipping,6,9.9746
skirt,3,10.5342
skirts,3,10.5342
skis,36,8.3102
skit,3,10.5342
skits,3,10.5342
skittles,1,11.2273
sklylarking,1,11.2273
skolian,1,11.2273
skookum,1,11.2273
skopje,1,11.2273
skrewts,1,11.2273
skull,13,9.2816
skulltulas,1,11.2273
skunk,13,9.2816
skunks,13,9.2816
sky,45,8.0926
skycity,1,11.2273
skydog,1,11.2273
skye,45,8.0926
skyfall,1,11.2273
skyhawk,1,11.2273
skylab,1,11.2273
skylark,1,11.2273
skylon,1,11.2273
skynyrd,9,9.618
skynyrds,9,9.618
skyrocket,3,10.5342
skyrocketed,3,10.5342
skyscraper,8,9.7233
skywalker,16,9.0875
skywalkers,16,9.0875
sl,3,10.5342
sl4,1,11.2273
slade,2,10.8218
slain,3,10.5342
slaka,1,11.2273
slam,17,9.0304
slamball,1,11.2273
slammy,1,11.2273
slams,17,9.0304
slang,10,9.5227
slank,1,11.2273
slant,1,11.2273
slap,6,9.9746
slapped,6,9.9746
slapping,6,9.9746
slappy,1,11.2273
slapstick,1,11.2273
slash,3,10.5342
slasher,3,10.5342
slatberger,1,11.2273
slate,2,10.8218
slater,13,9.2816
slaters,13,9.2816
slaughter,4,10.3111
slaughtered,4,10.3111
slaughterhouse,2,10.8218
slav,26,8.6251
slave,26,8.6251
slaver,1,11.2273
slavery,14,9.2126
slaves,26,8.6251
slavey,1,11.2273
slavic,8,9.7233
slavonic,1,11.2273
slavs,26,8.6251
slayer,73,7.6177
slayers,73,7.6177
slaying,3,10.5342
slays,3,10.5342
slayter,1,11.2273
sleazy,4,10.3111
sled,4,10.3111
sleddogs,1,11.2273
sledge,2,10.8218
sleds,4,10.3111
sleek,1,11.2273
sleep,67,7.7021
sleeper,18,8.9763
sleepers,18,8.9763
sleeping,67,7.7021
sleepless,17,9.0304
sleeps,67,7.7021
sleepwalkers,2,10.8218
sleepwalking,2,10.8218
sleepy,6,9.9746
sleet,1,11.2273
sleigh,5,10.1288
sleight,2,10.8218
slender,4,10.3111
slept,8,9.7233
sleuth,4,10.3111
sleuthing,4,10.3111
slevin,7,9.8411
slew,1,11.2273
sli,1,11.2273
slice,11,9.4357
sliced,11,9.4357
slicer,1,11.2273
slicing,11,9.4357
slick,1,11.2273
slickers,1,11.2273
slickrock,1,11.2273
slide,4,10.3111
slideking,1,11.2273
slidin,1,11.2273
sliding,4,10.3111
slight,3,10.5342
slightly,15,9.1481
slim,10,9.5227
slimey,1,11.2273
slimjims,1,11.2273
sling,2,10.8218
slingblade,1,11.2273
slinge,2,10.8218
slip,7,9.8411
slipknot,11,9.4357
slipknots,11,9.4357
slipped,7,9.8411
slipper,5,10.1288
slippers,5,10.1288
slippery,5,10.1288
slit,2,10.8218
slocum,1,11.2273
sloe,1,11.2273
slogan,41,8.1835
slogans,41,8.1835
slope,5,10.1288
slopes,5,10.1288
sloppy,2,10.8218
slot,2,10.8218
sloth,14,9.2126
sloths,14,9.2126
slots,2,10.8218
slough,1,11.2273
slovak,1,11.2273
slovakia,15,9.1481
slovenia,14,9.2126
slovensko,1,11.2273
slovik,1,11.2273
slow,29,8.5197
slower,1,11.2273
slowhand,2,10.8218
slowie,1,11.2273
slowly,9,9.618
slows,29,8.5197
slug,4,10.3111
slugger,11,9.4357
sluggers,11,9.4357
sluggo,1,11.2273
slughorn,4,10.3111
slughorns,4,10.3111
slugs,4,10.3111
slum,1,11.2273
slumber,1,11.2273
slumdog,2,10.8218
slump,1,11.2273
slur,3,10.5342
slurred,3,10.5342
slut,1,11.2273
slutty,1,11.2273
sly,4,10.3111
slyness,4,10.3111
slytherin,8,9.7233
slytherins,8,9.7233
smack,1,11.2273
smackdown,2,10.8218
smails,2,10.8218
smalahove,1,11.2273
small,164,6.8174
smaller,20,8.8763
smallest,63,7.7627
smallpox,5,10.1288
smalls,164,6.8174
smallville,13,9.2816
smart,35,8.3375
smartest,3,10.5342
smartphone,1,11.2273
smarts,35,8.3375
smash,76,7.578
smashing,76,7.578
smear,1,11.2273
smedley,2,10.8218
smeecha,1,11.2273
smell,29,8.5197
smelled,29,8.5197
smells,29,8.5197
smelly,3,10.5342
smersh,1,11.2273
smethwick,1,11.2273
smile,21,8.8298
smiler,5,10.1288
smiley,3,10.5342
smilin,2,10.8218
smiling,21,8.8298
smilla,1,11.2273
smillas,1,11.2273
smilodon,5,10.1288
smirnoff,1,11.2273
smite,1,11.2273
smith,103,7.2779
smithers,2,10.8218
smiths,103,7.2779
smithsonian,5,10.1288
smitten,2,10.8218
smog,1,11.2273
smoggy,2,10.8218
smoke,32,8.4245
smoked,32,8.4245
smokeless,1,11.2273
smoker,4,10.3111
smokey,24,8.702
smokeys,24,8.702
smokie,4,10.3111
smoking,32,8.4245
smoky,4,10.3111
smoochy,2,10.8218
smooter,1,11.2273
smooth,17,9.0304
smoothed,17,9.0304
smoothest,1,11.2273
smoothsort,1,11.2273
smopuim,1,11.2273
smothers,1,11.2273
smtp,1,11.2273
smuggled,2,10.8218
smuggler,4,10.3111
smugglers,4,10.3111
smuggling,2,10.8218
smurf,1,11.2273
smykowski,1,11.2273
smythe,1,11.2273
sn,1,11.2273
snack,6,9.9746
snaeffelsyokull,1,11.2273
snail,13,9.2816
snails,13,9.2816
snake,78,7.5524
snakebite,1,11.2273
snakeflies,1,11.2273
snakeheads,1,11.2273
snakes,78,7.5524
snap,22,8.7853
snape,22,8.7853
snapes,22,8.7853
snaps,22,8.7853
snare,1,11.2273
snarfblatt,1,11.2273
snatch,2,10.8218
snatchers,1,11.2273
snax,1,11.2273
sneak,10,9.5227
sneaked,10,9.5227
sneaker,4,10.3111
sneakers,4,10.3111
sneaking,10,9.5227
sneaks,10,9.5227
sneaky,1,11.2273
sneeches,1,11.2273
sneeze,5,10.1288
sneezing,5,10.1288
sneezy,1,11.2273
sneiders,1,11.2273
snell,2,10.8218
snellen,1,11.2273
snelly,1,11.2273
snes,1,11.2273
snicket,8,9.7233
snickets,8,9.7233
sniff,1,11.2273
sniffles,1,11.2273
snifter,1,11.2273
snipe,5,10.1288
sniper,5,10.1288
snipers,5,10.1288
snipes,5,10.1288
snitch,1,11.2273
sniveling,1,11.2273
snl,19,8.925
snls,19,8.925
snolie,1,11.2273
snooker,4,10.3111
snoop,9,9.618
snoopy,12,9.3557
snoopys,12,9.3557
snooty,3,10.5342
snoozepaper,1,11.2273
snorkel,3,10.5342
snorkeling,3,10.5342
snorunt,2,10.8218
snout,5,10.1288
snouted,5,10.1288
snouts,5,10.1288
snow,60,7.8106
snowball,4,10.3111
snowballs,4,10.3111
snowbird,2,10.8218
snowboarding,3,10.5342
snowden,1,11.2273
snowdrop,1,11.2273
snowfall,2,10.8218
snowflake,2,10.8218
snowflakes,2,10.8218
snowfur,4,10.3111
snowfurs,4,10.3111
snowkit,2,10.8218
snowkiting,2,10.8218
snowman,6,9.9746
snowmonster,3,10.5342
snowpelt,1,11.2273
snows,60,7.8106
snowy,4,10.3111
snr,1,11.2273
snuff,1,11.2273
snug,1,11.2273
snurfer,1,11.2273
snyder,4,10.3111
soaked,6,9.9746
soaking,6,9.9746
soap,103,7.2779
soapdish,1,11.2273
soaps,103,7.2779
soar,2,10.8218
soared,2,10.8218
sober,1,11.2273
sobieski,1,11.2273
sobrantes,1,11.2273
sobriety,1,11.2273
sobrina,1,11.2273
soccer,79,7.5398
soccerfield,1,11.2273
soccers,79,7.5398
sociable,33,8.3947
social,33,8.3947
socialism,33,8.3947
socialist,18,8.9763
socialistic,18,8.9763
socialists,18,8.9763
socialite,7,9.8411
socially,33,8.3947
societies,33,8.3947
society,33,8.3947
sociology,1,11.2273
sociopathic,1,11.2273
sock,8,9.7233
socket,1,11.2273
socko,1,11.2273
socks,8,9.7233
socrates,17,9.0304
socratic,17,9.0304
soda,8,9.7233
soderbergh,4,10.3111
sodium,8,9.7233
sodom,1,11.2273
sofer,1,11.2273
sofia,4,10.3111
sofiyavarzar,1,11.2273
soft,41,8.1835
softball,1,11.2273
soften,1,11.2273
softest,1,11.2273
softly,4,10.3111
softness,41,8.1835
software,11,9.4357
sogeking,1,11.2273
sohdheim,1,11.2273
sohlman,1,11.2273
soho,1,11.2273
soi,3,10.5342
soil,12,9.3557
soissons,1,11.2273
soki,1,11.2273
sokoloff,1,11.2273
sokolow,1,11.2273
soks,1,11.2273
sol,19,8.925
sola,1,11.2273
solace,1,11.2273
solanine,1,11.2273
solano,1,11.2273
solar,77,7.5651
solaris,1,11.2273
solaro,1,11.2273
sold,53,7.9324
soldier,56,7.8784
soldiers,56,7.8784
sole,19,8.925
soled,19,8.925
soledad,1,11.2273
soleil,2,10.8218
solely,19,8.925
solemn,1,11.2273
soli,4,10.3111
solid,16,9.0875
solidarity,3,10.5342
solidarno,2,10.8218
solidified,2,10.8218
solidifies,2,10.8218
solids,16,9.0875
soliloquy,1,11.2273
solis,4,10.3111
solitaire,2,10.8218
solitary,8,9.7233
solitude,3,10.5342
solly,1,11.2273
solo,55,7.8961
solokhin,1,11.2273
soloman,1,11.2273
solomon,22,8.7853
solomons,22,8.7853
solon,1,11.2273
solos,55,7.8961
solresol,1,11.2273
solstice,2,10.8218
soluble,6,9.9746
solution,6,9.9746
solve,15,9.1481
solved,15,9.1481
solves,15,9.1481
solving,15,9.1481
som,271,6.3195
somali,9,9.618
somalia,5,10.1288
somalian,1,11.2273
somaliland,4,10.3111
somatic,1,11.2273
somber,1,11.2273
sombrero,1,11.2273
some,271,6.3195
somebody,18,8.9763
somebodys,18,8.9763
somehow,8,9.7233
someone,62,7.7784
someones,62,7.7784
somerset,3,10.5342
somethin,2,10.8218
sometime,97,7.3372
sometimes,97,7.3372
somewhat,6,9.9746
somewhere,10,9.5227
sommelier,1,11.2273
sommers,3,10.5342
somniphobia,1,11.2273
somoni,1,11.2273
somov,1,11.2273
somoza,1,11.2273
son,250,6.3995
sona,1,11.2273
sonar,2,10.8218
sonata,2,10.8218
sonatas,2,10.8218
sondheim,4,10.3111
sondheims,4,10.3111
sondra,1,11.2273
song,2563,4.1164
songs,2563,4.1164
songstress,2,10.8218
songwriter,61,7.7944
songwriters,61,7.7944
songwriting,61,7.7944
sonia,1,11.2273
sonic,6,9.9746
sonja,1,11.2273
sonnet,1,11.2273
sonnett,1,11.2273
sonny,34,8.3657
sonnys,34,8.3657
sonoma,2,10.8218
sonora,1,11.2273
sons,250,6.3995
sontheimer,1,11.2273
sony,11,9.4357
sonya,2,10.8218
sookie,2,10.8218
sookies,2,10.8218
soon,22,8.7853
sooner,7,9.8411
sooners,7,9.8411
soothe,3,10.5342
soothing,3,10.5342
sooty,1,11.2273
sophia,20,8.8763
sophias,20,8.8763
sophie,8,9.7233
sophies,8,9.7233
sophisticated,6,9.9746
sophmore,1,11.2273
sophus,1,11.2273
soporific,1,11.2273
soprano,22,8.7853
sopranos,22,8.7853
sopron,1,11.2273
sora,1,11.2273
sorbet,1,11.2273
sorbonne,1,11.2273
sorcerer,9,9.618
sorcerers,9,9.618
sore,3,10.5342
sorel,1,11.2273
sorely,3,10.5342
soren,1,11.2273
sorest,2,10.8218
sororities,3,10.5342
sorority,3,10.5342
sorrelkit,1,11.2273
sorrell,1,11.2273
sorrento,1,11.2273
sorrow,8,9.7233
sorrowful,8,9.7233
sorry,6,9.9746
sort,18,8.9763
sorted,18,8.9763
sorting,18,8.9763
sorts,18,8.9763
sos,2,10.8218
sosa,1,11.2273
sosatie,1,11.2273
sospiri,1,11.2273
sossamons,1,11.2273
sotalia,1,11.2273
sotoun,1,11.2273
soubirous,2,10.8218
sought,6,9.9746
soul,65,7.7319
soule,65,7.7319
soulful,65,7.7319
soulja,1,11.2273
souls,65,7.7319
sound,138,6.9884
soundbite,1,11.2273
soundclip,2,10.8218
sounded,138,6.9884
sounders,1,11.2273
soundgarden,4,10.3111
sounding,138,6.9884
sounds,138,6.9884
soundtrack,77,7.5651
soundwave,1,11.2273
soup,38,8.2575
soupe,38,8.2575
souphanousinphones,1,11.2273
soups,38,8.2575
sour,7,9.8411
source,48,8.0295
sources,48,8.0295
sourness,7,9.8411
sous,1,11.2273
sousley,1,11.2273
soutendijk,1,11.2273
south,399,5.9361
southampton,9,9.618
southeast,16,9.0875
southeastern,13,9.2816
southern,114,7.1775
southerner,114,7.1775
southernmost,4,10.3111
southey,2,10.8218
southhampton,2,10.8218
southland,1,11.2273
southpaw,1,11.2273
southsea,1,11.2273
southward,3,10.5342
southwest,9,9.618
southwestern,8,9.7233
southworth,1,11.2273
sov,1,11.2273
sovereign,9,9.618
sovereigns,9,9.618
sovereignty,1,11.2273
soviet,74,7.6043
soviets,74,7.6043
sow,5,10.1288
sows,5,10.1288
sox,37,8.2835
soxs,37,8.2835
soy,3,10.5342
soybeans,3,10.5342
soyinka,1,11.2273
soylent,13,9.2816
soyuz,1,11.2273
sp2,1,11.2273
spa,2,10.8218
space,438,5.8438
spaceballs,1,11.2273
spacecraft,17,9.0304
spaceflight,1,11.2273
spacek,2,10.8218
spacely,438,5.8438
spacelys,438,5.8438
spaceman,1,11.2273
spaceplane,1,11.2273
spaces,438,5.8438
spaceship,1,11.2273
spaceshipone,2,10.8218
spacetime,1,11.2273
spaceworthy,1,11.2273
spacey,2,10.8218
spacial,3,10.5342
spacing,438,5.8438
spacys,3,10.5342
spade,8,9.7233
spader,3,10.5342
spades,8,9.7233
spaghetti,7,9.8411
spahn,1,11.2273
spain,86,7.4561
spalding,1,11.2273
spam,1,11.2273
spamalot,2,10.8218
span,25,8.6628
spandau,1,11.2273
spangled,5,10.1288
spangler,2,10.8218
spanglish,1,11.2273
spaniard,1,11.2273
spaniel,1,11.2273
spanish,210,6.5724
spanks,1,11.2273
spanned,25,8.6628
spanner,1,11.2273
spanning,25,8.6628
spans,25,8.6628
spare,6,9.9746
spared,6,9.9746
sparging,1,11.2273
spark,6,9.9746
sparked,6,9.9746
sparkle,7,9.8411
sparkling,7,9.8411
sparks,6,9.9746
sparky,2,10.8218
sparrow,9,9.618
sparrows,9,9.618
sparsely,2,10.8218
sparta,6,9.9746
spartacus,3,10.5342
spartan,6,9.9746
spartanburg,1,11.2273
spartans,6,9.9746
spasiba,1,11.2273
spat,2,10.8218
spats,2,10.8218
spattered,1,11.2273
spatula,1,11.2273
spaulding,3,10.5342
spauldings,3,10.5342
spawn,9,9.618
spawned,9,9.618
spawns,9,9.618
spaz,1,11.2273
speach,1,11.2273
speak,73,7.6177
speaker,19,8.925
speakers,19,8.925
speakership,1,11.2273
speaking,73,7.6177
speaks,73,7.6177
spear,16,9.0875
spears,16,9.0875
special,336,6.1064
specialist,7,9.8411
specialists,7,9.8411
speciality,336,6.1064
specialization,336,6.1064
specialize,336,6.1064
specialized,336,6.1064
specializing,336,6.1064
specially,336,6.1064
specials,336,6.1064
specialties,3,10.5342
specialty,3,10.5342
specie,336,6.1064
species,336,6.1064
specific,20,8.8763
specifically,20,8.8763
specifications,20,8.8763
specified,1,11.2273
specimen,10,9.5227
specimens,10,9.5227
speck,2,10.8218
speckled,2,10.8218
speckler,1,11.2273
spectacled,2,10.8218
spectacular,8,9.7233
spectator,1,11.2273
specter,1,11.2273
spectral,2,10.8218
spectrometer,2,10.8218
spectroscopic,1,11.2273
spectrum,8,9.7233
speculation,6,9.9746
speculative,6,9.9746
sped,3,10.5342
speech,26,8.6251
speechless,1,11.2273
speed,57,7.861
speeder,1,11.2273
speeding,57,7.861
speedman,1,11.2273
speeds,57,7.861
speedway,2,10.8218
speedy,4,10.3111
speers,1,11.2273
speights,1,11.2273
speleers,1,11.2273
speleotherapy,1,11.2273
spell,49,8.0093
spellbinding,1,11.2273
spellbound,1,11.2273
spelled,49,8.0093
spelling,49,8.0093
spellings,49,8.0093
spellman,2,10.8218
spells,49,8.0093
spelman,1,11.2273
spelt,1,11.2273
spence,1,11.2273
spencer,27,8.5887
spencers,27,8.5887
spend,31,8.4552
spending,31,8.4552
spends,31,8.4552
spengler,1,11.2273
spent,38,8.2575
sperber,1,11.2273
sperm,2,10.8218
spero,3,10.5342
spes,1,11.2273
sphere,9,9.618
spheres,9,9.618
spherical,3,10.5342
sphinx,6,9.9746
sphinxes,6,9.9746
sphygmomanometer,1,11.2273
sphynx,1,11.2273
spica,1,11.2273
spice,30,8.487
spicer,1,11.2273
spices,30,8.487
spiceworld,2,10.8218
spicing,30,8.487
spicoli,4,10.3111
spicolis,4,10.3111
spicy,5,10.1288
spider,28,8.5536
spiderman,7,9.8411
spidermans,7,9.8411
spiders,28,8.5536
spied,4,10.3111
spiegel,1,11.2273
spielberg,43,8.137
spielbergs,43,8.137
spies,4,10.3111
spike,23,8.7428
spikes,23,8.7428
spiky,1,11.2273
spill,2,10.8218
spillover,1,11.2273
spills,2,10.8218
spilsbury,1,11.2273
spin,51,7.9701
spinach,4,10.3111
spinal,7,9.8411
spinderella,1,11.2273
spindletop,1,11.2273
spine,51,7.9701
spines,51,7.9701
spinks,1,11.2273
spinner,7,9.8411
spinners,7,9.8411
spinning,51,7.9701
spinoff,7,9.8411
spinor,1,11.2273
spins,51,7.9701
spinster,1,11.2273
spiny,1,11.2273
spiral,8,9.7233
spiralled,8,9.7233
spires,1,11.2273
spirit,44,8.1146
spirited,44,8.1146
spirits,44,8.1146
spiritual,18,8.9763
spirituality,18,8.9763
spiro,3,10.5342
spit,11,9.4357
spite,11,9.4357
spitting,11,9.4357
splash,6,9.9746
splashed,6,9.9746
spleen,7,9.8411
splendid,6,9.9746
splendour,1,11.2273
splices,2,10.8218
splicing,2,10.8218
splinter,4,10.3111
splints,1,11.2273
split,12,9.3557
splits,12,9.3557
splitting,12,9.3557
spock,6,9.9746
spocks,6,9.9746
spoil,12,9.3557
spoiled,12,9.3557
spoils,12,9.3557
spokane,2,10.8218
spoke,23,8.7428
spoked,23,8.7428
spoken,70,7.659
spokes,23,8.7428
spokesman,2,10.8218
spokesperson,1,11.2273
spome,1,11.2273
sponge,5,10.1288
spongebob,27,8.5887
spongebobs,27,8.5887
spongy,2,10.8218
sponheuer,1,11.2273
sponserships,1,11.2273
sponsor,9,9.618
sponsored,9,9.618
spontaneous,2,10.8218
spoof,15,9.1481
spoofed,15,9.1481
spook,1,11.2273
spookhouse,1,11.2273
spool,2,10.8218
spoon,7,9.8411
spoonerism,1,11.2273
spoonful,7,9.8411
spoonman,1,11.2273
spoons,7,9.8411
sporades,2,10.8218
sporadic,2,10.8218
spore,1,11.2273
sport,204,6.6011
sportacus,1,11.2273
sported,204,6.6011
sportin,2,10.8218
sporting,204,6.6011
sports,204,6.6011
sportscaster,3,10.5342
sportscasters,3,10.5342
sportsman,7,9.8411
sportsmans,7,9.8411
sportswriter,3,10.5342
sporty,5,10.1288
spot,46,8.0711
spotless,2,10.8218
spotlight,2,10.8218
spots,46,8.0711
spotsylvania,2,10.8218
spotted,46,8.0711
spotter,1,11.2273
spouse,6,9.9746
spouses,6,9.9746
sprang,2,10.8218
spray,6,9.9746
sprayed,6,9.9746
sprayers,1,11.2273
spraying,6,9.9746
spread,19,8.925
spreading,19,8.925
spree,3,10.5342
spriengfield,1,11.2273
spriggina,1,11.2273
spright,1,11.2273
spring,33,8.3947
springbok,1,11.2273
springer,1,11.2273
springfield,19,8.925
springfields,19,8.925
springs,33,8.3947
springsteen,13,9.2816
springsteens,13,9.2816
springtime,1,11.2273
sprinkler,1,11.2273
sprinkling,1,11.2273
sprint,4,10.3111
sprinter,1,11.2273
sprite,4,10.3111
spritle,1,11.2273
sprocket,1,11.2273
sprouse,1,11.2273
sprout,6,9.9746
sprouts,6,9.9746
spruce,2,10.8218
spud,4,10.3111
spun,3,10.5342
spur,4,10.3111
spurred,4,10.3111
spurrier,1,11.2273
spurs,4,10.3111
sputnik,3,10.5342
spy,37,8.2835
spyglass,14,9.2126
spying,37,8.2835
sq,20,8.8763
sqrt,1,11.2273
squad,13,9.2816
squadra,1,11.2273
squadron,4,10.3111
squall,1,11.2273
squalor,2,10.8218
squalors,2,10.8218
squanderers,1,11.2273
square,74,7.6043
squared,74,7.6043
squarepants,9,9.618
squares,74,7.6043
squaring,74,7.6043
squash,1,11.2273
squats,3,10.5342
squatting,3,10.5342
squeak,3,10.5342
squeaking,3,10.5342
squeaky,1,11.2273
squeeze,3,10.5342
squib,1,11.2273
squibs,1,11.2273
squid,11,9.4357
squids,11,9.4357
squidward,3,10.5342
squiggy,1,11.2273
squill,1,11.2273
squire,2,10.8218
squirrel,17,9.0304
squirrelflight,1,11.2273
squirrels,17,9.0304
squirt,2,10.8218
squirting,2,10.8218
squishy,1,11.2273
sr,16,9.0875
sri,24,8.702
srinagar,1,11.2273
srinivasan,1,11.2273
sriracha,1,11.2273
srt,1,11.2273
ss,4,10.3111
ssbns,1,11.2273
ssn,1,11.2273
st,186,6.6927
st2,1,11.2273
staaten,1,11.2273
stab,11,9.4357
stabbed,11,9.4357
stability,7,9.8411
stabilizing,2,10.8218
stable,7,9.8411
stabs,11,9.4357
stacey,4,10.3111
staci,8,9.7233
stacks,1,11.2273
stacy,8,9.7233
stadium,47,8.0501
stadiums,47,8.0501
staehle,1,11.2273
staff,19,8.925
staffed,1,11.2273
stafford,1,11.2273
staffordshire,2,10.8218
stag,78,7.5524
stage,78,7.5524
stagecoach,2,10.8218
staged,78,7.5524
stagefright,1,11.2273
stages,78,7.5524
staggering,3,10.5342
staggers,3,10.5342
stahl,3,10.5342
stained,4,10.3111
staining,4,10.3111
stainless,3,10.5342
stains,4,10.3111
staircase,3,10.5342
stairs,4,10.3111
stairway,6,9.9746
stake,7,9.8411
staked,7,9.8411
stalagmite,1,11.2273
stale,2,10.8218
staley,3,10.5342
staleys,3,10.5342
stalin,23,8.7428
stalingrad,5,10.1288
stalinism,23,8.7428
stalinist,2,10.8218
stalins,23,8.7428
stalk,6,9.9746
stalker,12,9.3557
stalkers,12,9.3557
stalking,6,9.9746
stalks,6,9.9746
stallion,3,10.5342
stallman,2,10.8218
stallone,33,8.3947
stallones,33,8.3947
stamford,4,10.3111
stamina,2,10.8218
stammering,2,10.8218
stammers,2,10.8218
stamos,9,9.618
stamotopoulos,1,11.2273
stamp,12,9.3557
stamped,12,9.3557
stamper,2,10.8218
stamps,12,9.3557
stan,22,8.7853
stance,1,11.2273
stand,188,6.6821
standard,34,8.3657
standardized,34,8.3657
standards,34,8.3657
standby,1,11.2273
standing,188,6.6821
standish,1,11.2273
standoff,1,11.2273
stands,188,6.6821
standup,1,11.2273
stanely,22,8.7853
stanford,7,9.8411
stang,1,11.2273
stanislaus,1,11.2273
stanislavski,1,11.2273
stanislavsky,1,11.2273
stankonia,1,11.2273
stanley,67,7.7021
stanleys,67,7.7021
stans,22,8.7853
stanton,2,10.8218
stantz,1,11.2273
stanwyk,5,10.1288
stanwyks,5,10.1288
stanza,4,10.3111
stanzas,4,10.3111
staple,4,10.3111
stapler,1,11.2273
staples,4,10.3111
star,1484,4.6437
starbright,2,10.8218
starbuck,4,10.3111
starbucks,4,10.3111
starburst,1,11.2273
starch,1,11.2273
stardom,6,9.9746
stardust,3,10.5342
stare,1484,4.6437
stared,1484,4.6437
starfighter,1,11.2273
starfish,12,9.3557
starfleet,1,11.2273
starflower,1,11.2273
stargate,15,9.1481
stargates,15,9.1481
staring,1484,4.6437
stark,5,10.1288
starkey,1,11.2273
starkist,1,11.2273
starlets,1,11.2273
starlighters,1,11.2273
starling,5,10.1288
starr,10,9.5227
starrcade,1,11.2273
starred,1484,4.6437
starring,1484,4.6437
starrs,10,9.5227
stars,1484,4.6437
starsberg,2,10.8218
starship,7,9.8411
starsky,14,9.2126
starstuff,1,11.2273
start,360,6.038
startcraft,1,11.2273
started,360,6.038
startgate,1,11.2273
starting,360,6.038
startled,3,10.5342
startling,3,10.5342
starts,360,6.038
starved,3,10.5342
starving,3,10.5342
stash,2,10.8218
stashed,2,10.8218
stasis,1,11.2273
state,1318,4.7593
stated,1318,4.7593
statehood,3,10.5342
stately,1318,4.7593
statement,518,5.6778
statements,518,5.6778
staten,2,10.8218
states,1318,4.7593
statesman,10,9.5227
statesmen,1,11.2273
statham,1,11.2273
static,3,10.5342
stating,1318,4.7593
statio,1,11.2273
station,51,7.9701
stationary,2,10.8218
stationed,51,7.9701
stationery,1,11.2273
stations,51,7.9701
statistical,13,9.2816
statistically,13,9.2816
statistics,13,9.2816
statler,1,11.2273
statue,82,7.5031
statues,82,7.5031
statuette,2,10.8218
stature,3,10.5342
status,82,7.5031
staubach,1,11.2273
staunch,1,11.2273
stavro,3,10.5342
stavros,3,10.5342
stax,1,11.2273
stay,47,8.0501
stayed,47,8.0501
staying,47,8.0501
stayman,1,11.2273
stays,47,8.0501
steadfast,1,11.2273
steadfastly,1,11.2273
steadily,2,10.8218
steadiness,4,10.3111
steady,4,10.3111
steak,3,10.5342
steal,32,8.4245
stealers,1,11.2273
stealing,32,8.4245
steals,32,8.4245
stealth,3,10.5342
steam,9,9.618
steamboat,3,10.5342
steambot,1,11.2273
steamer,1,11.2273
steaming,9,9.618
steamlords,1,11.2273
steamship,1,11.2273
stecchino,1,11.2273
steed,2,10.8218
steel,35,8.3375
steele,35,8.3375
steelers,26,8.6251
steely,10,9.5227
steep,3,10.5342
steepest,1,11.2273
steeping,3,10.5342
steeplechase,1,11.2273
steer,2,10.8218
steering,2,10.8218
stef,2,10.8218
stefan,2,10.8218
stefani,8,9.7233
stefanis,8,9.7233
stefano,4,10.3111
stefanos,4,10.3111
steffens,1,11.2273
steffi,2,10.8218
steganography,1,11.2273
stegasaurus,1,11.2273
steger,1,11.2273
stegosaurids,1,11.2273
stegosaurus,13,9.2816
stein,3,10.5342
steinbeck,17,9.0304
steinbecks,17,9.0304
steinbrenner,2,10.8218
steineckert,1,11.2273
steiner,1,11.2273
steinitz,1,11.2273
stella,14,9.2126
stellan,1,11.2273
stellar,4,10.3111
stellaseitz,1,11.2273
stem,6,9.9746
stemming,6,9.9746
stemple,1,11.2273
stems,6,9.9746
stench,1,11.2273
stendhal,1,11.2273
stenophobia,1,11.2273
step,45,8.0926
stepbrother,1,11.2273
stepfather,2,10.8218
stepford,1,11.2273
stephanie,25,8.6628
stephanies,25,8.6628
stephano,1,11.2273
stephen,108,7.231
stephens,108,7.231
stephenson,1,11.2273
stephenss,1,11.2273
stepmother,5,10.1288
steppat,1,11.2273
steppe,1,11.2273
stepped,45,8.0926
steppenwolf,1,11.2273
steppin,1,11.2273
stepping,45,8.0926
steps,45,8.0926
stepsister,2,10.8218
stepsisters,2,10.8218
stepson,2,10.8218
sterberger,1,11.2273
stereoblindness,1,11.2273
stereopsis,1,11.2273
stereotype,1,11.2273
sterility,5,10.1288
sterilization,5,10.1288
sterilized,5,10.1288
sterling,3,10.5342
stern,13,9.2816
sternberg,2,10.8218
sternberga,1,11.2273
sterns,13,9.2816
sternum,1,11.2273
steroids,1,11.2273
sterreich,2,10.8218
stettin,1,11.2273
steve,168,6.7936
steveland,1,11.2273
steven,78,7.5524
stevens,78,7.5524
stevenson,6,9.9746
steves,168,6.7936
stevie,20,8.8763
stevin,2,10.8218
stew,7,9.8411
stewardess,2,10.8218
stewart,32,8.4245
stewarts,32,8.4245
stewie,10,9.5227
stewies,10,9.5227
stewing,7,9.8411
stich,1,11.2273
stick,24,8.702
sticker,1,11.2273
sticking,24,8.702
sticks,24,8.702
sticky,3,10.5342
stieb,1,11.2273
stieg,1,11.2273
stiffest,1,11.2273
stiffness,1,11.2273
stifle,1,11.2273
stiglitz,2,10.8218
stigma,1,11.2273
stigmata,1,11.2273
stiles,2,10.8218
still,82,7.5031
stillborn,1,11.2273
stiller,15,9.1481
stillers,15,9.1481
stillman,2,10.8218
stills,82,7.5031
stillwater,2,10.8218
stillwell,1,11.2273
stilt,3,10.5342
stilton,2,10.8218
stimpy,1,11.2273
stimulant,13,9.2816
stimulate,13,9.2816
stimulated,13,9.2816
stimulates,13,9.2816
stimulating,13,9.2816
stimulation,13,9.2816
sting,16,9.0875
stinging,16,9.0875
stingray,3,10.5342
stings,16,9.0875
stinkers,1,11.2273
stinking,2,10.8218
stinks,2,10.8218
stinky,2,10.8218
stint,3,10.5342
stipe,2,10.8218
stipulation,1,11.2273
stir,14,9.2126
stirred,14,9.2126
stirring,14,9.2126
stitch,10,9.5227
stitching,10,9.5227
stivic,2,10.8218
stllwater,1,11.2273
sto,1,11.2273
stock,16,9.0875
stockard,3,10.5342
stockbroker,1,11.2273
stocketts,1,11.2273
stockholder,1,11.2273
stockholm,12,9.3557
stocking,16,9.0875
stockings,16,9.0875
stocky,1,11.2273
stoddard,1,11.2273
stodola,1,11.2273
stojko,1,11.2273
stoke,1,11.2273
stoker,7,9.8411
stokers,7,9.8411
stole,22,8.7853
stolen,14,9.2126
stollen,1,11.2273
stoller,1,11.2273
stoltz,1,11.2273
stolypin,1,11.2273
stomach,24,8.702
stomachs,24,8.702
stomp,3,10.5342
stomped,3,10.5342
stone,227,6.4952
stoned,227,6.4952
stonefish,2,10.8218
stonehenge,2,10.8218
stoner,1,11.2273
stones,227,6.4952
stonewall,14,9.2126
stoneware,1,11.2273
stood,12,9.3557
stooges,11,9.4357
stool,1,11.2273
stoop,1,11.2273
stop,79,7.5398
stoplight,1,11.2273
stoppages,1,11.2273
stopped,79,7.5398
stopper,1,11.2273
stoppin,1,11.2273
stopping,79,7.5398
stops,79,7.5398
stor,66,7.7169
storage,3,10.5342
storch,2,10.8218
store,66,7.7169
stored,66,7.7169
storekeeper,1,11.2273
stores,66,7.7169
storey,3,10.5342
storeys,3,10.5342
stories,345,6.0802
storing,66,7.7169
stork,5,10.1288
storks,5,10.1288
storm,57,7.861
stormage,1,11.2273
stormd,2,10.8218
stormed,57,7.861
storming,57,7.861
stormkit,1,11.2273
stormrage,2,10.8218
storms,57,7.861
stormtail,1,11.2273
stormtroopers,1,11.2273
stormwind,1,11.2273
story,345,6.0802
storyboarded,1,11.2273
storyline,8,9.7233
storyteller,11,9.4357
storytellers,11,9.4357
storytelling,11,9.4357
stottlemeyer,1,11.2273
stout,2,10.8218
stouts,2,10.8218
stove,3,10.5342
stovetop,1,11.2273
stowing,1,11.2273
strabotomy,1,11.2273
strada,1,11.2273
stradonice,1,11.2273
straight,31,8.4552
straighten,3,10.5342
straihtirn,1,11.2273
strain,5,10.1288
strained,5,10.1288
strains,5,10.1288
strait,23,8.7428
straits,23,8.7428
strand,10,9.5227
stranded,10,9.5227
stranding,10,9.5227
strang,39,8.2322
strange,39,8.2322
strangelove,1,11.2273
strangely,39,8.2322
stranger,19,8.925
strangers,19,8.925
strangled,1,11.2273
stranglehold,1,11.2273
strangler,1,11.2273
strank,1,11.2273
straordinario,1,11.2273
strap,3,10.5342
strapped,3,10.5342
straps,3,10.5342
strasberg,10,9.5227
strasbergs,10,9.5227
strasbourg,2,10.8218
strassberg,1,11.2273
strassedarfter,1,11.2273
strasser,1,11.2273
strassman,1,11.2273
strata,1,11.2273
strategic,6,9.9746
strategics,6,9.9746
strategist,2,10.8218
strategy,18,8.9763
stratford,3,10.5342
stratocaster,1,11.2273
stratofortresses,1,11.2273
stratovolcano,1,11.2273
stratton,1,11.2273
stratus,1,11.2273
straub,3,10.5342
strauss,8,9.7233
stravinski,3,10.5342
stravinsky,3,10.5342
straw,6,9.9746
strawberries,21,8.8298
strawberry,21,8.8298
strawhat,2,10.8218
straws,6,9.9746
stray,1,11.2273
streak,10,9.5227
streaks,10,9.5227
stream,6,9.9746
streaming,6,9.9746
streams,6,9.9746
streep,35,8.3375
streeps,35,8.3375
street,123,7.1024
streetcar,3,10.5342
streetcars,3,10.5342
streets,123,7.1024
strega,1,11.2273
streisand,18,8.9763
streisands,18,8.9763
strength,24,8.702
strengths,24,8.702
strenuous,1,11.2273
stress,8,9.7233
stressed,8,9.7233
stresses,8,9.7233
stressin,2,10.8218
stretch,16,9.0875
stretched,16,9.0875
stretcher,1,11.2273
stretches,16,9.0875
stretching,16,9.0875
strezlecki,1,11.2273
striated,1,11.2273
stricken,1,11.2273
strickland,2,10.8218
stricklands,2,10.8218
stricle,1,11.2273
strict,7,9.8411
strictly,6,9.9746
stride,3,10.5342
strike,37,8.2835
strikeout,4,10.3111
strikeouts,4,10.3111
striker,3,10.5342
strikers,3,10.5342
strikes,37,8.2835
striking,37,8.2835
strikingly,1,11.2273
string,25,8.6628
stringed,25,8.6628
strings,25,8.6628
strip,98,7.3271
stripe,98,7.3271
striped,98,7.3271
stripes,98,7.3271
stripped,98,7.3271
stripper,6,9.9746
strippers,6,9.9746
strips,98,7.3271
striptease,1,11.2273
strite,1,11.2273
strives,1,11.2273
strnad,1,11.2273
strode,1,11.2273
stroganov,1,11.2273
stroke,28,8.5536
strokes,28,8.5536
stroll,1,11.2273
strollway,1,11.2273
stromatolites,2,10.8218
stromboli,1,11.2273
strong,41,8.1835
strongbow,1,11.2273
stronger,12,9.3557
strongest,11,9.4357
strongly,5,10.1288
strontium,1,11.2273
stroup,2,10.8218
struck,21,8.8298
structural,39,8.2322
structure,39,8.2322
structures,39,8.2322
struggle,17,9.0304
struggled,17,9.0304
struggles,17,9.0304
struggling,17,9.0304
strummer,1,11.2273
strumpet,1,11.2273
strunk,1,11.2273
strut,2,10.8218
strutter,1,11.2273
strutting,2,10.8218
struve,9,9.618
strychnine,1,11.2273
stu,1,11.2273
stuart,7,9.8411
stubb,4,10.3111
stubbed,4,10.3111
stubborn,1,11.2273
stubbs,4,10.3111
stubing,4,10.3111
stubings,4,10.3111
stubs,4,10.3111
stuck,10,9.5227
studd,1,11.2273
studdard,1,11.2273
studded,1,11.2273
student,85,7.4676
students,85,7.4676
studied,185,6.698
studies,185,6.698
studio,47,8.0501
studios,47,8.0501
studni,1,11.2273
study,185,6.698
studying,185,6.698
stuff,9,9.618
stuffed,10,9.5227
stuffing,10,9.5227
stuffs,9,9.618
stuffy,1,11.2273
stukov,2,10.8218
stukovs,2,10.8218
stumble,4,10.3111
stumbled,4,10.3111
stumbles,4,10.3111
stung,3,10.5342
stunned,6,9.9746
stunning,6,9.9746
stunt,5,10.1288
stuntman,3,10.5342
stuntmen,1,11.2273
stunts,5,10.1288
stupid,18,8.9763
stupidity,18,8.9763
stupify,1,11.2273
sturdy,1,11.2273
sturgeon,1,11.2273
sturges,2,10.8218
sturgess,2,10.8218
sturgis,7,9.8411
stuttering,2,10.8218
stuyvesant,1,11.2273
styks,1,11.2273
style,77,7.5651
stylebook,1,11.2273
styled,77,7.5651
styles,77,7.5651
stylish,1,11.2273
stylist,5,10.1288
stylistics,5,10.1288
stylists,5,10.1288
stylites,1,11.2273
stylized,3,10.5342
stylus,1,11.2273
styorrhea,1,11.2273
styx,23,8.7428
su,27,8.5887
su4,1,11.2273
suarez,4,10.3111
suave,1,11.2273
sub,15,9.1481
subarachnoid,1,11.2273
subconscious,1,11.2273
subcontinent,1,11.2273
subculture,2,10.8218
subdivided,1,11.2273
subdivision,1,11.2273
subdue,1,11.2273
subfamily,1,11.2273
subfield,1,11.2273
subject,57,7.861
subjected,57,7.861
subjectivism,1,11.2273
subjects,57,7.861
subjugate,1,11.2273
sublets,1,11.2273
sublimation,8,9.7233
sublime,8,9.7233
sublimes,8,9.7233
subliminal,1,11.2273
submachine,1,11.2273
submarine,37,8.2835
submarines,37,8.2835
submerged,2,10.8218
submission,1,11.2273
submit,3,10.5342
submitted,3,10.5342
submitting,3,10.5342
submolecular,1,11.2273
subnet,1,11.2273
subordinate,1,11.2273
subrealism,1,11.2273
subroutines,1,11.2273
subscriber,1,11.2273
subscriptions,1,11.2273
subsequent,5,10.1288
subsequently,5,10.1288
subsidiary,4,10.3111
subsidies,1,11.2273
subsistence,1,11.2273
subspace,1,11.2273
subspecies,16,9.0875
substance,48,8.0295
substances,48,8.0295
substandard,1,11.2273
substantial,4,10.3111
substantially,4,10.3111
substantive,1,11.2273
substitute,5,10.1288
subterranean,1,11.2273
subtitle,5,10.1288
subtitled,5,10.1288
subtle,8,9.7233
subtopics,1,11.2273
subtract,1,11.2273
subtropical,1,11.2273
subunits,1,11.2273
suburb,7,9.8411
suburban,1,11.2273
suburbs,7,9.8411
subway,10,9.5227
subways,10,9.5227
succeed,9,9.618
succeeded,19,8.925
succeeding,19,8.925
success,158,6.8544
successes,158,6.8544
successful,158,6.8544
successfully,13,9.2816
succession,158,6.8544
successor,13,9.2816
successors,13,9.2816
successul,1,11.2273
succubus,1,11.2273
succubuses,1,11.2273
succumbed,2,10.8218
such,94,7.3682
suchard,1,11.2273
suchet,1,11.2273
suck,10,9.5227
sucka,1,11.2273
sucked,10,9.5227
sucker,2,10.8218
sucking,10,9.5227
suckled,2,10.8218
suckling,2,10.8218
sucks,10,9.5227
sucre,5,10.1288
sucrose,1,11.2273
sudakis,1,11.2273
sudan,28,8.5536
sudanese,4,10.3111
sudden,8,9.7233
suddenly,16,9.0875
sudetes,2,10.8218
sudoku,3,10.5342
sudoriferous,1,11.2273
sudre,1,11.2273
sue,27,8.5887
suea,1,11.2273
sued,27,8.5887
suede,3,10.5342
suess,2,10.8218
suetonius,1,11.2273
suey,3,10.5342
suez,4,10.3111
suffer,64,7.7472
suffered,64,7.7472
suffering,64,7.7472
suffers,64,7.7472
sufficiency,2,10.8218
sufficient,2,10.8218
suffix,9,9.618
suffixes,9,9.618
suffocated,2,10.8218
suffocating,2,10.8218
suffolk,1,11.2273
suffrage,2,10.8218
suffragette,1,11.2273
suffragist,1,11.2273
suffreing,1,11.2273
sufi,4,10.3111
suga,1,11.2273
sugababes,12,9.3557
sugar,70,7.659
sugarcane,1,11.2273
sugarhill,5,10.1288
sugarland,2,10.8218
sugarloaf,1,11.2273
sugars,70,7.659
suggest,15,9.1481
suggested,15,9.1481
suggesting,15,9.1481
suggests,15,9.1481
suggs,1,11.2273
suicidal,44,8.1146
suicide,44,8.1146
suicides,44,8.1146
suigetsu,1,11.2273
suit,45,8.0926
suitable,10,9.5227
suitcase,3,10.5342
suite,45,8.0926
suited,45,8.0926
suits,45,8.0926
sukhoi,1,11.2273
sukhumi,1,11.2273
sukkot,2,10.8218
suleiman,1,11.2273
sulfate,1,11.2273
sulfur,4,10.3111
sulleys,1,11.2273
sullivan,24,8.702
sullivans,24,8.702
sully,1,11.2273
sultan,12,9.3557
sultanate,12,9.3557
sultans,12,9.3557
sultry,5,10.1288
sum,11,9.4357
sumac,1,11.2273
sumatera,1,11.2273
sumatra,5,10.1288
sumatran,4,10.3111
sumbawa,1,11.2273
sumeria,1,11.2273
sumerian,6,9.9746
sumerians,6,9.9746
sumerkin,1,11.2273
summa,1,11.2273
summation,1,11.2273
summed,11,9.4357
summer,148,6.9191
summerfest,2,10.8218
summerland,2,10.8218
summers,148,6.9191
summerscience,1,11.2273
summerside,1,11.2273
summerslam,18,8.9763
summersville,1,11.2273
summertime,9,9.618
summit,7,9.8411
summon,8,9.7233
summoned,8,9.7233
summoner,8,9.7233
summons,8,9.7233
sumner,4,10.3111
sumo,2,10.8218
sums,11,9.4357
sumter,1,11.2273
sun,173,6.7645
sunbeam,1,11.2273
sundae,1,11.2273
sundance,9,9.618
sundanese,1,11.2273
sunday,31,8.4552
sundback,1,11.2273
sundown,1,11.2273
sunfall,2,10.8218
sunflower,11,9.4357
sunflowers,11,9.4357
sung,36,8.3102
sunglasses,4,10.3111
sunk,4,10.3111
sunken,1,11.2273
sunlight,1,11.2273
sunni,12,9.3557
sunny,12,9.3557
sunnydale,9,9.618
sunrise,7,9.8411
suns,173,6.7645
sunset,6,9.9746
sunshine,40,8.2076
sunshiny,1,11.2273
sunspot,2,10.8218
sunt,1,11.2273
suntan,1,11.2273
suomen,2,10.8218
suomi,1,11.2273
sup,1,11.2273
super,153,6.8862
superb,1,11.2273
superbad,10,9.5227
superbia,1,11.2273
supercalifragilisticexpialidocious,1,11.2273
supercell,1,11.2273
supercomputer,1,11.2273
supercomputing,1,11.2273
supercontinent,1,11.2273
superexpensive,3,10.5342
superficial,2,10.8218
superficiality,2,10.8218
superfine,1,11.2273
superfly,1,11.2273
superfood,1,11.2273
supergate,1,11.2273
supergiant,2,10.8218
superglue,1,11.2273
supergroup,4,10.3111
supergun,2,10.8218
superguys,1,11.2273
superhero,31,8.4552
superheroes,31,8.4552
superheros,31,8.4552
superhuman,1,11.2273
superinsulated,1,11.2273
superintelligent,1,11.2273
superintendent,5,10.1288
superintendents,5,10.1288
superior,13,9.2816
superjudge,1,11.2273
superladies,1,11.2273
superliner,1,11.2273
superman,33,8.3947
supermans,33,8.3947
supermarket,6,9.9746
supermarkets,6,9.9746
supermassive,1,11.2273
supermodel,19,8.925
supermodels,19,8.925
supernatural,21,8.8298
supernova,3,10.5342
superorder,1,11.2273
superpower,2,10.8218
superpowers,2,10.8218
supersize,1,11.2273
supersleuths,1,11.2273
supersonic,2,10.8218
supersonics,2,10.8218
superstar,15,9.1481
superstition,6,9.9746
superstitions,6,9.9746
supertaster,1,11.2273
supertough,1,11.2273
supertramp,1,11.2273
superunknown,1,11.2273
supervised,1,11.2273
supervisor,5,10.1288
supervolcano,1,11.2273
superwoman,1,11.2273
suposedly,1,11.2273
supper,4,10.3111
supplement,2,10.8218
supplements,2,10.8218
supplied,19,8.925
supplies,19,8.925
supply,19,8.925
supplying,19,8.925
support,70,7.659
supported,70,7.659
supporter,70,7.659
supporters,70,7.659
supporting,70,7.659
supportive,70,7.659
supports,70,7.659
suppose,35,8.3375
supposed,35,8.3375
supposedly,18,8.9763
supra,1,11.2273
suprema,1,11.2273
supremacy,4,10.3111
supreme,41,8.1835
supremes,41,8.1835
supremo,1,11.2273
sur,29,8.5197
surabachi,1,11.2273
sure,29,8.5197
surely,29,8.5197
suresh,1,11.2273
surface,59,7.8271
surfaced,59,7.8271
surfaces,59,7.8271
surfer,2,10.8218
surfing,4,10.3111
surge,1,11.2273
surgeon,12,9.3557
surgeons,12,9.3557
surgery,20,8.8763
surgical,10,9.5227
surgut,1,11.2273
suricate,1,11.2273
surinam,7,9.8411
suriname,7,9.8411
surinamese,1,11.2273
surly,1,11.2273
surname,25,8.6628
surnames,25,8.6628
surpass,2,10.8218
surpassed,2,10.8218
surplus,1,11.2273
surprise,12,9.3557
surprised,12,9.3557
surprises,12,9.3557
surprisingly,3,10.5342
surreal,12,9.3557
surrealism,12,9.3557
surrealist,1,11.2273
surrender,18,8.9763
surrendered,18,8.9763
surrenders,18,8.9763
surrey,2,10.8218
surround,28,8.5536
surrounded,28,8.5536
surrounding,28,8.5536
surroundings,28,8.5536
surrounds,28,8.5536
surstromming,1,11.2273
survey,9,9.618
surveyed,9,9.618
surveying,9,9.618
surveyor,3,10.5342
survival,57,7.861
survive,57,7.861
survived,57,7.861
survives,57,7.861
surviving,57,7.861
survivor,23,8.7428
survivors,23,8.7428
susa,1,11.2273
susan,62,7.7784
susanna,2,10.8218
susannah,10,9.5227
susans,62,7.7784
susceptible,1,11.2273
sushi,5,10.1288
sushil,1,11.2273
susie,2,10.8218
susies,2,10.8218
suspect,13,9.2816
suspected,13,9.2816
suspects,13,9.2816
suspectum,1,11.2273
suspended,7,9.8411
suspense,9,9.618
suspension,9,9.618
suspicion,1,11.2273
suspicious,1,11.2273
suspiria,1,11.2273
susquehanna,2,10.8218
sussex,5,10.1288
sustain,3,10.5342
sustained,3,10.5342
sustenance,1,11.2273
sutherland,18,8.9763
sutherlands,18,8.9763
sutra,3,10.5342
suttungr,1,11.2273
suv,1,11.2273
suva,5,10.1288
suvorov,1,11.2273
sux,1,11.2273
suzamur,1,11.2273
suzanne,12,9.3557
suzi,5,10.1288
suzie,5,10.1288
suzune,1,11.2273
suzy,5,10.1288
svarog,1,11.2273
svat,1,11.2273
svedhem,1,11.2273
sven,1,11.2273
svensson,1,11.2273
sverige,2,10.8218
svetlana,1,11.2273
svetochka,1,11.2273
svidanya,1,11.2273
svu,2,10.8218
svyatorichter,1,11.2273
swahili,6,9.9746
swale,1,11.2273
swallow,24,8.702
swallowed,24,8.702
swallowing,24,8.702
swallows,24,8.702
swam,4,10.3111
swamp,4,10.3111
swampland,1,11.2273
swamps,4,10.3111
swan,13,9.2816
swanee,1,11.2273
swanhilda,1,11.2273
swann,1,11.2273
swans,13,9.2816
swansea,1,11.2273
swanson,5,10.1288
swanton,1,11.2273
swap,1,11.2273
swarm,1,11.2273
swartzenheimer,1,11.2273
swastika,1,11.2273
swat,4,10.3111
sway,1,11.2273
swayze,23,8.7428
swayzes,23,8.7428
swaziland,2,10.8218
swazye,1,11.2273
swear,10,9.5227
swears,10,9.5227
sweat,14,9.2126
sweater,1,11.2273
sweathog,2,10.8218
sweathogs,2,10.8218
sweating,14,9.2126
sweatman,1,11.2273
swede,1,11.2273
sweden,49,8.0093
swedenborg,10,9.5227
swedish,40,8.2076
sweeney,3,10.5342
sweeper,1,11.2273
sweeping,1,11.2273
sweet,85,7.4676
sweetened,2,10.8218
sweetener,2,10.8218
sweetest,6,9.9746
sweetheart,1,11.2273
sweetness,85,7.4676
sweets,85,7.4676
swell,4,10.3111
swellhead,1,11.2273
swelling,4,10.3111
swenson,1,11.2273
swept,4,10.3111
swerve,1,11.2273
swiecin,1,11.2273
swift,9,9.618
swiftly,1,11.2273
swiftness,9,9.618
swifts,9,9.618
swim,39,8.2322
swimmer,9,9.618
swimmers,9,9.618
swimming,39,8.2322
swims,39,8.2322
swimsuit,1,11.2273
swindle,1,11.2273
swine,1,11.2273
swing,17,9.0304
swingers,1,11.2273
swingin,1,11.2273
swinging,17,9.0304
swingman,1,11.2273
swingtown,1,11.2273
swinhoes,1,11.2273
swirls,1,11.2273
swishbert,1,11.2273
swishing,1,11.2273
swiss,25,8.6628
switch,25,8.6628
switchblade,1,11.2273
switched,25,8.6628
switches,25,8.6628
switching,25,8.6628
switzerland,55,7.8961
swivel,1,11.2273
swollen,3,10.5342
swoosh,1,11.2273
sword,26,8.6251
swordfish,3,10.5342
swords,26,8.6251
swordsman,1,11.2273
swore,2,10.8218
sworn,2,10.8218
swum,2,10.8218
swung,1,11.2273
swv,1,11.2273
sx,1,11.2273
sy1,1,11.2273
sybarite,1,11.2273
sybill,1,11.2273
sycorax,2,10.8218
syd,6,9.9746
sydney,15,9.1481
sydneys,15,9.1481
sykes,2,10.8218
sykess,1,11.2273
sylar,3,10.5342
syldavian,1,11.2273
sylhet,1,11.2273
syllable,2,10.8218
syllables,2,10.8218
sylph,2,10.8218
sylphide,1,11.2273
sylvan,3,10.5342
sylvester,34,8.3657
sylvia,7,9.8411
sylvias,7,9.8411
symbiote,2,10.8218
symbiotic,2,10.8218
symbol,169,6.7877
symbolic,169,6.7877
symbolically,169,6.7877
symbolism,169,6.7877
symbolize,169,6.7877
symbolized,169,6.7877
symbolizes,169,6.7877
symbolizing,169,6.7877
symbology,1,11.2273
symbols,169,6.7877
symone,1,11.2273
sympathetic,1,11.2273
sympathizer,1,11.2273
sympathy,5,10.1288
symphonic,4,10.3111
symphonie,40,8.2076
symphonies,40,8.2076
symphony,40,8.2076
symposium,1,11.2273
symptom,18,8.9763
symptoms,18,8.9763
synagogue,3,10.5342
synagogues,3,10.5342
synanon,1,11.2273
sync,5,10.1288
synchronization,4,10.3111
synchronized,4,10.3111
synchronizing,4,10.3111
synchrotron,1,11.2273
syncs,5,10.1288
syndactyly,1,11.2273
syndicate,5,10.1288
syndicated,5,10.1288
syndication,5,10.1288
syndrome,8,9.7233
synergy,1,11.2273
synesthesia,1,11.2273
syng,2,10.8218
synonym,26,8.6251
synonymic,26,8.6251
synonymous,26,8.6251
synonyms,26,8.6251
synophrys,1,11.2273
syntactic,2,10.8218
syntax,1,11.2273
synthesis,1,11.2273
synthesize,8,9.7233
synthesized,8,9.7233
synthesizer,8,9.7233
synthetic,5,10.1288
synthroid,1,11.2273
syonan,1,11.2273
syphilis,1,11.2273
syracuse,4,10.3111
syreeta,1,11.2273
syria,7,9.8411
syrian,3,10.5342
syrinx,1,11.2273
syrkle,1,11.2273
syrup,10,9.5227
sys,2,10.8218
syst,1,11.2273
system,210,6.5724
systematic,1,11.2273
systemic,210,6.5724
systems,210,6.5724
syzygy,2,10.8218
sz370,1,11.2273
szabados,1,11.2273
szczerbiak,1,11.2273
szpilman,1,11.2273
t,126,7.0785
t100,1,11.2273
ta,2,10.8218
taal,3,10.5342
tab,2,10.8218
tabby,2,10.8218
tabei,3,10.5342
tabernacle,1,11.2273
tabitha,2,10.8218
table,56,7.8784
tables,56,7.8784
tablespoon,1,11.2273
tablet,2,10.8218
tablets,2,10.8218
tabloid,2,10.8218
taboo,3,10.5342
tabor,6,9.9746
tabors,6,9.9746
tabulating,2,10.8218
tabuu,1,11.2273
tac,2,10.8218
taceo,1,11.2273
tachophobia,2,10.8218
tachy,1,11.2273
tackle,2,10.8218
tacky,1,11.2273
taco,5,10.1288
tacoma,1,11.2273
tacos,5,10.1288
tactic,8,9.7233
tactical,8,9.7233
tactics,8,9.7233
taekwondo,1,11.2273
taffy,1,11.2273
taft,6,9.9746
tag,35,8.3375
tagalog,13,9.2816
tagalogs,13,9.2816
taggart,5,10.1288
tagged,35,8.3375
tagging,35,8.3375
tagliabue,1,11.2273
tagline,22,8.7853
tags,35,8.3375
taguchi,1,11.2273
tagus,3,10.5342
tah,1,11.2273
tahiem,1,11.2273
tahiti,2,10.8218
tahitian,1,11.2273
tahoe,2,10.8218
tai,1,11.2273
tail,43,8.137
tailed,43,8.137
tailor,11,9.4357
tailored,11,9.4357
tailors,11,9.4357
tailplane,1,11.2273
tails,43,8.137
taim,2,10.8218
taime,2,10.8218
taino,4,10.3111
tainted,1,11.2273
taipei,2,10.8218
taishan,1,11.2273
taito,1,11.2273
taiwan,16,9.0875
taiwanese,2,10.8218
taiyaki,1,11.2273
taizu,1,11.2273
taj,14,9.2126
tajikistan,2,10.8218
tajikistani,1,11.2273
tajo,1,11.2273
taka,1,11.2273
takaishuji,1,11.2273
takamakura,1,11.2273
take,383,5.9767
taken,68,7.6875
takeout,1,11.2273
taker,5,10.1288
takers,5,10.1288
takes,383,5.9767
taki,1,11.2273
takin,1,11.2273
taking,383,5.9767
takoff,1,11.2273
tal,87,7.4447
tala,1,11.2273
talang,1,11.2273
talc,1,11.2273
tale,87,7.4447
talent,58,7.8439
talented,58,7.8439
talents,58,7.8439
tales,87,7.4447
talfah,1,11.2273
talia,2,10.8218
taliaferro,1,11.2273
taliban,2,10.8218
talinn,1,11.2273
talisman,5,10.1288
talismans,5,10.1288
talk,117,7.1518
talkative,117,7.1518
talked,117,7.1518
talker,1,11.2273
talkie,2,10.8218
talkin,9,9.618
talking,117,7.1518
talks,117,7.1518
tall,63,7.7627
talladega,10,9.5227
tallahassee,2,10.8218
tallarico,1,11.2273
tallent,1,11.2273
taller,3,10.5342
tallest,27,8.5887
tallinn,3,10.5342
talmadge,1,11.2273
talmud,2,10.8218
talon,2,10.8218
talpa,1,11.2273
tam,10,9.5227
tama,1,11.2273
tamaulipas,1,11.2273
tambien,2,10.8218
tambora,1,11.2273
tambourine,2,10.8218
tambourlaine,1,11.2273
tamburello,1,11.2273
tame,10,9.5227
tamed,10,9.5227
tamera,2,10.8218
tami,1,11.2273
tamias,1,11.2273
tamil,1,11.2273
taming,10,9.5227
tamkin,1,11.2273
tammany,2,10.8218
tammy,3,10.5342
tampa,8,9.7233
tampico,1,11.2273
tan,4,10.3111
tanach,1,11.2273
tanaka,1,11.2273
tanakh,1,11.2273
tandoori,1,11.2273
tandy,1,11.2273
tang,4,10.3111
tanganyika,3,10.5342
tangela,1,11.2273
tangent,1,11.2273
tangerines,1,11.2273
tangled,2,10.8218
tango,6,9.9746
tangrowth,1,11.2273
tanit,1,11.2273
tank,20,8.8763
tanks,20,8.8763
tanna,1,11.2273
tannenbaum,1,11.2273
tanner,7,9.8411
tanners,7,9.8411
tansy,1,11.2273
tanto,1,11.2273
tantra,2,10.8218
tantric,1,11.2273
tanya,7,9.8411
tanzania,11,9.4357
tanzanian,2,10.8218
tanzi,2,10.8218
tanzie,2,10.8218
tao,2,10.8218
taoism,2,10.8218
taoist,1,11.2273
taos,2,10.8218
tap,23,8.7428
tape,23,8.7428
tapephobia,1,11.2273
tapes,23,8.7428
tapestry,2,10.8218
tapeti,1,11.2273
tapeworm,1,11.2273
taphephobia,1,11.2273
taphonomy,1,11.2273
tapio,1,11.2273
tapir,3,10.5342
tappahannock,1,11.2273
tappan,1,11.2273
tapped,23,8.7428
taps,23,8.7428
tapson,1,11.2273
taqiyah,1,11.2273
tar,2,10.8218
tara,8,9.7233
taracho,1,11.2273
taraka,1,11.2273
tarantino,20,8.8763
tarantinos,20,8.8763
tarantism,1,11.2273
tarantula,2,10.8218
taras,8,9.7233
tarasque,1,11.2273
tarator,1,11.2273
tarawa,1,11.2273
tareyton,1,11.2273
target,13,9.2816
targeted,13,9.2816
targets,13,9.2816
tariff,1,11.2273
tarja,2,10.8218
tarkin,2,10.8218
tarnishing,1,11.2273
tarot,2,10.8218
tarpon,1,11.2273
tarr,1,11.2273
tarriers,1,11.2273
tarsals,3,10.5342
tarta,1,11.2273
tartan,1,11.2273
tartuffe,2,10.8218
tarvos,1,11.2273
tarzan,7,9.8411
tarzans,7,9.8411
taser,1,11.2273
tasha,1,11.2273
tashkent,2,10.8218
tasimeter,1,11.2273
task,19,8.925
tasks,19,8.925
tasman,2,10.8218
tasmania,20,8.8763
tasmanian,14,9.2126
tasmantis,1,11.2273
tasse,1,11.2273
taste,36,8.3102
tasted,36,8.3102
tasteless,1,11.2273
tastes,36,8.3102
tasting,36,8.3102
tasty,2,10.8218
tatar,1,11.2273
tate,9,9.618
tates,9,9.618
tatlin,1,11.2273
tatlo,1,11.2273
tatooine,1,11.2273
tats,9,9.618
tattered,1,11.2273
tattoine,1,11.2273
tattoo,50,7.9895
tattooed,50,7.9895
tattooing,50,7.9895
tattoos,50,7.9895
tatum,1,11.2273
tau,1,11.2273
taught,25,8.6628
taunted,2,10.8218
taunts,2,10.8218
taupe,1,11.2273
taupin,1,11.2273
taureans,1,11.2273
taurum,1,11.2273
taurus,11,9.4357
tautology,2,10.8218
tautou,1,11.2273
tavares,1,11.2273
tave,1,11.2273
taverly,1,11.2273
tavern,5,10.1288
tavi,1,11.2273
tavingtons,1,11.2273
tawak,1,11.2273
tawaret,1,11.2273
tawneypelts,1,11.2273
tawni,5,10.1288
tawnis,5,10.1288
tawny,5,10.1288
tax,16,9.0875
taxes,16,9.0875
taxi,20,8.8763
taxicab,1,11.2273
taxidermy,1,11.2273
taxiing,20,8.8763
taxonomy,1,11.2273
taxpayer,1,11.2273
taygetos,1,11.2273
taylor,88,7.4334
taylormade,1,11.2273
taylors,88,7.4334
tb6,1,11.2273
tbc,1,11.2273
tbilisi,2,10.8218
tbm,1,11.2273
tbs,2,10.8218
tbsp,2,10.8218
tcb,1,11.2273
tchaikovsky,11,9.4357
tchaikovskys,11,9.4357
tcp,3,10.5342
te,16,9.0875
tea,41,8.1835
teabag,1,11.2273
teabing,2,10.8218
teach,35,8.3375
teacher,85,7.4676
teachers,85,7.4676
teaches,35,8.3375
teaching,35,8.3375
teachings,35,8.3375
teahouse,1,11.2273
tealc,3,10.5342
tealcs,3,10.5342
team,603,5.5277
teamed,603,5.5277
teaming,603,5.5277
teammate,4,10.3111
teammates,4,10.3111
teams,603,5.5277
teamsters,1,11.2273
teamwork,1,11.2273
teaneck,1,11.2273
teapot,1,11.2273
tear,36,8.3102
teardrop,2,10.8218
teardrops,2,10.8218
tearing,36,8.3102
tearjerker,1,11.2273
tears,36,8.3102
tease,7,9.8411
teased,7,9.8411
teaser,1,11.2273
teases,7,9.8411
teasing,7,9.8411
teaspoon,1,11.2273
teatro,1,11.2273
teats,1,11.2273
teau,1,11.2273
tebya,1,11.2273
tech,5,10.1288
techihhila,1,11.2273
technical,3,10.5342
technician,1,11.2273
technion,1,11.2273
technique,36,8.3102
techniques,36,8.3102
techno,1,11.2273
technological,21,8.8298
technologically,21,8.8298
technology,21,8.8298
technophobia,1,11.2273
techs,5,10.1288
tectonic,3,10.5342
tectonics,3,10.5342
ted,57,7.861
teddington,1,11.2273
teddy,19,8.925
teddys,19,8.925
tedious,1,11.2273
tedoro,1,11.2273
teds,57,7.861
tee,16,9.0875
teegers,1,11.2273
teeing,16,9.0875
teemu,2,10.8218
teen,42,8.16
teenage,51,7.9701
teenager,51,7.9701
teenagers,51,7.9701
teenie,1,11.2273
teens,42,8.16
tees,16,9.0875
teeth,41,8.1835
tef,1,11.2273
teflon,2,10.8218
tefnut,1,11.2273
tegestologist,1,11.2273
tegestology,1,11.2273
tegu,1,11.2273
tegucigalpa,4,10.3111
tehran,7,9.8411
teide,1,11.2273
tejn,1,11.2273
tel,12,9.3557
telaia,1,11.2273
telamonian,1,11.2273
tele,12,9.3557
teleforce,1,11.2273
telegam,1,11.2273
telegram,1,11.2273
telegraph,5,10.1288
telegraphy,1,11.2273
telemarketer,2,10.8218
telenovela,1,11.2273
telepath,1,11.2273
telephone,15,9.1481
telephones,15,9.1481
teleplay,1,11.2273
teleport,2,10.8218
teleporting,2,10.8218
telescope,323,6.1455
telescopes,323,6.1455
telescopic,323,6.1455
teleseisms,1,11.2273
telesophobia,1,11.2273
televangelist,1,11.2273
televised,419,5.8877
television,419,5.8877
televisions,419,5.8877
teller,5,10.1288
telling,128,7.0629
tellmarines,1,11.2273
tells,128,7.0629
tellurium,1,11.2273
telly,1,11.2273
telma,1,11.2273
telos,1,11.2273
telstar,1,11.2273
tem,1,11.2273
temminck,1,11.2273
temola,1,11.2273
tempel,94,7.3682
tempera,3,10.5342
temperament,3,10.5342
temperance,7,9.8411
temperate,7,9.8411
temperature,41,8.1835
temperatures,41,8.1835
tempered,7,9.8411
tempertures,1,11.2273
tempest,2,10.8218
tempestuous,1,11.2273
templar,5,10.1288
template,1,11.2273
temple,38,8.2575
temples,38,8.2575
templeton,2,10.8218
templo,1,11.2273
tempo,1,11.2273
temporal,4,10.3111
temporarily,3,10.5342
temporary,5,10.1288
temps,1,11.2273
tempt,4,10.3111
temptation,13,9.2816
temptations,13,9.2816
tempted,4,10.3111
temptress,2,10.8218
ten,96,7.3474
tenacious,6,9.9746
tenant,3,10.5342
tenceniar,2,10.8218
tench,1,11.2273
tend,10,9.5227
tended,10,9.5227
tendencies,3,10.5342
tendency,3,10.5342
tender,10,9.5227
tendercrisp,1,11.2273
tenders,10,9.5227
tending,10,9.5227
tendo,1,11.2273
tendon,5,10.1288
tendons,5,10.1288
tends,10,9.5227
tenebrous,1,11.2273
tenedor,1,11.2273
tenerife,4,10.3111
tenge,2,10.8218
tengo,2,10.8218
tenille,1,11.2273
tenino,1,11.2273
tennessee,39,8.2322
tennessees,39,8.2322
tennille,2,10.8218
tennis,72,7.6313
tennman,1,11.2273
tennyson,2,10.8218
tenochtitlan,2,10.8218
tenor,9,9.618
tenors,9,9.618
tens,96,7.3474
tension,3,10.5342
tensor,1,11.2273
tent,3,10.5342
tentacles,4,10.3111
tentacula,1,11.2273
tenth,7,9.8411
tenure,7,9.8411
tenzin,2,10.8218
tenzing,1,11.2273
teodoro,1,11.2273
tepe,4,10.3111
tepes,4,10.3111
teplitz,1,11.2273
tequila,7,9.8411
tera,1,11.2273
terabit,1,11.2273
terabytes,1,11.2273
terdragon,1,11.2273
terence,7,9.8411
teres,1,11.2273
teresa,9,9.618
tereshkova,2,10.8218
teri,5,10.1288
term,496,5.7208
termed,496,5.7208
terminal,26,8.6251
terminally,26,8.6251
terminates,26,8.6251
terminating,26,8.6251
termination,26,8.6251
terminator,26,8.6251
terminology,4,10.3111
terminus,2,10.8218
termite,4,10.3111
termites,4,10.3111
termometer,1,11.2273
terms,496,5.7208
ternberk,1,11.2273
terpsichore,1,11.2273
terr,3,10.5342
terrace,3,10.5342
terraces,3,10.5342
terracotta,2,10.8218
terrance,2,10.8218
terrapins,1,11.2273
terravinasonoff,1,11.2273
terre,3,10.5342
terreanija,1,11.2273
terrell,2,10.8218
terrence,12,9.3557
terrestrial,12,9.3557
terri,60,7.8106
terrible,16,9.0875
terribly,1,11.2273
terrier,60,7.8106
terriers,60,7.8106
terrific,3,10.5342
terrified,6,9.9746
terrifying,6,9.9746
territorial,82,7.5031
territories,82,7.5031
territory,82,7.5031
terror,22,8.7853
terrorism,22,8.7853
terrorist,27,8.5887
terrorists,27,8.5887
terrorized,22,8.7853
terrorizes,22,8.7853
terry,60,7.8106
terseness,1,11.2273
tertiary,1,11.2273
tesla,21,8.8298
tess,7,9.8411
test,52,7.9511
testament,51,7.9701
testaments,51,7.9701
testarossa,1,11.2273
tested,52,7.9511
tester,1,11.2273
testes,52,7.9511
testicle,4,10.3111
testicles,4,10.3111
testify,1,11.2273
testimony,1,11.2273
testing,52,7.9511
testophobia,1,11.2273
testosterone,1,11.2273
tests,52,7.9511
tet,9,9.618
tetherball,1,11.2273
tethys,1,11.2273
teton,1,11.2273
tetracameralism,1,11.2273
tetralogy,1,11.2273
tetraquark,1,11.2273
tetris,3,10.5342
teurgoule,1,11.2273
teutonic,6,9.9746
tevye,1,11.2273
tex,2,10.8218
texan,6,9.9746
texans,6,9.9746
texas,128,7.0629
texidor,1,11.2273
text,15,9.1481
textbook,3,10.5342
textile,1,11.2273
texts,15,9.1481
texture,2,10.8218
th,7,9.8411
th16,1,11.2273
th3,1,11.2273
thagomizers,1,11.2273
thai,12,9.3557
thaila,1,11.2273
thailand,33,8.3947
thailands,33,8.3947
thal,6,9.9746
thalamus,1,11.2273
thalassa,1,11.2273
thalassophobia,1,11.2273
thales,6,9.9746
thalia,2,10.8218
thallium,2,10.8218
thames,1,11.2273
thanagar,1,11.2273
thanatology,1,11.2273
thanatophobia,2,10.8218
thanatos,1,11.2273
thangka,2,10.8218
thank,23,8.7428
thanked,23,8.7428
thankful,23,8.7428
thanking,23,8.7428
thanks,23,8.7428
thanksgiving,53,7.9324
thar,1,11.2273
thatcher,8,9.7233
thatchers,8,9.7233
thatll,1,11.2273
thats,50,7.9895
thaumatrope,1,11.2273
thaw,2,10.8218
thayer,4,10.3111
thayers,4,10.3111
thc,1,11.2273
the1939,1,11.2273
the1963,1,11.2273
the1970s,1,11.2273
the1987,1,11.2273
the1988,1,11.2273
the3,1,11.2273
theater,44,8.1146
theaters,44,8.1146
theatre,53,7.9324
theatres,53,7.9324
theatrical,12,9.3557
theatrically,12,9.3557
thebes,3,10.5342
thee,4,10.3111
theft,7,9.8411
theirs,2,10.8218
thel,1,11.2273
thelma,12,9.3557
thelmas,12,9.3557
theme,142,6.9601
themed,142,6.9601
themes,142,6.9601
themis,1,11.2273
themselves,29,8.5197
theo,5,10.1288
theocracy,1,11.2273
theodis,1,11.2273
theodor,50,7.9895
theodora,1,11.2273
theodore,50,7.9895
theodosia,1,11.2273
theodred,1,11.2273
theogony,1,11.2273
theologian,4,10.3111
theology,1,11.2273
theophilus,1,11.2273
theorem,14,9.2126
theoretic,4,10.3111
theoretical,4,10.3111
theories,96,7.3474
theorist,3,10.5342
theory,96,7.3474
theos,5,10.1288
theosophists,1,11.2273
theramore,1,11.2273
therapeutic,2,10.8218
therapeutics,2,10.8218
therapies,12,9.3557
therapist,2,10.8218
therapy,12,9.3557
thered,44,8.1146
therefore,8,9.7233
theres,44,8.1146
theresa,2,10.8218
theriology,1,11.2273
thermabaric,1,11.2273
thermal,4,10.3111
thermistor,1,11.2273
thermodynamic,2,10.8218
thermodynamics,2,10.8218
thermometer,4,10.3111
thermonuclear,1,11.2273
thermopolis,1,11.2273
thermopylae,6,9.9746
therology,1,11.2273
theron,1,11.2273
theropod,1,11.2273
therrius,1,11.2273
thery,1,11.2273
thesaurus,2,10.8218
theses,2,10.8218
theseus,2,10.8218
thessalonike,1,11.2273
thessaloniki,1,11.2273
thetan,1,11.2273
thetis,3,10.5342
theyll,3,10.5342
theyre,9,9.618
thia,1,11.2273
thiamine,1,11.2273
thibodaux,1,11.2273
thick,14,9.2126
thicke,14,9.2126
thicker,2,10.8218
thickness,14,9.2126
thief,14,9.2126
thierry,1,11.2273
thieves,21,8.8298
thigh,2,10.8218
thimblerig,1,11.2273
thimithi,1,11.2273
thimphu,1,11.2273
thin,14,9.2126
thing,105,7.2589
things,105,7.2589
thingummywut,1,11.2273
think,101,7.2973
thinker,6,9.9746
thinkers,6,9.9746
thinking,101,7.2973
thinks,101,7.2973
thinly,1,11.2273
thinned,14,9.2126
thinner,1,11.2273
thinning,14,9.2126
thins,14,9.2126
third,165,6.8114
thirds,165,6.8114
thirst,3,10.5342
thirsty,1,11.2273
thirteen,12,9.3557
thirteenth,4,10.3111
thirty,10,9.5227
this1985,1,11.2273
this1990,1,11.2273
this1998,1,11.2273
thistle,3,10.5342
thistleclaw,1,11.2273
tholin,1,11.2273
thom,3,10.5342
thomas,163,6.8235
thomason,1,11.2273
thomism,1,11.2273
thompson,10,9.5227
thomson,3,10.5342
thonx,1,11.2273
thor,3,10.5342
thoracic,1,11.2273
thorium,1,11.2273
thorn,19,8.925
thorne,19,8.925
thorns,19,8.925
thornton,8,9.7233
thorntons,8,9.7233
thorny,2,10.8218
thorogood,1,11.2273
thoroughbred,6,9.9746
thorpe,2,10.8218
thost,1,11.2273
thou,3,10.5342
though,32,8.4245
thought,60,7.8106
thoughts,60,7.8106
thousand,24,8.702
thousands,24,8.702
thrall,2,10.8218
thrash,3,10.5342
thrasher,1,11.2273
thrashworld,1,11.2273
thread,2,10.8218
threadneedle,1,11.2273
threat,10,9.5227
threaten,23,8.7428
threatened,23,8.7428
threatening,23,8.7428
threatens,23,8.7428
threats,10,9.5227
three,514,5.6855
threepenny,1,11.2273
threes,514,5.6855
threesome,1,11.2273
thresals,1,11.2273
threw,16,9.0875
thrill,5,10.1288
thrilla,2,10.8218
thriller,57,7.861
thrillers,57,7.861
thrillville,8,9.7233
thrived,5,10.1288
thriving,5,10.1288
throat,9,9.618
thrombo,1,11.2273
thrombocytes,1,11.2273
throne,27,8.5887
thrones,27,8.5887
through,178,6.7362
throughout,56,7.8784
throw,34,8.3657
throwaway,1,11.2273
throwback,1,11.2273
thrower,4,10.3111
throwing,34,8.3657
thrown,13,9.2816
throws,34,8.3657
thru,1,11.2273
thrush,1,11.2273
thrushpelt,1,11.2273
thrust,4,10.3111
thrusting,4,10.3111
thrymr,1,11.2273
thse,1,11.2273
thug,4,10.3111
thugs,4,10.3111
thujone,1,11.2273
thule,1,11.2273
thumb,9,9.618
thumbelina,1,11.2273
thumbing,9,9.618
thumblerig,1,11.2273
thumbs,9,9.618
thumbsucker,1,11.2273
thumose,1,11.2273
thumper,1,11.2273
thunder,13,9.2816
thunderball,9,9.618
thunderbirds,2,10.8218
thundercats,5,10.1288
thunderclan,3,10.5342
thunderclans,3,10.5342
thunderclap,1,11.2273
thunderlips,1,11.2273
thunders,13,9.2816
thunderstorm,4,10.3111
thunderstorms,4,10.3111
thune,1,11.2273
thurber,1,11.2273
thuringiensis,1,11.2273
thurman,3,10.5342
thurmond,1,11.2273
thursday,6,9.9746
thursdays,6,9.9746
thurston,2,10.8218
thus,14,9.2126
thutmose,3,10.5342
thwarted,1,11.2273
thx,1,11.2273
thy,3,10.5342
thylacine,10,9.5227
thylacines,10,9.5227
thymbraeus,1,11.2273
thyme,2,10.8218
thymus,3,10.5342
thyrocalcitonin,1,11.2273
thyroid,5,10.1288
thyroidectomy,1,11.2273
thyroxine,1,11.2273
ti,46,8.0711
tia,6,9.9746
tiaamii,1,11.2273
tialys,1,11.2273
tiana,1,11.2273
tiananmen,3,10.5342
tianjin,1,11.2273
tiao,1,11.2273
tiara,1,11.2273
tias,6,9.9746
tiberias,1,11.2273
tiberius,4,10.3111
tibet,12,9.3557
tibetan,11,9.4357
tibia,1,11.2273
tic,2,10.8218
tich,2,10.8218
ticheli,2,10.8218
tichondrius,1,11.2273
tick,9,9.618
ticked,9,9.618
ticket,17,9.0304
tickets,17,9.0304
ticking,9,9.618
ticks,9,9.618
tico,3,10.5342
tics,2,10.8218
tide,11,9.4357
tides,11,9.4357
tie,46,8.0711
tiebreaker,1,11.2273
tied,46,8.0711
tienda,1,11.2273
tienne,1,11.2273
tiepolo,1,11.2273
tiered,2,10.8218
tierra,2,10.8218
tiers,2,10.8218
ties,46,8.0711
tiet,1,11.2273
tiffany,5,10.1288
tiffanys,5,10.1288
tiga,1,11.2273
tiger,115,7.1689
tigers,115,7.1689
tigerstar,2,10.8218
tigger,1,11.2273
tight,4,10.3111
tightened,2,10.8218
tightening,2,10.8218
tightest,1,11.2273
tightrope,1,11.2273
tights,4,10.3111
tigis,1,11.2273
tigre,1,11.2273
tigris,5,10.1288
tigritude,1,11.2273
tiki,2,10.8218
tikka,2,10.8218
tikki,1,11.2273
tikrit,1,11.2273
til,12,9.3557
tilda,1,11.2273
tile,12,9.3557
tiles,12,9.3557
till,13,9.2816
tillamook,1,11.2273
tillerman,1,11.2273
tillia,2,10.8218
tillis,2,10.8218
tilly,2,10.8218
tilt,5,10.1288
tilted,5,10.1288
tilting,5,10.1288
tim,808,5.2391
timbaland,13,9.2816
timbalands,13,9.2816
timber,1,11.2273
timberlake,11,9.4357
timberlakes,11,9.4357
timbuktu,1,11.2273
time,808,5.2391
timed,808,5.2391
timeless,4,10.3111
timeline,4,10.3111
timeouts,2,10.8218
timepieces,1,11.2273
timer,3,10.5342
times,808,5.2391
timesplitters,1,11.2273
timid,4,10.3111
timmartin,1,11.2273
timmy,18,8.9763
timmys,18,8.9763
timor,6,9.9746
timothy,17,9.0304
tims,808,5.2391
timtrenkle,1,11.2273
timy,2,10.8218
timys,2,10.8218
tin,15,9.1481
tina,38,8.2575
tincture,2,10.8218
tinctures,2,10.8218
tindahan,1,11.2273
tine,15,9.1481
tinker,11,9.4357
tinkerbell,1,11.2273
tinkers,11,9.4357
tinkles,1,11.2273
tinku,1,11.2273
tinos,1,11.2273
tintin,1,11.2273
tiny,23,8.7428
tiomkin,1,11.2273
tionne,1,11.2273
tip,15,9.1481
tipi,1,11.2273
tippecanoe,1,11.2273
tipper,1,11.2273
tippi,1,11.2273
tippin,1,11.2273
tipping,15,9.1481
tips,15,9.1481
tiptoe,2,10.8218
tiptoes,2,10.8218
tipton,1,11.2273
tiptups,1,11.2273
tirade,1,11.2273
tiramisu,1,11.2273
tirana,4,10.3111
tire,14,9.2126
tired,14,9.2126
tires,14,9.2126
tiresome,1,11.2273
tis,46,8.0711
tisha,2,10.8218
tishrei,1,11.2273
tissue,14,9.2126
tissues,14,9.2126
titan,89,7.4222
titania,4,10.3111
titanic,89,7.4222
titanics,89,7.4222
titanides,1,11.2273
titanium,3,10.5342
titans,89,7.4222
titantic,1,11.2273
titian,1,11.2273
titicaca,3,10.5342
title,643,5.4643
titled,643,5.4643
titles,643,5.4643
tito,16,9.0875
titus,3,10.5342
titusville,1,11.2273
tius,1,11.2273
tj2,1,11.2273
tl,1,11.2273
tl18,1,11.2273
tlc,7,9.8411
tlcs,7,9.8411
tld,1,11.2273
tley,1,11.2273
tmnt,6,9.9746
tn,6,9.9746
tn1,1,11.2273
tn3270,1,11.2273
tn8,1,11.2273
tnt,2,10.8218
to1,1,11.2273
toa,1,11.2273
toad,12,9.3557
toads,12,9.3557
toamasina,1,11.2273
toast,8,9.7233
toasted,8,9.7233
toaster,3,10.5342
tobacco,8,9.7233
tobaccos,8,9.7233
tobago,3,10.5342
tobe,1,11.2273
tobey,2,10.8218
tobias,1,11.2273
tobin,1,11.2273
tobler,1,11.2273
toboggan,1,11.2273
tobruk,1,11.2273
toby,8,9.7233
toccata,1,11.2273
tock,1,11.2273
toco,1,11.2273
tocology,1,11.2273
tocophilia,1,11.2273
tod,1,11.2273
today,47,8.0501
todays,47,8.0501
todd,28,8.5536
toddler,2,10.8218
toddlers,2,10.8218
todt,1,11.2273
toe,20,8.8763
toes,20,8.8763
togekiss,1,11.2273
together,116,7.1603
togo,6,9.9746
togukawa,1,11.2273
tohl,1,11.2273
tohru,1,11.2273
toiler,1,11.2273
toilet,11,9.4357
toileting,11,9.4357
toilets,11,9.4357
toit,1,11.2273
toiyabe,1,11.2273
tok,2,10.8218
tokamak,1,11.2273
toke,2,10.8218
tokens,3,10.5342
toki,1,11.2273
tokophobia,1,11.2273
tokra,2,10.8218
tokugawa,1,11.2273
tokyo,25,8.6628
told,57,7.861
toledo,2,10.8218
toler,3,10.5342
tolerance,3,10.5342
tolerant,3,10.5342
toliara,1,11.2273
toliens,1,11.2273
tolik,1,11.2273
tolkien,21,8.8298
tolkiens,21,8.8298
toll,8,9.7233
tollan,1,11.2273
tolls,8,9.7233
tolmin,1,11.2273
tololo,1,11.2273
tolstoy,4,10.3111
tolstoys,4,10.3111
toltec,1,11.2273
tom,246,6.4155
toma,4,10.3111
tomas,4,10.3111
tomate,1,11.2273
tomatina,2,10.8218
tomato,37,8.2835
tomatoes,37,8.2835
tomb,19,8.925
tombola,1,11.2273
tombough,1,11.2273
tomboy,2,10.8218
tombs,19,8.925
tombstone,16,9.0875
tomcats,1,11.2273
tome,246,6.4155
tomecide,1,11.2273
tomei,1,11.2273
tomentum,1,11.2273
tomhamilton,1,11.2273
tomlinson,3,10.5342
tomm,1,11.2273
tommasino,1,11.2273
tommie,56,7.8784
tommorgan,1,11.2273
tommy,56,7.8784
tommys,56,7.8784
tomorrow,11,9.4357
toms,246,6.4155
tomwhitney,1,11.2273
ton,12,9.3557
tone,12,9.3557
tones,12,9.3557
tonga,2,10.8218
tongan,2,10.8218
tongs,1,11.2273
tongue,30,8.487
tongued,30,8.487
tongues,30,8.487
toni,137,6.9956
tonic,6,9.9746
tonight,39,8.2322
tonights,39,8.2322
tonk,7,9.8411
tonkin,1,11.2273
tonks,7,9.8411
tonnes,2,10.8218
tons,12,9.3557
tonsils,2,10.8218
tontine,1,11.2273
tonto,2,10.8218
tony,137,6.9956
tonyevans,1,11.2273
tonys,137,6.9956
too,73,7.6177
took,164,6.8174
tool,15,9.1481
tools,15,9.1481
tooth,21,8.8298
toothbrush,1,11.2273
toothed,21,8.8298
toothless,1,11.2273
toothpaste,1,11.2273
tootie,3,10.5342
tootoosis,1,11.2273
tootsie,3,10.5342
top,262,6.353
topand,1,11.2273
topangas,1,11.2273
topaz,3,10.5342
topek,1,11.2273
topeka,3,10.5342
topher,3,10.5342
topic,9,9.618
topical,9,9.618
topics,9,9.618
topkapi,11,9.4357
topless,1,11.2273
topmost,1,11.2273
topographic,1,11.2273
topography,1,11.2273
toponyms,1,11.2273
topped,262,6.353
topper,5,10.1288
topping,262,6.353
toprock,2,10.8218
tops,262,6.353
topsy,2,10.8218
toque,1,11.2273
toquima,1,11.2273
tor,4,10.3111
torah,13,9.2816
torch,10,9.5227
torches,10,9.5227
torching,10,9.5227
tore,4,10.3111
tores,4,10.3111
tori,11,9.4357
torii,1,11.2273
torino,1,11.2273
torme,1,11.2273
torments,1,11.2273
torn,6,9.9746
tornado,26,8.6251
tornadoe,26,8.6251
tornadoes,26,8.6251
tornados,26,8.6251
tornio,2,10.8218
toro,1,11.2273
toronto,35,8.3375
torpedo,4,10.3111
torpedoes,4,10.3111
torpor,1,11.2273
torque,1,11.2273
torrance,3,10.5342
torre,7,9.8411
torrence,1,11.2273
torrens,1,11.2273
torrential,1,11.2273
torres,7,9.8411
torrey,1,11.2273
torrio,1,11.2273
torso,2,10.8218
tort,3,10.5342
torte,3,10.5342
tortell,1,11.2273
tortelli,5,10.1288
tortellini,1,11.2273
tortellis,5,10.1288
tortilla,3,10.5342
tortillas,3,10.5342
tortoise,2,10.8218
torts,3,10.5342
tortuga,1,11.2273
torture,12,9.3557
tortured,12,9.3557
torturer,12,9.3557
tortures,12,9.3557
torvil,2,10.8218
torvill,2,10.8218
tory,11,9.4357
tosca,3,10.5342
tosh,1,11.2273
toshimaihara,1,11.2273
tossed,4,10.3111
tosses,4,10.3111
total,70,7.659
totaling,70,7.659
totalitarian,2,10.8218
totally,70,7.659
totient,1,11.2273
toto,5,10.1288
totos,5,10.1288
totsy,1,11.2273
tottenham,2,10.8218
toucan,2,10.8218
toucans,2,10.8218
touch,36,8.3102
touchdown,9,9.618
touchdowns,9,9.618
touched,36,8.3102
touches,36,8.3102
touching,36,8.3102
touchstone,1,11.2273
tough,17,9.0304
toughness,17,9.0304
toula,2,10.8218
toulouse,3,10.5342
toum,1,11.2273
tour,43,8.137
toured,43,8.137
tourette,1,11.2273
touring,43,8.137
tourism,4,10.3111
tourist,13,9.2816
tourists,13,9.2816
tournament,43,8.137
tournaments,43,8.137
tours,43,8.137
tourte,1,11.2273
tous,1,11.2273
toussaint,1,11.2273
tov,4,10.3111
tovah,1,11.2273
tow,4,10.3111
toward,28,8.5536
towards,28,8.5536
towel,3,10.5342
towels,3,10.5342
tower,91,7.4003
towere,91,7.4003
towering,91,7.4003
towers,91,7.4003
town,190,6.6716
townhouse,1,11.2273
towns,190,6.6716
townsend,1,11.2273
townshend,1,11.2273
township,1,11.2273
townspeople,2,10.8218
toxemia,1,11.2273
toxic,10,9.5227
toxin,4,10.3111
toxoplasma,1,11.2273
toxoplasmosis,1,11.2273
toy,55,7.8961
toyen,1,11.2273
toyohiro,1,11.2273
toyota,14,9.2126
toyotas,14,9.2126
toys,55,7.8961
tp,2,10.8218
tr,3,10.5342
tr2,1,11.2273
tr8,1,11.2273
tra,1,11.2273
trace,23,8.7428
traced,23,8.7428
traces,23,8.7428
tracey,6,9.9746
tracheae,1,11.2273
trachoma,1,11.2273
tracht,1,11.2273
traci,32,8.4245
track,68,7.6875
tracked,68,7.6875
tracker,2,10.8218
trackers,2,10.8218
tracking,68,7.6875
tracks,68,7.6875
tract,3,10.5342
traction,1,11.2273
tractor,4,10.3111
tractors,4,10.3111
tracy,32,8.4245
trade,60,7.8106
traded,60,7.8106
trademark,15,9.1481
trademarks,15,9.1481
traders,5,10.1288
tradewinds,1,11.2273
trading,60,7.8106
tradition,244,6.4236
traditional,244,6.4236
traditionally,66,7.7169
traditions,244,6.4236
tradtion,1,11.2273
trafalgar,1,11.2273
traffic,13,9.2816
tragedian,2,10.8218
tragedians,2,10.8218
tragedies,23,8.7428
tragedy,23,8.7428
trager,1,11.2273
tragic,20,8.8763
tragically,20,8.8763
traiborn,1,11.2273
trail,22,8.7853
trailblazers,1,11.2273
trailed,22,8.7853
trailer,4,10.3111
trailing,22,8.7853
trails,22,8.7853
train,100,7.3071
trainable,1,11.2273
trained,100,7.3071
trainee,3,10.5342
trainer,4,10.3111
trainers,4,10.3111
training,100,7.3071
trains,100,7.3071
trainspotting,1,11.2273
trait,7,9.8411
traitement,1,11.2273
traitor,7,9.8411
traits,7,9.8411
trajans,1,11.2273
tralles,1,11.2273
tramell,3,10.5342
trammell,1,11.2273
tramp,9,9.618
trampoline,1,11.2273
tramps,9,9.618
tran,8,9.7233
trance,1,11.2273
tranquility,2,10.8218
tranquilizer,2,10.8218
tranquillitatis,1,11.2273
trans,8,9.7233
transatlantic,4,10.3111
transcendental,4,10.3111
transcendentalist,1,11.2273
transcontinental,3,10.5342
transcription,1,11.2273
transfer,18,8.9763
transferred,18,8.9763
transfers,18,8.9763
transfiguration,1,11.2273
transform,54,7.9141
transformation,54,7.9141
transformations,54,7.9141
transformed,54,7.9141
transformer,54,7.9141
transformers,54,7.9141
transforming,54,7.9141
transforms,54,7.9141
transforrmers,1,11.2273
transgender,2,10.8218
transgression,1,11.2273
transient,1,11.2273
transistor,4,10.3111
transistors,4,10.3111
transit,9,9.618
transitions,9,9.618
transitive,9,9.618
transitory,1,11.2273
translate,115,7.1689
translated,115,7.1689
translates,115,7.1689
translating,115,7.1689
translation,115,7.1689
translational,115,7.1689
translations,115,7.1689
translucent,3,10.5342
transman,1,11.2273
transmission,5,10.1288
transmissions,5,10.1288
transmit,12,9.3557
transmits,12,9.3557
transmitted,12,9.3557
transmitter,2,10.8218
transmitting,12,9.3557
transparent,3,10.5342
transpiration,1,11.2273
transplant,4,10.3111
transplanted,4,10.3111
transport,31,8.4552
transportation,31,8.4552
transported,31,8.4552
transporter,31,8.4552
transporting,31,8.4552
transports,31,8.4552
transtr,1,11.2273
transvaluation,1,11.2273
transvestite,1,11.2273
transworld,1,11.2273
trap,22,8.7853
trapdoor,1,11.2273
trapeze,4,10.3111
trapezium,1,11.2273
trapezoid,1,11.2273
trapp,1,11.2273
trapped,22,8.7853
trapper,10,9.5227
trappers,10,9.5227
traps,22,8.7853
trash,6,9.9746
trashed,6,9.9746
trashy,1,11.2273
trasks,1,11.2273
trauger,1,11.2273
traumatic,5,10.1288
travel,108,7.231
traveled,108,7.231
traveler,108,7.231
travelers,108,7.231
traveling,108,7.231
travelled,108,7.231
travellers,108,7.231
travelling,108,7.231
travelogue,1,11.2273
travels,108,7.231
traven,1,11.2273
travers,1,11.2273
traverse,4,10.3111
traversed,4,10.3111
traverses,4,10.3111
traviata,1,11.2273
travis,24,8.702
travolta,47,8.0501
travoltas,47,8.0501
travolting,1,11.2273
tray,1,11.2273
tre,174,6.7588
treachery,1,11.2273
tread,2,10.8218
treader,10,9.5227
treadstone,1,11.2273
treadwell,2,10.8218
treason,2,10.8218
treasure,28,8.5536
treasurer,28,8.5536
treasury,4,10.3111
treat,44,8.1146
treated,44,8.1146
treaties,31,8.4552
treating,44,8.1146
treatise,3,10.5342
treatises,3,10.5342
treatment,21,8.8298
treatments,21,8.8298
treats,44,8.1146
treaty,31,8.4552
trebek,1,11.2273
treble,1,11.2273
tree,174,6.7588
treehouse,1,11.2273
trees,174,6.7588
treeshrew,1,11.2273
treetops,1,11.2273
trejo,14,9.2126
trejos,14,9.2126
trek,75,7.591
treks,75,7.591
trelawney,4,10.3111
tremaine,1,11.2273
tremblant,1,11.2273
tremble,1,11.2273
tremendous,2,10.8218
tremors,1,11.2273
trench,4,10.3111
trenchcoat,1,11.2273
trenches,4,10.3111
trenchtown,1,11.2273
trend,4,10.3111
trends,4,10.3111
trendy,2,10.8218
trent,3,10.5342
trenton,15,9.1481
trents,3,10.5342
trepanation,1,11.2273
trepe,1,11.2273
tres,174,6.7588
treshnikov,1,11.2273
tressel,1,11.2273
tret,1,11.2273
trevithick,1,11.2273
trevor,5,10.1288
trex,1,11.2273
trey,1,11.2273
tri,72,7.6313
triads,1,11.2273
trial,25,8.6628
trials,25,8.6628
triangle,28,8.5536
triangles,28,8.5536
triangular,2,10.8218
triangulum,2,10.8218
trianna,1,11.2273
triassic,8,9.7233
triathlon,1,11.2273
triatominae,1,11.2273
tribal,3,10.5342
tribbiani,3,10.5342
tribe,44,8.1146
triberga,1,11.2273
tribes,44,8.1146
tribulation,11,9.4357
tribulations,11,9.4357
tribunal,1,11.2273
tributary,1,11.2273
tribute,9,9.618
tributes,9,9.618
tricameralism,1,11.2273
triceratops,12,9.3557
trichnaria,1,11.2273
trichophilia,1,11.2273
trichophycus,1,11.2273
trick,23,8.7428
tricked,23,8.7428
trickle,2,10.8218
trickled,2,10.8218
tricks,23,8.7428
tricuspid,1,11.2273
trident,2,10.8218
tried,72,7.6313
trier,1,11.2273
tries,72,7.6313
triest,1,11.2273
trieste,1,11.2273
triffus,1,11.2273
trifid,1,11.2273
trifle,1,11.2273
triforce,1,11.2273
trigger,16,9.0875
triggered,16,9.0875
triggering,16,9.0875
triggerman,1,11.2273
triggers,16,9.0875
trigonometry,2,10.8218
trilby,1,11.2273
trillion,2,10.8218
trilobite,10,9.5227
trilobites,10,9.5227
trilogies,29,8.5197
trilogy,29,8.5197
trimble,1,11.2273
trimmed,1,11.2273
trimurti,1,11.2273
trincomalee,1,11.2273
trinidad,4,10.3111
trinity,11,9.4357
trinken,1,11.2273
trinkets,1,11.2273
trintignant,1,11.2273
trio,17,9.0304
triology,1,11.2273
triomphe,1,11.2273
trip,27,8.5887
tripartite,3,10.5342
triple,42,8.16
triplets,2,10.8218
tripoli,4,10.3111
trippe,1,11.2273
tripper,4,10.3111
trippin,1,11.2273
tripping,27,8.5887
trips,27,8.5887
tripwire,1,11.2273
triquetra,1,11.2273
trirhena,1,11.2273
trisected,1,11.2273
trish,3,10.5342
trisha,7,9.8411
triskadekaphobia,1,11.2273
triskaidekaphobia,2,10.8218
triskelion,1,11.2273
tristan,4,10.3111
tristans,4,10.3111
triste,1,11.2273
tristram,1,11.2273
tritium,1,11.2273
triton,4,10.3111
tritone,4,10.3111
tritt,1,11.2273
triumph,5,10.1288
triumphal,1,11.2273
triumphant,1,11.2273
triumvirate,3,10.5342
triumvirs,3,10.5342
trivia,5,10.1288
trivial,1,11.2273
triwizard,8,9.7233
trix,1,11.2273
trixie,3,10.5342
trl,1,11.2273
trobbits,1,11.2273
trogen,1,11.2273
troglodytes,1,11.2273
trogodendron,1,11.2273
trois,37,8.2835
troja,1,11.2273
trojan,22,8.7853
trojans,22,8.7853
troll,2,10.8218
troma,1,11.2273
trombone,2,10.8218
trombonist,10,9.5227
tron,1,11.2273
troop,28,8.5536
trooper,6,9.9746
troopers,6,9.9746
troops,28,8.5536
tropez,1,11.2273
trophie,23,8.7428
trophies,23,8.7428
trophy,23,8.7428
tropic,36,8.3102
tropical,36,8.3102
trotsky,4,10.3111
trotskyism,1,11.2273
trotter,2,10.8218
trotwood,1,11.2273
trouble,21,8.8298
troubled,21,8.8298
troubles,21,8.8298
troublesome,1,11.2273
trough,1,11.2273
troup,4,10.3111
troupe,4,10.3111
trouser,2,10.8218
trousers,2,10.8218
trout,2,10.8218
trova,1,11.2273
troves,1,11.2273
troy,37,8.2835
troys,37,8.2835
trst,1,11.2273
truck,14,9.2126
truckers,1,11.2273
trucks,14,9.2126
trudeau,1,11.2273
true,2906,3.9968
trueba,1,11.2273
truer,2,10.8218
trueskill,1,11.2273
truffaut,2,10.8218
truffes,1,11.2273
trufflehunter,1,11.2273
truffles,2,10.8218
trujillo,1,11.2273
truly,4,10.3111
truman,33,8.3947
trumans,33,8.3947
trump,20,8.8763
trumpet,21,8.8298
trumpeter,21,8.8298
trumpeting,21,8.8298
trumpkin,1,11.2273
trumps,20,8.8763
trunk,11,9.4357
trunks,11,9.4357
truscot,1,11.2273
truscott,1,11.2273
trust,8,9.7233
trusting,8,9.7233
trustworthy,1,11.2273
trusty,1,11.2273
truth,40,8.2076
truthfully,1,11.2273
truths,40,8.2076
truvy,1,11.2273
try,87,7.4447
trygve,1,11.2273
trying,87,7.4447
tryouts,1,11.2273
tryptophan,2,10.8218
ts,4,10.3111
tsa,1,11.2273
tsalagi,1,11.2273
tsar,17,9.0304
tsardom,1,11.2273
tsarina,1,11.2273
tsaritsa,1,11.2273
tsaritsyn,1,11.2273
tsars,17,9.0304
tsarskoye,1,11.2273
tsereteli,1,11.2273
tsetse,2,10.8218
tsimshian,1,11.2273
tsingou,1,11.2273
tsiolkovsky,1,11.2273
tsion,3,10.5342
tsions,3,10.5342
tskitishvili,1,11.2273
tsniimash,1,11.2273
tsoj,1,11.2273
tsoureki,1,11.2273
tsp,2,10.8218
tsubame,1,11.2273
tsuki,1,11.2273
tsunami,6,9.9746
tsunamis,6,9.9746
tsvetaeva,1,11.2273
tsvetkova,1,11.2273
tthe,1,11.2273
ttitle,1,11.2273
ttyl,1,11.2273
tu,3,10.5342
tuatara,2,10.8218
tub,19,8.925
tuba,2,10.8218
tubb,9,9.618
tubbs,9,9.618
tube,19,8.925
tubercle,1,11.2273
tuberculosis,7,9.8411
tuberculossis,1,11.2273
tubes,19,8.925
tubeway,1,11.2273
tubular,2,10.8218
tuchkova,1,11.2273
tuck,1,11.2273
tucker,6,9.9746
tuco,1,11.2273
tucson,4,10.3111
tudo,1,11.2273
tudor,9,9.618
tudors,9,9.618
tuesday,14,9.2126
tuesdays,14,9.2126
tufek,1,11.2273
tuff,1,11.2273
tug,6,9.9746
tugela,1,11.2273
tugged,6,9.9746
tugging,6,9.9746
tui,1,11.2273
tuition,3,10.5342
tuktel,2,10.8218
tula,1,11.2273
tulane,1,11.2273
tuleg,1,11.2273
tulip,8,9.7233
tulips,8,9.7233
tull,3,10.5342
tullamore,1,11.2273
tullinghast,1,11.2273
tullio,1,11.2273
tulls,3,10.5342
tulsa,5,10.1288
tulsidas,1,11.2273
tum,1,11.2273
tumble,1,11.2273
tumnus,1,11.2273
tumor,4,10.3111
tumors,4,10.3111
tumpeng,1,11.2273
tumult,1,11.2273
tun,41,8.1835
tuna,3,10.5342
tune,41,8.1835
tuned,41,8.1835
tunes,41,8.1835
tunggal,1,11.2273
tungusic,1,11.2273
tunic,2,10.8218
tunick,1,11.2273
tuning,41,8.1835
tunings,41,8.1835
tunis,1,11.2273
tunisia,5,10.1288
tunisian,2,10.8218
tunka,1,11.2273
tunnbrod,1,11.2273
tunnel,2,10.8218
tunney,1,11.2273
tunya,1,11.2273
tupac,8,9.7233
tupacs,8,9.7233
tupelo,3,10.5342
tupi,1,11.2273
tupolev,2,10.8218
tupper,1,11.2273
tupperware,2,10.8218
tuque,1,11.2273
turan,1,11.2273
turandot,2,10.8218
turban,2,10.8218
turbine,1,11.2273
turbo,2,10.8218
turbocharged,1,11.2273
turbojet,1,11.2273
turco,1,11.2273
turducken,1,11.2273
turf,1,11.2273
turin,3,10.5342
turing,7,9.8411
turk,9,9.618
turkana,1,11.2273
turkey,57,7.861
turkeys,57,7.861
turkic,1,11.2273
turkish,26,8.6251
turkmenistan,4,10.3111
turko,1,11.2273
turks,9,9.618
turku,1,11.2273
turlington,1,11.2273
turltle,1,11.2273
turmeric,1,11.2273
turn,144,6.9463
turnabout,2,10.8218
turnaround,3,10.5342
turnberrys,1,11.2273
turned,144,6.9463
turner,43,8.137
turners,43,8.137
turning,144,6.9463
turnip,2,10.8218
turnips,2,10.8218
turns,144,6.9463
turntablist,1,11.2273
turnupseed,1,11.2273
turquoise,2,10.8218
turron,1,11.2273
turtle,69,7.6732
turtles,69,7.6732
turtletaub,1,11.2273
turturro,6,9.9746
turunen,2,10.8218
tuscadero,1,11.2273
tuscany,2,10.8218
tusk,8,9.7233
tuskegee,1,11.2273
tusken,1,11.2273
tusks,8,9.7233
tussaud,2,10.8218
tussauds,2,10.8218
tusta,1,11.2273
tutankhamen,2,10.8218
tutankhamun,2,10.8218
tuti,1,11.2273
tutone,3,10.5342
tutor,8,9.7233
tutored,8,9.7233
tutorial,2,10.8218
tutti,3,10.5342
tuttle,2,10.8218
tutu,1,11.2273
tuva,1,11.2273
tuvalu,2,10.8218
tuvaluan,1,11.2273
tuxedo,2,10.8218
tv,1230,4.8268
tv3,2,10.8218
tvs,1230,4.8268
tw1,1,11.2273
tw3,1,11.2273
tw8,1,11.2273
twa,3,10.5342
twain,47,8.0501
twains,47,8.0501
twang,1,11.2273
twas,3,10.5342
tweed,1,11.2273
tweek,1,11.2273
tweetle,1,11.2273
tweety,2,10.8218
twelfth,5,10.1288
twelve,34,8.3657
twenties,25,8.6628
twentieth,7,9.8411
twenty,25,8.6628
twice,36,8.3102
twickenham,3,10.5342
twig,2,10.8218
twiggy,11,9.4357
twiggys,11,9.4357
twigs,2,10.8218
twilight,25,8.6628
twin,111,7.2039
twine,111,7.2039
twined,111,7.2039
twink,1,11.2273
twinkies,1,11.2273
twinkle,4,10.3111
twinkled,4,10.3111
twinkling,4,10.3111
twinned,111,7.2039
twins,111,7.2039
twirling,2,10.8218
twist,15,9.1481
twisted,15,9.1481
twister,3,10.5342
twisting,15,9.1481
twists,15,9.1481
twitch,1,11.2273
twix,1,11.2273
twizzle,1,11.2273
two,923,5.1083
twolegs,1,11.2273
twosome,1,11.2273
tx,3,10.5342
ty,10,9.5227
tycho,3,10.5342
tychonic,1,11.2273
tycoon,7,9.8411
tyger,2,10.8218
tying,10,9.5227
tylenol,2,10.8218
tyler,51,7.9701
tylers,51,7.9701
tympanoplasty,1,11.2273
tyndall,1,11.2273
tyne,1,11.2273
type,535,5.6459
typecast,1,11.2273
typed,535,5.6459
typefaces,1,11.2273
types,535,5.6459
typewriter,2,10.8218
typhoid,2,10.8218
typhon,1,11.2273
typhoons,1,11.2273
typhus,1,11.2273
typical,75,7.591
typically,75,7.591
typified,1,11.2273
typing,535,5.6459
typlosion,1,11.2273
typo,1,11.2273
typographer,1,11.2273
tyr,4,10.3111
tyra,3,10.5342
tyrande,1,11.2273
tyranitar,1,11.2273
tyrannis,1,11.2273
tyrannosaurids,1,11.2273
tyrannosaurus,9,9.618
tyrannus,1,11.2273
tyrant,2,10.8218
tyre,4,10.3111
tyrese,1,11.2273
tyrocimium,1,11.2273
tyrolean,1,11.2273
tyrone,2,10.8218
tyronne,1,11.2273
tyrs,4,10.3111
tyrsk,1,11.2273
tyrus,1,11.2273
tyskie,1,11.2273
tyskland,1,11.2273
tyson,8,9.7233
tyutchev,1,11.2273
tz,1,11.2273
tz3,1,11.2273
tzar,1,11.2273
tzatziki,1,11.2273
tzavata,1,11.2273
tzefardea,1,11.2273
tzi,2,10.8218
tzom,1,11.2273
tzu,1,11.2273
u,696,5.3861
u2,16,9.0875
u2s,16,9.0875
ua,2,10.8218
uae,2,10.8218
uape,1,11.2273
ub1,1,11.2273
ub3,1,11.2273
ub313,1,11.2273
ub40,1,11.2273
ube,2,10.8218
uber,1,11.2273
ubriacco,1,11.2273
ubs,2,10.8218
ucayali,1,11.2273
uccello,1,11.2273
ucclia,1,11.2273
uchenna,1,11.2273
ucla,14,9.2126
ud,1,11.2273
udall,5,10.1288
udfy,1,11.2273
udo,1,11.2273
ue,1,11.2273
ue2,1,11.2273
ued,696,5.3861
uefa,15,9.1481
uf1,1,11.2273
ufa,1,11.2273
ufc,1,11.2273
uffizi,1,11.2273
ufo,6,9.9746
ufology,2,10.8218
ug,1,11.2273
ug1,1,11.2273
uga,1,11.2273
uganda,8,9.7233
ugandan,1,11.2273
ugarte,1,11.2273
ugh,1,11.2273
ugly,44,8.1146
ugric,1,11.2273
uh1,1,11.2273
uhf,3,10.5342
uj1,3,10.5342
uji,1,11.2273
uk,55,7.8961
uk1,1,11.2273
ukraine,12,9.3557
ukrainian,5,10.1288
uks,55,7.8961
ula,1,11.2273
ulaan,1,11.2273
ulaanbaatar,2,10.8218
ulam,1,11.2273
ulan,1,11.2273
ulawun,1,11.2273
ulcer,3,10.5342
uleb,1,11.2273
uli,1,11.2273
uliga,1,11.2273
ulkopuolella,2,10.8218
ulm,2,10.8218
ulrich,4,10.3111
ulrrico,10,9.5227
ulster,1,11.2273
ultimate,16,9.0875
ultimately,16,9.0875
ultimatum,3,10.5342
ultra,8,9.7233
ultraexpensive,1,11.2273
uluru,1,11.2273
ulysses,16,9.0875
um2,1,11.2273
um4,1,11.2273
uma,2,10.8218
umaga,2,10.8218
umami,1,11.2273
umasslowell,1,11.2273
umava,1,11.2273
umberto,4,10.3111
umbilical,2,10.8218
umbilicus,1,11.2273
umbra,2,10.8218
umbrella,5,10.1288
umbria,1,11.2273
umbridge,3,10.5342
umbridges,3,10.5342
umbriel,1,11.2273
umop,1,11.2273
umpire,2,10.8218
umpired,2,10.8218
umqombothi,1,11.2273
un,25,8.6628
un1,1,11.2273
una,5,10.1288
unable,11,9.4357
unabomber,2,10.8218
unacceptable,2,10.8218
unaccounted,1,11.2273
unadulterated,1,11.2273
unaffected,1,11.2273
unaided,2,10.8218
unam,1,11.2273
unannounced,1,11.2273
unarmed,2,10.8218
unassisted,1,11.2273
unauthorized,1,11.2273
unbearable,1,11.2273
unbeatable,1,11.2273
unbeaten,1,11.2273
unbelievable,4,10.3111
unborn,1,11.2273
unbranched,1,11.2273
unbreak,4,10.3111
unbreakable,4,10.3111
unc,3,10.5342
uncanny,1,11.2273
uncensored,1,11.2273
uncertainty,1,11.2273
unchained,1,11.2273
uncle,60,7.8106
unclothed,1,11.2273
uncommon,4,10.3111
uncomplicated,1,11.2273
unconditional,2,10.8218
unconquerable,1,11.2273
unconscious,1,11.2273
unconstitutional,2,10.8218
uncontrollable,3,10.5342
uncontrolled,3,10.5342
unconventional,1,11.2273
uncool,1,11.2273
uncouth,2,10.8218
uncredited,2,10.8218
uncrowned,1,11.2273
uncultivated,1,11.2273
uncut,4,10.3111
uncuttable,1,11.2273
undead,1,11.2273
undefeated,4,10.3111
underarm,1,11.2273
underboss,1,11.2273
undercoating,1,11.2273
undercover,6,9.9746
underdeveloped,2,10.8218
underdog,1,11.2273
underfunded,1,11.2273
undergarment,3,10.5342
undergo,6,9.9746
undergoes,6,9.9746
undergone,1,11.2273
undergraduates,1,11.2273
underground,11,9.4357
underlying,1,11.2273
underneath,1,11.2273
underpaid,1,11.2273
underpromotion,1,11.2273
underrated,1,11.2273
undersea,1,11.2273
undersecretary,1,11.2273
undershirt,1,11.2273
understand,16,9.0875
understanding,16,9.0875
understands,16,9.0875
understatement,1,11.2273
understood,5,10.1288
undertaken,2,10.8218
undertaker,13,9.2816
undertakers,13,9.2816
undertakings,13,9.2816
undertow,1,11.2273
underwater,18,8.9763
underway,1,11.2273
underwear,12,9.3557
underwent,1,11.2273
underwood,8,9.7233
underwoods,8,9.7233
underworld,10,9.5227
undeserved,1,11.2273
undiagnosed,1,11.2273
undid,1,11.2273
undina,1,11.2273
undiscovered,1,11.2273
undisputed,1,11.2273
undoubtedly,5,10.1288
undrgraduate,1,11.2273
undrinkable,1,11.2273
undun,1,11.2273
une,25,8.6628
unearthed,1,11.2273
unease,2,10.8218
uneasy,1,11.2273
unemployed,3,10.5342
unemployment,1,11.2273
unencumbered,1,11.2273
unequal,2,10.8218
unequivocally,1,11.2273
unesco,2,10.8218
uneven,2,10.8218
unexpected,5,10.1288
unexpectedly,3,10.5342
unexplained,2,10.8218
unfairly,1,11.2273
unfaithful,3,10.5342
unfamiliar,1,11.2273
unfavourable,1,11.2273
unfilmable,1,11.2273
unfiltered,1,11.2273
unfinished,7,9.8411
unflattering,2,10.8218
unfolds,1,11.2273
unforgettable,12,9.3557
unforgivable,1,11.2273
unforgiven,4,10.3111
unfortunate,19,8.925
unfortunately,19,8.925
unfriendlies,2,10.8218
unfriendly,2,10.8218
unger,1,11.2273
ungly,1,11.2273
ungrateful,1,11.2273
ungulate,2,10.8218
ungulates,2,10.8218
unhampered,1,11.2273
unhappy,5,10.1288
unhealthy,1,11.2273
uni,1,11.2273
unibrow,1,11.2273
unicameralism,1,11.2273
unicef,2,10.8218
unicellular,1,11.2273
unicode,1,11.2273
unicorn,12,9.3557
unicorns,12,9.3557
unicycling,1,11.2273
unification,5,10.1288
unified,5,10.1288
uniform,35,8.3375
uniforms,35,8.3375
unify,5,10.1288
unimportant,1,11.2273
unimpressed,1,11.2273
unincorporated,2,10.8218
unincredible,1,11.2273
uninhibited,1,11.2273
union,160,6.8419
unionists,1,11.2273
unions,160,6.8419
uniphys,1,11.2273
unique,40,8.2076
unison,1,11.2273
unit,549,5.6204
unita,1,11.2273
unitarian,1,11.2273
unite,549,5.6204
united,549,5.6204
unites,549,5.6204
units,549,5.6204
unity,2,10.8218
univac,1,11.2273
universal,276,6.3014
universally,276,6.3014
universe,276,6.3014
universities,276,6.3014
university,276,6.3014
universitys,276,6.3014
unkind,2,10.8218
unknown,23,8.7428
unknowns,23,8.7428
unleash,3,10.5342
unleashed,3,10.5342
unleavened,1,11.2273
unless,3,10.5342
unlicensed,1,11.2273
unlike,13,9.2816
unlikely,13,9.2816
unlimited,3,10.5342
unlisted,1,11.2273
unlock,10,9.5227
unlockable,10,9.5227
unlocked,10,9.5227
unlucky,1,11.2273
unmanned,5,10.1288
unmarked,2,10.8218
unmarried,5,10.1288
unmerited,1,11.2273
unnamed,1,11.2273
unnatural,2,10.8218
unnaturally,2,10.8218
unnecessary,1,11.2273
unnur,1,11.2273
uno,1,11.2273
unofficial,10,9.5227
unofficially,10,9.5227
unpaid,2,10.8218
unpainted,1,11.2273
unparalleled,1,11.2273
unpardonable,1,11.2273
unpleasant,1,11.2273
unplugged,4,10.3111
unpopular,1,11.2273
unprecedented,5,10.1288
unpreconceived,1,11.2273
unpredictable,2,10.8218
unpretty,1,11.2273
unprincipled,2,10.8218
unprocessed,1,11.2273
unprofessional,1,11.2273
unreal,3,10.5342
unreality,3,10.5342
unreasonable,3,10.5342
unrecognizable,1,11.2273
unrefined,1,11.2273
unreleased,1,11.2273
unrequited,1,11.2273
unripe,1,11.2273
unripened,1,11.2273
unsafe,2,10.8218
unsalted,1,11.2273
unsaturated,1,11.2273
unsc,4,10.3111
unscripted,1,11.2273
unscrupulous,4,10.3111
unseen,2,10.8218
unseld,1,11.2273
unselectable,1,11.2273
unsettling,1,11.2273
unsinkable,3,10.5342
unskinny,1,11.2273
unsolved,1,11.2273
unspoken,1,11.2273
unstable,2,10.8218
unstoppable,1,11.2273
unsub,2,10.8218
unsuccessful,11,9.4357
unsuccessfully,3,10.5342
unsupported,1,11.2273
unsweetened,1,11.2273
untalented,1,11.2273
untethered,1,11.2273
unthanksgiving,1,11.2273
untied,2,10.8218
until,122,7.1104
untitled,1,11.2273
unto,4,10.3111
untraditional,1,11.2273
untrue,31,8.4552
untypical,1,11.2273
unum,2,10.8218
unusual,58,7.8439
unusually,58,7.8439
unveiled,1,11.2273
unwanted,3,10.5342
unwashed,1,11.2273
unwell,1,11.2273
unwholesome,1,11.2273
unwillingly,2,10.8218
unwittingly,1,11.2273
unwound,1,11.2273
unzen,1,11.2273
up,532,5.6515
up3,1,11.2273
upbeat,1,11.2273
update,3,10.5342
updated,3,10.5342
updike,1,11.2273
upgrade,3,10.5342
upheld,1,11.2273
uphold,1,11.2273
uplifting,1,11.2273
upolu,1,11.2273
upon,51,7.9701
upper,26,8.6251
upright,5,10.1288
uprising,9,9.618
uproar,1,11.2273
ups,532,5.6515
upset,9,9.618
upsets,9,9.618
upsetta,1,11.2273
upsetting,9,9.618
upside,5,10.1288
upstaged,1,11.2273
upstairs,3,10.5342
upstart,1,11.2273
upstate,1,11.2273
uptight,1,11.2273
upton,1,11.2273
uptown,1,11.2273
uq,1,11.2273
ur,5,10.1288
ur2,1,11.2273
ura,1,11.2273
uraguay,1,11.2273
urania,1,11.2273
uranium,2,10.8218
uranophobia,1,11.2273
uranus,20,8.8763
urban,32,8.4245
urchin,1,11.2273
urda,1,11.2273
urdu,4,10.3111
ure,5,10.1288
urectum,1,11.2273
urethra,2,10.8218
urg,10,9.5227
urge,10,9.5227
urged,10,9.5227
urgent,2,10.8218
urges,10,9.5227
uriah,7,9.8411
urich,2,10.8218
uriel,1,11.2273
urinal,7,9.8411
urinary,1,11.2273
urinated,7,9.8411
urinating,7,9.8411
urination,7,9.8411
urine,7,9.8411
uris,1,11.2273
urkel,6,9.9746
urkels,6,9.9746
url,1,11.2273
urn,1,11.2273
urologist,1,11.2273
uros,1,11.2273
ursa,3,10.5342
ursidae,1,11.2273
ursula,7,9.8411
ursulas,7,9.8411
urticaria,1,11.2273
uruguay,11,9.4357
uruguayan,1,11.2273
uruk,2,10.8218
us233780a,1,11.2273
us4,1,11.2273
usa,221,6.5217
usac,1,11.2273
usaf,2,10.8218
usage,10,9.5227
usages,10,9.5227
usain,1,11.2273
usb,5,10.1288
usc,3,10.5342
usd,2,10.8218
use,1131,4.9089
used,1131,4.9089
usees,1,11.2273
useful,1131,4.9089
useless,8,9.7233
user,10,9.5227
users,10,9.5227
uses,1131,4.9089
usg,1,11.2273
ushanka,1,11.2273
ushed,1,11.2273
usher,5,10.1288
ushiku,1,11.2273
using,1131,4.9089
uso,1,11.2273
usonian,1,11.2273
usque,2,10.8218
uss,10,9.5227
ussr,5,10.1288
usted,1,11.2273
ustinov,1,11.2273
usual,136,7.0029
usually,136,7.0029
usurped,2,10.8218
usurper,2,10.8218
ut,9,9.618
ut1,1,11.2273
uta,12,9.3557
utah,40,8.2076
utahian,1,11.2273
utahn,1,11.2273
utahtonian,1,11.2273
utc,1,11.2273
ute,9,9.618
utero,7,9.8411
uterus,2,10.8218
utes,9,9.618
utility,7,9.8411
utilize,7,9.8411
utilized,7,9.8411
utilizing,7,9.8411
utley,2,10.8218
utopia,1,11.2273
utoqqarsuanngoravit,1,11.2273
utrecht,1,11.2273
utter,26,8.6251
uttered,26,8.6251
utters,26,8.6251
utzon,1,11.2273
uu,2,10.8218
uv,4,10.3111
uva,3,10.5342
uvula,1,11.2273
uw1,1,11.2273
ux4,1,11.2273
uy,1,11.2273
uyulala,1,11.2273
uz,2,10.8218
uzbek,1,11.2273
uzbekistan,7,9.8411
uzumaki,2,10.8218
v,46,8.0711
v3,1,11.2273
v6,1,11.2273
v8,1,11.2273
va,11,9.4357
va5,1,11.2273
vaaler,1,11.2273
vacation,27,8.5887
vacationing,27,8.5887
vacationland,1,11.2273
vaccination,8,9.7233
vaccine,8,9.7233
vaccinium,1,11.2273
vache,1,11.2273
vaclav,1,11.2273
vacuoles,1,11.2273
vacuous,1,11.2273
vacuum,11,9.4357
vada,8,9.7233
vadas,8,9.7233
vader,22,8.7853
vaders,22,8.7853
vadis,1,11.2273
vadodara,1,11.2273
vaduz,1,11.2273
vae,11,9.4357
vagabond,1,11.2273
vagina,1,11.2273
vaginal,1,11.2273
vai,3,10.5342
vail,1,11.2273
vain,1,11.2273
vainilla,1,11.2273
val,21,8.8298
valacyclovir,1,11.2273
valance,2,10.8218
valar,2,10.8218
valdeon,1,11.2273
valderrama,2,10.8218
valdez,2,10.8218
vale,21,8.8298
valence,3,10.5342
valencia,4,10.3111
valencian,1,11.2273
valens,13,9.2816
valenti,1,11.2273
valentin,28,8.5536
valentina,3,10.5342
valentinas,3,10.5342
valentine,28,8.5536
valentines,28,8.5536
valentino,4,10.3111
valenzuela,3,10.5342
valera,1,11.2273
valeria,2,10.8218
valerians,1,11.2273
valerie,7,9.8411
valet,1,11.2273
valetta,2,10.8218
valhalla,1,11.2273
valiant,1,11.2273
valid,3,10.5342
valjean,1,11.2273
valkyrie,1,11.2273
valladolid,1,11.2273
vallarta,9,9.618
vallartas,9,9.618
vallejo,1,11.2273
valleri,1,11.2273
valles,2,10.8218
valletta,5,10.1288
valley,60,7.8106
valleys,60,7.8106
valli,2,10.8218
valo,1,11.2273
valois,1,11.2273
valor,2,10.8218
valtrex,1,11.2273
valuable,56,7.8784
value,56,7.8784
valued,56,7.8784
values,56,7.8784
valujki,1,11.2273
valvanos,1,11.2273
valve,7,9.8411
valves,7,9.8411
vamos,1,11.2273
vampa,1,11.2273
vampire,126,7.0785
vampires,126,7.0785
vampiric,126,7.0785
vampirism,126,7.0785
vampiro,1,11.2273
vampyrum,1,11.2273
van,123,7.1024
vanadium,2,10.8218
vance,2,10.8218
vancouver,4,10.3111
vancover,1,11.2273
vandalia,1,11.2273
vandalism,4,10.3111
vandalized,4,10.3111
vandals,4,10.3111
vandellas,1,11.2273
vander,1,11.2273
vandergelder,1,11.2273
vanderkellen,1,11.2273
vanderlay,1,11.2273
vanessa,24,8.702
vaniili,1,11.2273
vanilla,14,9.2126
vanilli,10,9.5227
vanillis,10,9.5227
vanir,1,11.2273
vanish,4,10.3111
vanishing,4,10.3111
vanity,11,9.4357
vans,123,7.1024
vanska,1,11.2273
vanuatu,2,10.8218
vanya,2,10.8218
vanzetti,2,10.8218
vapor,4,10.3111
vaporous,4,10.3111
vapors,4,10.3111
vaporwing,1,11.2273
vaquita,1,11.2273
vardalos,1,11.2273
varela,1,11.2273
vargas,3,10.5342
variable,70,7.659
variables,70,7.659
variant,70,7.659
variants,70,7.659
variation,70,7.659
variations,70,7.659
varicella,2,10.8218
varied,70,7.659
variegatus,1,11.2273
varies,70,7.659
varieties,33,8.3947
variety,33,8.3947
various,70,7.659
variously,70,7.659
varon,1,11.2273
varpa,1,11.2273
vary,70,7.659
varying,70,7.659
vas,11,9.4357
vasa,3,10.5342
vasari,1,11.2273
vasco,4,10.3111
vascular,2,10.8218
vase,1,11.2273
vaseline,1,11.2273
vashti,1,11.2273
vasilev,1,11.2273
vasnetsov,1,11.2273
vasoli,1,11.2273
vasopressin,1,11.2273
vasquez,1,11.2273
vassal,2,10.8218
vassals,2,10.8218
vassar,1,11.2273
vassilyev,1,11.2273
vast,8,9.7233
vatican,22,8.7853
vatus,1,11.2273
vaudeville,6,9.9746
vaudevillian,1,11.2273
vaughan,4,10.3111
vaughn,5,10.1288
vault,5,10.1288
vaulter,1,11.2273
vaulting,5,10.1288
vaults,5,10.1288
vautrin,2,10.8218
vauxhall,1,11.2273
vb,1,11.2273
vb10,1,11.2273
vb7,1,11.2273
vc131,1,11.2273
vc3,1,11.2273
vc7,1,11.2273
vc9,1,11.2273
vd,2,10.8218
ve,4,10.3111
ve6,1,11.2273
ve8,1,11.2273
veal,4,10.3111
veatch,2,10.8218
veatchs,2,10.8218
vector,2,10.8218
vectors,2,10.8218
veda,1,11.2273
vedder,2,10.8218
vedders,2,10.8218
veechios,1,11.2273
veep,1,11.2273
vega,41,8.1835
vegan,4,10.3111
vegans,4,10.3111
vegas,41,8.1835
vegemite,1,11.2273
vegetable,44,8.1146
vegetables,44,8.1146
vegetarian,24,8.702
vegetarianism,24,8.702
vegetarians,24,8.702
vegetation,44,8.1146
veggie,2,10.8218
vehemently,1,11.2273
vehicle,26,8.6251
vehicles,26,8.6251
veil,8,9.7233
veils,8,9.7233
vein,5,10.1288
veins,5,10.1288
vel,1,11.2273
velar,1,11.2273
velasquez,1,11.2273
velazquez,2,10.8218
velcro,2,10.8218
velimir,1,11.2273
veljohnson,1,11.2273
vella,1,11.2273
vellus,1,11.2273
velma,3,10.5342
velociraptor,6,9.9746
velociraptors,6,9.9746
velocity,50,7.9895
velvet,9,9.618
vena,2,10.8218
vendetta,1,11.2273
vendian,1,11.2273
vending,3,10.5342
vendor,3,10.5342
venera,1,11.2273
venerated,4,10.3111
venerates,4,10.3111
venereal,4,10.3111
venetian,8,9.7233
venetic,1,11.2273
veneto,1,11.2273
venezia,1,11.2273
venezuela,19,8.925
venezuelan,4,10.3111
venezuella,1,11.2273
veng,7,9.8411
vengaboys,1,11.2273
vengeance,7,9.8411
vengeful,7,9.8411
veni,3,10.5342
veniamina,1,11.2273
venice,16,9.0875
venikagan,1,11.2273
venipuncture,1,11.2273
venison,1,11.2273
venom,25,8.6628
venomous,25,8.6628
venous,1,11.2273
venox,1,11.2273
vent,3,10.5342
ventamiglia,1,11.2273
venters,1,11.2273
ventricle,2,10.8218
ventricles,2,10.8218
ventriloquist,2,10.8218
vents,3,10.5342
ventura,5,10.1288
venture,1,11.2273
venturia,1,11.2273
venue,52,7.9511
venues,52,7.9511
venus,52,7.9511
venusian,1,11.2273
venuti,2,10.8218
venvolkov,1,11.2273
vera,5,10.1288
veracitas,1,11.2273
veracruz,1,11.2273
veracs,1,11.2273
verb,14,9.2126
verbal,5,10.1288
verbinski,1,11.2273
verbs,14,9.2126
vercetti,1,11.2273
verdana,1,11.2273
verde,10,9.5227
verdean,1,11.2273
verdi,6,9.9746
verdon,2,10.8218
vereshchagin,1,11.2273
verge,1,11.2273
verified,2,10.8218
vermiculturist,1,11.2273
vermilion,1,11.2273
vermin,2,10.8218
vermins,2,10.8218
vermont,21,8.8298
vermouth,2,10.8218
vern,18,8.9763
verna,1,11.2273
vernacular,1,11.2273
vernal,1,11.2273
verne,18,8.9763
vernes,18,8.9763
vernet,2,10.8218
vernon,8,9.7233
verona,3,10.5342
veronica,10,9.5227
veronika,1,11.2273
verrocchio,1,11.2273
versace,5,10.1288
versailles,3,10.5342
versatile,5,10.1288
verse,35,8.3375
versed,35,8.3375
verses,35,8.3375
versioan,1,11.2273
version,109,7.2219
versions,109,7.2219
verstehen,1,11.2273
versus,3,10.5342
vert,1,11.2273
vertebrae,1,11.2273
vertebrate,8,9.7233
vertebrates,8,9.7233
vertical,6,9.9746
vertigo,2,10.8218
vertov,1,11.2273
verve,1,11.2273
verwoerd,1,11.2273
vesicle,2,10.8218
vesicles,2,10.8218
vesnina,1,11.2273
vespasian,1,11.2273
vespucci,12,9.3557
vespuccis,12,9.3557
vessel,18,8.9763
vessels,18,8.9763
vesta,2,10.8218
vesuvius,6,9.9746
vet,2,10.8218
veteran,34,8.3657
veterans,34,8.3657
veterinarian,5,10.1288
veterinarians,5,10.1288
vetoed,2,10.8218
vevey,1,11.2273
vex,2,10.8218
vexillogist,1,11.2273
vexillology,1,11.2273
veyron,1,11.2273
vez,1,11.2273
vezina,1,11.2273
vf3,1,11.2273
vf6,1,11.2273
vf7,1,11.2273
vfl,1,11.2273
vg9,1,11.2273
vga,2,10.8218
vge,1,11.2273
vh,3,10.5342
vh1,17,9.0304
vh1s,17,9.0304
vh5,1,11.2273
vhs,3,10.5342
vi,13,9.2816
via,13,9.2816
viaggio,1,11.2273
vianne,1,11.2273
vibes,2,10.8218
vibilia,1,11.2273
vibraphonist,2,10.8218
vibrates,4,10.3111
vibration,4,10.3111
vibrations,4,10.3111
vic,42,8.16
vicarage,1,11.2273
vice,42,8.16
vicente,2,10.8218
vicenzo,1,11.2273
viceroy,3,10.5342
vices,42,8.16
vichy,1,11.2273
vici,8,9.7233
vicious,8,9.7233
vick,4,10.3111
vicki,11,9.4357
vicks,4,10.3111
vicksburg,1,11.2273
vicky,11,9.4357
victim,32,8.4245
victims,32,8.4245
victis,1,11.2273
victor,14,9.2126
victoria,42,8.16
victoriahibbs,1,11.2273
victorian,23,8.7428
victorias,42,8.16
victories,46,8.0711
victorino,1,11.2273
victorious,46,8.0711
victorta,1,11.2273
victory,46,8.0711
vicuna,1,11.2273
vida,2,10.8218
vidal,2,10.8218
vide,1,11.2273
videl,1,11.2273
video,212,6.563
videogame,1,11.2273
videophone,1,11.2273
videos,212,6.563
videtur,1,11.2273
vidi,3,10.5342
vidkun,2,10.8218
vie,13,9.2816
viedts,1,11.2273
vieira,1,11.2273
vieja,1,11.2273
vienna,21,8.8298
viennese,1,11.2273
vientiane,2,10.8218
viet,1,11.2273
vietnam,61,7.7944
vietnamese,16,9.0875
vietnamization,61,7.7944
vietnams,61,7.7944
view,44,8.1146
viewed,44,8.1146
viewer,9,9.618
viewers,9,9.618
viewing,44,8.1146
viewpoint,2,10.8218
views,44,8.1146
viggo,2,10.8218
vigilante,5,10.1288
vigilantes,5,10.1288
vigo,1,11.2273
vii,7,9.8411
viii,38,8.2575
viiis,38,8.2575
viking,31,8.4552
vikings,31,8.4552
viktor,3,10.5342
vil,4,10.3111
vila,3,10.5342
vile,4,10.3111
vilfredo,1,11.2273
vilhjalmsdottir,1,11.2273
villa,2,10.8218
village,54,7.9141
villagers,54,7.9141
villages,54,7.9141
villain,89,7.4222
villainess,1,11.2273
villainous,89,7.4222
villains,89,7.4222
villani,1,11.2273
villanova,2,10.8218
villarreal,1,11.2273
ville,2,10.8218
villeneuve,1,11.2273
villepreux,1,11.2273
villigera,1,11.2273
villoldo,1,11.2273
vilnius,2,10.8218
vimmerby,1,11.2273
vin,14,9.2126
vince,13,9.2816
vincebus,1,11.2273
vincennes,1,11.2273
vincent,45,8.0926
vincente,45,8.0926
vincentia,1,11.2273
vincenzo,1,11.2273
vinci,42,8.16
vincis,42,8.16
vincitor,1,11.2273
vine,14,9.2126
vinegar,2,10.8218
vineyard,2,10.8218
ving,3,10.5342
vingt,1,11.2273
vinland,1,11.2273
vinnie,10,9.5227
vinny,10,9.5227
vins,14,9.2126
vinson,1,11.2273
vintage,2,10.8218
vinton,3,10.5342
vints,1,11.2273
viola,5,10.1288
violante,1,11.2273
violate,5,10.1288
violated,5,10.1288
violation,5,10.1288
violence,9,9.618
violent,9,9.618
violently,9,9.618
violet,15,9.1481
violets,15,9.1481
violin,19,8.925
violinist,8,9.7233
violinists,8,9.7233
violins,19,8.925
viper,3,10.5342
viperidae,1,11.2273
vir,1,11.2273
virga,2,10.8218
virgil,5,10.1288
virgils,5,10.1288
virgin,32,8.4245
virgina,1,11.2273
virginess,1,11.2273
virginia,80,7.5274
virginian,1,11.2273
virginias,80,7.5274
virginity,32,8.4245
virgo,5,10.1288
virology,2,10.8218
virtual,11,9.4357
virtually,11,9.4357
virtucon,1,11.2273
virtue,11,9.4357
virtues,11,9.4357
virtuete,1,11.2273
virtuosity,1,11.2273
virtuoso,7,9.8411
virtus,11,9.4357
virus,16,9.0875
viruses,6,9.9746
vis,13,9.2816
visara,1,11.2273
visas,1,11.2273
visayan,2,10.8218
visayans,2,10.8218
viscera,2,10.8218
visceral,1,11.2273
viscosity,2,10.8218
viscount,4,10.3111
viscountess,1,11.2273
vishnu,3,10.5342
vishuddha,1,11.2273
visibility,18,8.9763
visible,18,8.9763
visibly,1,11.2273
visigoths,1,11.2273
vision,31,8.4552
visions,31,8.4552
visit,62,7.7784
visitations,62,7.7784
visited,62,7.7784
visiting,62,7.7784
visitor,4,10.3111
visitors,4,10.3111
visits,62,7.7784
vista,4,10.3111
vistula,2,10.8218
visual,11,9.4357
vita,2,10.8218
vitae,2,10.8218
vital,5,10.1288
vitality,5,10.1288
vitamin,85,7.4676
vitamins,85,7.4676
vitellina,1,11.2273
vitio,1,11.2273
vitis,1,11.2273
vito,13,9.2816
vitreous,1,11.2273
vitricophobia,1,11.2273
vitro,1,11.2273
vitruvius,1,11.2273
vitry,1,11.2273
vitti,1,11.2273
vittoria,1,11.2273
vitus,1,11.2273
viva,5,10.1288
vivaldi,2,10.8218
vivian,17,9.0304
vivians,17,9.0304
vivica,2,10.8218
vivid,2,10.8218
vivienne,12,9.3557
vivio,1,11.2273
viviparous,2,10.8218
vivisection,1,11.2273
vivre,1,11.2273
vixen,3,10.5342
vizzini,1,11.2273
vj,1,11.2273
vj10,1,11.2273
vj3,1,11.2273
vk7,1,11.2273
vl3,1,11.2273
vl8,1,11.2273
vl9,1,11.2273
vla,1,11.2273
vlad,9,9.618
vlade,9,9.618
vladheinrich,1,11.2273
vladimir,14,9.2126
vladimirfock,1,11.2273
vladishukhov,1,11.2273
vladivostok,1,11.2273
vladvasil,1,11.2273
vladvysotskij,1,11.2273
vlissigen,1,11.2273
vltava,2,10.8218
vltg3,1,11.2273
vm8,1,11.2273
vn,2,10.8218
vn3,2,10.8218
vn4,1,11.2273
vn5,1,11.2273
vo,1,11.2273
vo4,1,11.2273
vo5,1,11.2273
vo6,1,11.2273
voar,1,11.2273
vocabulary,4,10.3111
vocal,27,8.5887
vocalist,42,8.16
vocalists,42,8.16
vocalization,27,8.5887
vocals,27,8.5887
vocation,2,10.8218
vocational,2,10.8218
vodka,18,8.9763
voel,1,11.2273
vogel,1,11.2273
vogue,6,9.9746
voi,1,11.2273
voice,230,6.4822
voiced,230,6.4822
voiceover,1,11.2273
voices,230,6.4822
voicing,230,6.4822
void,2,10.8218
voight,5,10.1288
voights,5,10.1288
vojt,1,11.2273
vojvodina,1,11.2273
vol,3,10.5342
volaverunt,1,11.2273
volcanic,18,8.9763
volcanically,18,8.9763
volcano,57,7.861
volcanoes,57,7.861
voldemort,25,8.6628
voldemorts,25,8.6628
vole,3,10.5342
volga,2,10.8218
volgograd,1,11.2273
volim,1,11.2273
volkman,1,11.2273
volkswagen,1,11.2273
volley,3,10.5342
volleyball,20,8.8763
volleyvball,1,11.2273
volodimyr,1,11.2273
volpone,1,11.2273
volt,4,10.3111
volta,6,9.9746
voltage,1,11.2273
voltaic,6,9.9746
voltaire,1,11.2273
volterites,1,11.2273
volts,4,10.3111
volturnus,1,11.2273
volume,21,8.8298
volumes,21,8.8298
volumetric,1,11.2273
voluntarily,2,10.8218
voluntary,2,10.8218
volunteer,9,9.618
volunteered,9,9.618
volunteers,9,9.618
voluptuous,1,11.2273
volvo,2,10.8218
vomit,5,10.1288
vomiting,5,10.1288
von,52,7.9511
vonnegut,6,9.9746
vonneguts,6,9.9746
voodoo,12,9.3557
voodoos,12,9.3557
voorhees,2,10.8218
voracious,2,10.8218
vorashs,1,11.2273
voronikhin,1,11.2273
vorontsova,1,11.2273
vorpal,1,11.2273
vorsprung,1,11.2273
vortex,2,10.8218
voskresenskoe,1,11.2273
vote,52,7.9511
voted,52,7.9511
voters,1,11.2273
votes,52,7.9511
voting,52,7.9511
votkinsk,1,11.2273
vouchers,1,11.2273
voulez,1,11.2273
vous,1,11.2273
vow,4,10.3111
vowed,4,10.3111
vowels,5,10.1288
voyage,102,7.2875
voyager,102,7.2875
voyagers,102,7.2875
voyages,102,7.2875
vp4,1,11.2273
vp9,1,11.2273
vq9,1,11.2273
vr,1,11.2273
vr10,1,11.2273
vrba,1,11.2273
vs,19,8.925
vs2,1,11.2273
vs8,1,11.2273
vt3,1,11.2273
vu,3,10.5342
vu6,1,11.2273
vucetichs,1,11.2273
vukodlak,1,11.2273
vulcan,5,10.1288
vulcanized,5,10.1288
vulgar,2,10.8218
vulgarity,2,10.8218
vulkan,1,11.2273
vulnerability,2,10.8218
vulnerable,2,10.8218
vulpecula,1,11.2273
vulture,6,9.9746
vultures,6,9.9746
vuorinen,1,11.2273
vvt,1,11.2273
vw,2,10.8218
vw3,1,11.2273
vx2,1,11.2273
vx4,1,11.2273
vx5,1,11.2273
vx8,1,11.2273
vy3,1,11.2273
vy5,1,11.2273
vy8,1,11.2273
vz,1,11.2273
vz5,1,11.2273
w,65,7.7319
w1,1,11.2273
wa,1,11.2273
wac,1,11.2273
wachmann,3,10.5342
wacky,8,9.7233
waco,8,9.7233
waddy,1,11.2273
wade,8,9.7233
wades,8,9.7233
wadi,1,11.2273
wadlow,1,11.2273
wadsworth,3,10.5342
waff,1,11.2273
waffled,1,11.2273
wafting,1,11.2273
wag,5,10.1288
wagenseil,1,11.2273
wager,2,10.8218
wages,5,10.1288
wagging,5,10.1288
wagner,16,9.0875
wagon,16,9.0875
wagonbaugh,1,11.2273
wags,5,10.1288
wah,2,10.8218
wahine,1,11.2273
wahlberg,1,11.2273
wahoo,1,11.2273
wai,180,6.7252
waif,1,11.2273
waihilau,1,11.2273
wailed,4,10.3111
wailers,2,10.8218
wailing,4,10.3111
waipahu,1,11.2273
waist,3,10.5342
waistcoat,1,11.2273
waisted,3,10.5342
waistline,1,11.2273
wait,45,8.0926
waited,45,8.0926
waiter,7,9.8411
waiters,7,9.8411
waitin,4,10.3111
waiting,45,8.0926
waitress,17,9.0304
waitresses,17,9.0304
waits,45,8.0926
waity,1,11.2273
wakame,1,11.2273
wake,21,8.8298
wakefield,2,10.8218
wakeman,1,11.2273
waker,1,11.2273
wakes,21,8.8298
waking,21,8.8298
walbrook,1,11.2273
walcott,1,11.2273
waldbaums,1,11.2273
waldeck,1,11.2273
walden,2,10.8218
waldheims,1,11.2273
waldo,2,10.8218
wales,25,8.6628
walesa,1,11.2273
walford,1,11.2273
walgreens,1,11.2273
walk,110,7.2129
walkaway,1,11.2273
walked,110,7.2129
walken,14,9.2126
walkens,14,9.2126
walker,21,8.8298
walkers,21,8.8298
walkin,2,10.8218
walking,110,7.2129
walkman,1,11.2273
walks,110,7.2129
wall,85,7.4676
walla,1,11.2273
wallaby,1,11.2273
wallace,13,9.2816
wallach,1,11.2273
wallachia,1,11.2273
wallce,1,11.2273
wallender,1,11.2273
waller,3,10.5342
wallet,3,10.5342
walleye,2,10.8218
walling,85,7.4676
wallowing,1,11.2273
wallpaper,3,10.5342
walls,85,7.4676
wallsend,1,11.2273
wally,13,9.2816
wallys,13,9.2816
wallyworld,2,10.8218
walmart,1,11.2273
walnut,5,10.1288
walnuts,5,10.1288
walras,1,11.2273
walrasian,1,11.2273
walrus,4,10.3111
walruses,1,11.2273
walrust,1,11.2273
walsall,2,10.8218
walsh,16,9.0875
walshs,16,9.0875
walston,1,11.2273
walt,29,8.5197
walter,56,7.8784
walters,56,7.8784
walther,2,10.8218
walton,15,9.1481
waltons,15,9.1481
waltz,10,9.5227
wam,1,11.2273
wampum,1,11.2273
wan,13,9.2816
wanamaker,1,11.2273
wand,10,9.5227
wanda,2,10.8218
wandered,8,9.7233
wanderer,8,9.7233
wandering,8,9.7233
wanderings,8,9.7233
wanderone,1,11.2273
wands,10,9.5227
wang,15,9.1481
wanklyn,1,11.2273
wanna,25,8.6628
wannabe,3,10.5342
wannabes,3,10.5342
wans,13,9.2816
wanted,122,7.1104
wanting,122,7.1104
wants,122,7.1104
wap,1,11.2273
wapner,1,11.2273
war,623,5.4955
warashi,1,11.2273
warbucks,2,10.8218
warchief,1,11.2273
warcraft,10,9.5227
ward,14,9.2126
warden,4,10.3111
wardin,2,10.8218
wardrobe,9,9.618
wardrobeis,1,11.2273
warehouse,2,10.8218
warfare,8,9.7233
warhol,2,10.8218
waring,623,5.4955
wario,2,10.8218
warios,2,10.8218
warioware,1,11.2273
warlike,1,11.2273
warlock,6,9.9746
warlocks,6,9.9746
warm,16,9.0875
warmed,16,9.0875
warmer,1,11.2273
warmest,1,11.2273
warming,16,9.0875
warmth,5,10.1288
warn,23,8.7428
warned,23,8.7428
warner,13,9.2816
warnes,23,8.7428
warning,23,8.7428
warnings,23,8.7428
warp,4,10.3111
warping,4,10.3111
warplanes,1,11.2273
warrant,6,9.9746
warren,18,8.9763
warrens,18,8.9763
warrick,1,11.2273
warring,623,5.4955
warrior,69,7.6732
warriors,69,7.6732
wars,623,5.4955
warsaw,13,9.2816
warsong,1,11.2273
wartburg,1,11.2273
wartime,2,10.8218
warts,2,10.8218
warwick,3,10.5342
warwicke,3,10.5342
waschmule,1,11.2273
wash,13,9.2816
washburn,1,11.2273
washed,13,9.2816
washer,1,11.2273
washes,13,9.2816
washing,13,9.2816
washington,181,6.7197
washingtonians,1,11.2273
washingtons,181,6.7197
wasington,2,10.8218
waskowitcz,1,11.2273
wasnt,27,8.5887
wasp,11,9.4357
wasps,11,9.4357
waste,16,9.0875
wastebasket,1,11.2273
wasted,16,9.0875
wasteland,2,10.8218
wastes,16,9.0875
wasting,16,9.0875
wat,4,10.3111
watch,66,7.7169
watchdog,2,10.8218
watchdogs,2,10.8218
watched,66,7.7169
watcher,5,10.1288
watchers,5,10.1288
watches,66,7.7169
watching,66,7.7169
watchmen,10,9.5227
watchtower,1,11.2273
water,237,6.4524
waterbed,1,11.2273
waterboy,1,11.2273
waterbury,1,11.2273
watercolor,2,10.8218
watercourse,1,11.2273
waterdog,1,11.2273
watered,237,6.4524
waterfall,21,8.8298
waterfalls,21,8.8298
waterfront,2,10.8218
watergate,7,9.8411
watering,237,6.4524
waterline,1,11.2273
waterloo,11,9.4357
watermelon,5,10.1288
watermelons,5,10.1288
waternoose,1,11.2273
waterpark,1,11.2273
waterproof,3,10.5342
waters,237,6.4524
watership,2,10.8218
waterway,2,10.8218
waterways,2,10.8218
waterwayuni,1,11.2273
watkins,5,10.1288
watley,1,11.2273
watoosh,1,11.2273
watson,10,9.5227
watt,10,9.5227
watterson,2,10.8218
wattle,1,11.2273
watts,10,9.5227
waugh,1,11.2273
waukegan,1,11.2273
wava,1,11.2273
wave,41,8.1835
waveguide,1,11.2273
wavelength,7,9.8411
wavelengths,7,9.8411
waverly,1,11.2273
waves,41,8.1835
wax,11,9.4357
waxed,11,9.4357
waxhaw,1,11.2273
waxing,11,9.4357
waxy,1,11.2273
way,180,6.7252
wayans,13,9.2816
wayland,1,11.2273
waylon,3,10.5342
wayne,81,7.5152
waynes,81,7.5152
wayons,1,11.2273
ways,180,6.7252
wayward,3,10.5342
wazowski,1,11.2273
wb,3,10.5342
wcbs,1,11.2273
wcw,1,11.2273
wd,2,10.8218
wda,1,11.2273
weak,11,9.4357
weakens,1,11.2273
weakness,11,9.4357
wealth,11,9.4357
wealthiest,5,10.1288
wealthy,17,9.0304
weapon,61,7.7944
weaponry,1,11.2273
weapons,61,7.7944
wear,163,6.8235
wearer,1,11.2273
wearing,163,6.8235
wears,163,6.8235
weary,1,11.2273
weasel,7,9.8411
weasels,7,9.8411
weasley,24,8.702
weasleys,24,8.702
weasly,2,10.8218
weather,33,8.3947
weatherfield,1,11.2273
weatherly,1,11.2273
weatherman,2,10.8218
weathers,33,8.3947
weave,3,10.5342
weaver,4,10.3111
weaveworld,2,10.8218
weaving,3,10.5342
web,25,8.6628
webb,4,10.3111
webbed,25,8.6628
webber,6,9.9746
weber,10,9.5227
webkinz,15,9.1481
webs,25,8.6628
webshow,2,10.8218
website,1,11.2273
webster,4,10.3111
websters,4,10.3111
wed,120,7.1268
wedding,120,7.1268
weddings,120,7.1268
wedge,5,10.1288
wedges,5,10.1288
wedgwood,2,10.8218
wednesday,11,9.4357
wednesdays,11,9.4357
weds,120,7.1268
wee,15,9.1481
weeb,2,10.8218
weed,6,9.9746
weee,1,11.2273
week,79,7.5398
weekend,14,9.2126
weekly,15,9.1481
weeklys,15,9.1481
weeks,79,7.5398
weenie,1,11.2273
weep,3,10.5342
weeps,3,10.5342
wees,15,9.1481
weevil,2,10.8218
weevils,2,10.8218
weezer,10,9.5227
weezers,10,9.5227
weierstra,1,11.2273
weigh,31,8.4552
weighed,31,8.4552
weighing,31,8.4552
weighs,31,8.4552
weight,40,8.2076
weightlessness,1,11.2273
weightlifting,2,10.8218
weights,40,8.2076
weihnachten,1,11.2273
weihnachtsgans,1,11.2273
weihnachtsmann,1,11.2273
weimar,1,11.2273
weiner,1,11.2273
weir,4,10.3111
weird,21,8.8298
weirdo,2,10.8218
weirs,4,10.3111
weis,1,11.2273
weisels,1,11.2273
weisinger,1,11.2273
weiss,3,10.5342
weissmuller,2,10.8218
weizenbier,1,11.2273
weizmann,2,10.8218
welby,2,10.8218
welch,11,9.4357
welcome,31,8.4552
welcomed,31,8.4552
welcoming,31,8.4552
weld,1,11.2273
welfare,8,9.7233
welinder,1,11.2273
welker,2,10.8218
well,202,6.6109
welle,202,6.6109
welles,202,6.6109
wellesley,1,11.2273
wellington,6,9.9746
wellingtons,6,9.9746
wellman,1,11.2273
wells,202,6.6109
welmbley,1,11.2273
welsh,17,9.0304
welterweight,1,11.2273
wembley,3,10.5342
wen,1,11.2273
wench,2,10.8218
wendal,2,10.8218
wendall,2,10.8218
wendell,4,10.3111
wenders,1,11.2273
wendie,18,8.9763
wendish,1,11.2273
wendol,1,11.2273
wendt,2,10.8218
wendts,2,10.8218
wendy,18,8.9763
went,151,6.8993
wenteworth,1,11.2273
wenton,1,11.2273
wentworth,1,11.2273
wepner,1,11.2273
wer,1,11.2273
werdandi,1,11.2273
werebear,1,11.2273
weredragon,1,11.2273
weren,1,11.2273
werent,3,10.5342
weretiger,1,11.2273
werewolf,18,8.9763
werewolves,4,10.3111
werner,4,10.3111
wernher,1,11.2273
wernicke,3,10.5342
werth,1,11.2273
wes,15,9.1481
weserubun,1,11.2273
weserubung,1,11.2273
wesley,13,9.2816
wesleyfraser,1,11.2273
weso,1,11.2273
wessex,1,11.2273
wesson,1,11.2273
west,161,6.8357
westerham,1,11.2273
western,156,6.867
westernization,156,6.867
westernmost,2,10.8218
westerns,156,6.867
westies,1,11.2273
westinghouse,1,11.2273
westley,1,11.2273
westmacott,1,11.2273
westman,1,11.2273
westminister,1,11.2273
westminster,7,9.8411
westmoreland,2,10.8218
weston,1,11.2273
westrum,1,11.2273
westward,2,10.8218
westwood,10,9.5227
westwooden,1,11.2273
westwoods,10,9.5227
wet,16,9.0875
wether,1,11.2273
wetherill,1,11.2273
wetherington,1,11.2273
wetland,1,11.2273
wettest,2,10.8218
wetting,16,9.0875
wetton,1,11.2273
wetyiafhklxvnm,2,10.8218
weve,10,9.5227
wfm,1,11.2273
wg206,1,11.2273
wg4,1,11.2273
whachoo,2,10.8218
whacks,1,11.2273
whale,37,8.2835
whaler,1,11.2273
whales,37,8.2835
whaley,1,11.2273
whaling,37,8.2835
wham,2,10.8218
whammy,1,11.2273
wharton,2,10.8218
whartons,2,10.8218
whatcha,3,10.5342
whatever,6,9.9746
whatll,2,10.8218
whats,61,7.7944
wheat,11,9.4357
wheaties,1,11.2273
wheatly,1,11.2273
whedon,1,11.2273
wheel,33,8.3947
wheelchair,3,10.5342
wheelchairs,3,10.5342
wheeled,33,8.3947
wheeler,5,10.1288
wheeling,33,8.3947
wheels,33,8.3947
wheely,1,11.2273
whelan,1,11.2273
whence,1,11.2273
whenever,5,10.1288
whereas,1,11.2273
whereby,3,10.5342
wheres,2,10.8218
whereupon,1,11.2273
wherever,2,10.8218
whether,18,8.9763
whewell,1,11.2273
whhich,1,11.2273
whig,2,10.8218
while,254,6.3837
whilst,3,10.5342
whine,3,10.5342
whip,7,9.8411
whipped,7,9.8411
whippet,1,11.2273
whippin,2,10.8218
whipping,7,9.8411
whips,7,9.8411
whirl,1,11.2273
whirlpool,2,10.8218
whirlpools,2,10.8218
whirlwind,2,10.8218
whisk,1,11.2273
whisker,4,10.3111
whiskers,4,10.3111
whiskey,9,9.618
whiskies,6,9.9746
whisky,6,9.9746
whisper,9,9.618
whispered,9,9.618
whisperer,9,9.618
whispering,9,9.618
whisperwind,1,11.2273
whistle,9,9.618
whistleberries,1,11.2273
whistled,9,9.618
whistler,1,11.2273
whistling,9,9.618
whitaker,12,9.3557
whitakers,12,9.3557
whitby,1,11.2273
whitcomb,1,11.2273
white,364,6.0271
whiteflies,1,11.2273
whitehead,4,10.3111
whitehouse,1,11.2273
whitekit,1,11.2273
whitelighter,2,10.8218
whitelisted,1,11.2273
whitemans,1,11.2273
whiter,2,10.8218
whites,364,6.0271
whitesnake,9,9.618
whitesnakes,9,9.618
whitest,1,11.2273
whitestone,1,11.2273
whitestorm,1,11.2273
whitey,6,9.9746
whitford,2,10.8218
whither,1,11.2273
whitley,2,10.8218
whitman,4,10.3111
whitmans,4,10.3111
whitmore,1,11.2273
whitney,39,8.2322
whitsunday,1,11.2273
whittier,2,10.8218
whitty,2,10.8218
whiz,1,11.2273
whodunit,1,11.2273
whole,45,8.0926
wholesome,1,11.2273
whoopee,1,11.2273
whoopi,28,8.5536
whooping,2,10.8218
whoopis,28,8.5536
whorehouse,1,11.2273
whos,27,8.5887
wica,1,11.2273
wiccans,1,11.2273
wichita,5,10.1288
wicked,21,8.8298
wicket,2,10.8218
wickets,2,10.8218
wickfield,1,11.2273
wickham,2,10.8218
wide,99,7.317
widely,99,7.317
widened,3,10.5342
widens,3,10.5342
widescreen,1,11.2273
widespread,18,8.9763
widest,2,10.8218
widget,1,11.2273
widmark,7,9.8411
widmarks,7,9.8411
widow,32,8.4245
widowed,32,8.4245
widower,32,8.4245
widowers,32,8.4245
widows,32,8.4245
width,2,10.8218
wield,4,10.3111
wielding,4,10.3111
wien,2,10.8218
wiener,1,11.2273
wierda,1,11.2273
wiesbaden,1,11.2273
wiest,1,11.2273
wife,276,6.3014
wifes,276,6.3014
wiff,1,11.2273
wig,4,10.3111
wiggles,7,9.8411
wiggly,2,10.8218
wiggums,1,11.2273
wight,2,10.8218
wii,1,11.2273
wiitokuchumpunkuruganiyugwivantumu,1,11.2273
wikileaks,1,11.2273
wikiup,1,11.2273
wilbur,4,10.3111
wild,148,6.9191
wildcards,1,11.2273
wildcat,5,10.1288
wildcats,5,10.1288
wilde,148,6.9191
wilder,21,8.8298
wilderness,21,8.8298
wilders,21,8.8298
wildes,148,6.9191
wildflower,4,10.3111
wildhorse,2,10.8218
wilding,148,6.9191
wildlife,3,10.5342
wildman,1,11.2273
wiley,5,10.1288
wilford,1,11.2273
wilfred,1,11.2273
wilfredo,1,11.2273
wilfrid,1,11.2273
wilhelm,131,7.04
wilhelmina,1,11.2273
wilhemina,2,10.8218
wilkerson,1,11.2273
wilkes,11,9.4357
wilkie,3,10.5342
wilkins,3,10.5342
wilkinson,2,10.8218
willa,1,11.2273
willed,7,9.8411
willem,19,8.925
willemstad,1,11.2273
willens,1,11.2273
willi,81,7.5152
william,2692,4.0695
williamfeldman,1,11.2273
williams,2692,4.0695
williamsport,1,11.2273
williamss,1,11.2273
willie,81,7.5152
willies,81,7.5152
willing,7,9.8411
willingham,1,11.2273
willis,81,7.5152
willliam,1,11.2273
willona,3,10.5342
willow,24,8.702
willowbrook,1,11.2273
willows,24,8.702
wills,7,9.8411
willson,1,11.2273
willy,81,7.5152
willys,81,7.5152
wilma,2,10.8218
wilmas,2,10.8218
wilmer,2,10.8218
wilmette,1,11.2273
wilmington,3,10.5342
wilmingtons,3,10.5342
wilmot,1,11.2273
wilska,1,11.2273
wilson,52,7.9511
wilsons,52,7.9511
wilt,5,10.1288
wilton,1,11.2273
wim,1,11.2273
wimbledon,15,9.1481
wimp,1,11.2273
wimpy,1,11.2273
win,582,5.5627
winceby,1,11.2273
winchell,2,10.8218
winchells,2,10.8218
winchester,16,9.0875
winchesters,16,9.0875
wind,115,7.1689
windclan,2,10.8218
winded,115,7.1689
windermere,1,11.2273
windevil,1,11.2273
windham,1,11.2273
windhoek,2,10.8218
winding,115,7.1689
windmills,2,10.8218
window,25,8.6628
windows,25,8.6628
winds,115,7.1689
windscreen,1,11.2273
windsor,6,9.9746
windspeed,1,11.2273
windsurfing,1,11.2273
windtalkers,2,10.8218
windu,1,11.2273
windy,4,10.3111
wine,582,5.5627
winecoff,1,11.2273
winehouse,19,8.925
winehouses,19,8.925
winfield,4,10.3111
winfrey,10,9.5227
winfreys,10,9.5227
wing,69,7.6732
winged,69,7.6732
winger,11,9.4357
wingers,11,9.4357
wingfield,1,11.2273
wings,69,7.6732
wining,582,5.5627
winken,1,11.2273
winkie,1,11.2273
winkle,1,11.2273
winkler,1,11.2273
winner,128,7.0629
winners,128,7.0629
winnie,10,9.5227
winnin,2,10.8218
winning,582,5.5627
winningest,1,11.2273
winnipeg,2,10.8218
winnipesaukee,1,11.2273
winona,25,8.6628
wins,582,5.5627
winslet,15,9.1481
winslow,10,9.5227
winslows,10,9.5227
winston,22,8.7853
winter,72,7.6313
wintering,72,7.6313
winters,72,7.6313
winterset,1,11.2273
winthorpes,1,11.2273
winthrop,2,10.8218
winthrope,2,10.8218
winton,1,11.2273
winwood,7,9.8411
wipe,7,9.8411
wiped,7,9.8411
wiper,1,11.2273
wire,11,9.4357
wired,11,9.4357
wireless,9,9.618
wiring,11,9.4357
wisconsin,26,8.6251
wisdaom,1,11.2273
wisdom,17,9.0304
wise,21,8.8298
wiseguy,1,11.2273
wiseman,2,10.8218
wish,44,8.1146
wishbone,2,10.8218
wished,44,8.1146
wishes,44,8.1146
wishful,44,8.1146
wishin,1,11.2273
wishing,44,8.1146
wishman,1,11.2273
wishmaster,1,11.2273
wishsong,1,11.2273
wisk,1,11.2273
wistar,1,11.2273
wisteria,1,11.2273
wit,32,8.4245
witch,82,7.5031
witchcraft,17,9.0304
witcher,1,11.2273
witches,82,7.5031
witchs,82,7.5031
witchy,1,11.2273
witfield,1,11.2273
withdraw,5,10.1288
withdrawal,5,10.1288
withdrawing,5,10.1288
withdrew,1,11.2273
withering,5,10.1288
withers,5,10.1288
witherspoon,15,9.1481
withhold,1,11.2273
within,57,7.861
withstand,1,11.2273
witness,32,8.4245
witnessed,32,8.4245
witnesses,32,8.4245
witnessing,32,8.4245
witney,1,11.2273
witt,1,11.2273
witted,32,8.4245
witter,1,11.2273
wittgenstein,4,10.3111
wittol,1,11.2273
witty,6,9.9746
witwickys,1,11.2273
wives,17,9.0304
wiz,2,10.8218
wizard,63,7.7627
wizarding,63,7.7627
wizardry,3,10.5342
wizards,63,7.7627
wjfk,1,11.2273
wjm,1,11.2273
wka,1,11.2273
wkrp,18,8.9763
wladilena,1,11.2273
wladislaw,2,10.8218
wladyslaw,1,11.2273
wm,1,11.2273
wnba,1,11.2273
wobbegong,1,11.2273
wodehouse,1,11.2273
wodewose,1,11.2273
woe,1,11.2273
woher,1,11.2273
wojohowicz,1,11.2273
wojty,1,11.2273
wojtyla,1,11.2273
wok,9,9.618
woke,9,9.618
wole,1,11.2273
wolf,68,7.6875
wolfberry,1,11.2273
wolfe,68,7.6875
wolfes,68,7.6875
wolff,2,10.8218
wolfgang,13,9.2816
wolfman,1,11.2273
wolfovitch,1,11.2273
wolfpack,1,11.2273
wolfram,1,11.2273
wolfs,68,7.6875
wolfsbane,2,10.8218
wolong,1,11.2273
wolowitz,1,11.2273
wolverine,13,9.2816
wolverines,13,9.2816
wolves,25,8.6628
womack,1,11.2273
woman,330,6.1243
womanhood,1,11.2273
womanizer,330,6.1243
womans,330,6.1243
womb,1,11.2273
wombat,15,9.1481
wombats,15,9.1481
women,165,6.8114
womens,165,6.8114
womping,1,11.2273
won,659,5.44
wonder,138,6.9884
wondered,138,6.9884
wonderful,138,6.9884
wonderland,16,9.0875
wonderman,1,11.2273
wonders,138,6.9884
wonderworker,1,11.2273
wong,2,10.8218
wonka,14,9.2126
wonkas,14,9.2126
wont,17,9.0304
woo,1,11.2273
wood,57,7.861
woodard,3,10.5342
woodbury,1,11.2273
woodcut,2,10.8218
woodcutter,1,11.2273
woodcutting,2,10.8218
wooden,14,9.2126
woodgate,1,11.2273
woodhaven,2,10.8218
woodhouse,1,11.2273
woodiwiss,1,11.2273
woodland,2,10.8218
woodlock,1,11.2273
woodpecker,1,11.2273
woodrow,11,9.4357
woods,57,7.861
woodsboro,1,11.2273
woodsmith,1,11.2273
woodson,1,11.2273
woodstock,13,9.2816
woodsy,1,11.2273
woodward,3,10.5342
woodwind,1,11.2273
woody,50,7.9895
woogie,3,10.5342
woohoo,1,11.2273
wookey,1,11.2273
wool,4,10.3111
woolery,2,10.8218
wooley,1,11.2273
woolf,1,11.2273
woolpit,1,11.2273
woolworths,1,11.2273
wooly,1,11.2273
wooster,1,11.2273
worcester,3,10.5342
word,922,5.1093
worden,2,10.8218
wordplay,1,11.2273
words,922,5.1093
wordsworth,4,10.3111
wordy,1,11.2273
wore,51,7.9701
work,418,5.8901
worked,418,5.8901
worker,27,8.5887
workers,27,8.5887
workforce,3,10.5342
workin,3,10.5342
working,418,5.8901
workmans,1,11.2273
workmate,1,11.2273
workout,2,10.8218
workplace,1,11.2273
workroom,1,11.2273
works,418,5.8901
world,1013,5.0169
worldly,1,11.2273
worlds,1013,5.0169
worldwide,20,8.8763
worldwideweb,1,11.2273
worley,1,11.2273
worm,22,8.7853
wormers,2,10.8218
wormian,1,11.2273
worming,22,8.7853
worms,22,8.7853
wormtail,1,11.2273
wormtongue,1,11.2273
wormwood,2,10.8218
worn,34,8.3657
worried,10,9.5227
worries,10,9.5227
worry,10,9.5227
worrying,10,9.5227
worse,4,10.3111
worsens,1,11.2273
worship,17,9.0304
worshiped,17,9.0304
worshipers,17,9.0304
worshipped,17,9.0304
worshipper,4,10.3111
worshippers,4,10.3111
worst,93,7.3788
wort,1,11.2273
worth,13,9.2816
worthy,2,10.8218
wortley,1,11.2273
wotton,1,11.2273
woude,1,11.2273
wouldn,1,11.2273
wouldnt,11,9.4357
wouldve,1,11.2273
wound,22,8.7853
wounded,22,8.7853
wounds,22,8.7853
woundwort,1,11.2273
wouyld,1,11.2273
wove,1,11.2273
woven,3,10.5342
wowed,30,8.487
wows,30,8.487
wozzeck,1,11.2273
wp,1,11.2273
wrangler,1,11.2273
wrap,7,9.8411
wrapped,7,9.8411
wrapper,2,10.8218
wrappers,2,10.8218
wrasse,1,11.2273
wrath,25,8.6628
wray,1,11.2273
wreak,2,10.8218
wreaks,2,10.8218
wreath,2,10.8218
wreck,12,9.3557
wrecked,12,9.3557
wrecking,12,9.3557
wrecks,12,9.3557
wreckx,1,11.2273
wren,1,11.2273
wrench,1,11.2273
wrestle,28,8.5536
wrestled,28,8.5536
wrestlemania,5,10.1288
wrestler,71,7.645
wrestlers,71,7.645
wrestling,28,8.5536
wriconophobia,1,11.2273
wriggle,1,11.2273
wright,21,8.8298
wrigley,5,10.1288
wrigleys,5,10.1288
wrinkle,2,10.8218
wrinkles,2,10.8218
wrist,8,9.7233
wristbone,1,11.2273
wrists,8,9.7233
wristwatch,1,11.2273
write,121,7.1186
writer,156,6.867
writers,156,6.867
writes,121,7.1186
writing,121,7.1186
writings,121,7.1186
written,302,6.2121
wroclaw,1,11.2273
wrong,71,7.645
wrongdoing,1,11.2273
wrongful,71,7.645
wrongly,2,10.8218
wrongs,71,7.645
wrote,444,5.8303
wrought,1,11.2273
wrriten,1,11.2273
wt,1,11.2273
wto,1,11.2273
wtop,1,11.2273
wu,1,11.2273
wu4,1,11.2273
wuerffel,1,11.2273
wuornos,1,11.2273
wurst,1,11.2273
wurzburg,1,11.2273
wuthering,3,10.5342
wuxia,1,11.2273
ww,23,8.7428
ww2,5,10.1288
wwe,27,8.5887
wwes,27,8.5887
wwf,14,9.2126
wwi,10,9.5227
wwii,41,8.1835
wwiii,1,11.2273
www,5,10.1288
wy,1,11.2273
wyandot,1,11.2273
wyatt,7,9.8411
wyatts,7,9.8411
wyc,1,11.2273
wycfef,1,11.2273
wyclef,3,10.5342
wycliffe,1,11.2273
wydell,1,11.2273
wyland,1,11.2273
wylde,1,11.2273
wyler,2,10.8218
wyms,1,11.2273
wynette,1,11.2273
wynnewood,1,11.2273
wynona,1,11.2273
wyoming,25,8.6628
wyomings,25,8.6628
wzup,1,11.2273
x,130,7.0476
xanadu,2,10.8218
xander,13,9.2816
xanders,13,9.2816
xanth,1,11.2273
xanthic,1,11.2273
xanthophobia,2,10.8218
xaver,1,11.2273
xavier,5,10.1288
xaviers,5,10.1288
xaymaca,1,11.2273
xbox,4,10.3111
xd5,1,11.2273
xe,1,11.2273
xena,30,8.487
xenas,30,8.487
xenia,1,11.2273
xeno,2,10.8218
xenophilius,1,11.2273
xenophobia,4,10.3111
xenophobic,1,11.2273
xenophons,1,11.2273
xenos,2,10.8218
xenotransplantation,1,11.2273
xerces,1,11.2273
xeric,1,11.2273
xero,1,11.2273
xerophobia,1,11.2273
xerxes,4,10.3111
xi,3,10.5342
xia,1,11.2273
xian,1,11.2273
xiaobo,1,11.2273
xii,5,10.1288
xiii,3,10.5342
xing,1,11.2273
xiuquan,1,11.2273
xiv,7,9.8411
xivth,1,11.2273
xix,3,10.5342
xl,4,10.3111
xlr,1,11.2273
xm,1,11.2273
xmal,1,11.2273
xml,1,11.2273
xome,1,11.2273
xp,1,11.2273
xs,2,10.8218
xscape,1,11.2273
xtc,1,11.2273
xtreme,1,11.2273
xv,2,10.8218
xvi,9,9.618
xvii,1,11.2273
xviii,3,10.5342
xx,5,10.1288
xxi,2,10.8218
xxii,2,10.8218
xxiii,1,11.2273
xxiv,2,10.8218
xxv,1,11.2273
xxx,2,10.8218
xxxii,1,11.2273
xxxiii,1,11.2273
xxxvi,1,11.2273
xxxx,1,11.2273
xxxxxx,1,11.2273
xxxxxxx,1,11.2273
xxxxxxxx,1,11.2273
xxxxxxxxx,1,11.2273
xy,10,9.5227
xylophobia,2,10.8218
xylose,1,11.2273
xz,1,11.2273
y,30,8.487
y2j,1,11.2273
y2k,1,11.2273
ya,7,9.8411
yabba,1,11.2273
yacht,4,10.3111
yaffa,1,11.2273
yaga,1,11.2273
yahweh,3,10.5342
yak,3,10.5342
yakee,1,11.2273
yakety,2,10.8218
yakima,1,11.2273
yakov,1,11.2273
yakubovich,1,11.2273
yakuza,2,10.8218
yale,23,8.7428
yall,2,10.8218
yalta,4,10.3111
yama,1,11.2273
yamajesty,1,11.2273
yamamoto,1,11.2273
yamauchi,1,11.2273
yaminon,1,11.2273
yamne,1,11.2273
yamoussoukro,2,10.8218
yandi,1,11.2273
yang,3,10.5342
yangoor,1,11.2273
yangtze,8,9.7233
yankee,84,7.4793
yankees,84,7.4793
yankovic,7,9.8411
yankovics,7,9.8411
yanma,1,11.2273
yanmega,1,11.2273
yantra,1,11.2273
yao,3,10.5342
yaound,2,10.8218
yaounde,2,10.8218
yappys,1,11.2273
yarborough,1,11.2273
yard,25,8.6628
yardbird,5,10.1288
yardbirds,5,10.1288
yards,25,8.6628
yaren,1,11.2273
yarn,2,10.8218
yarns,2,10.8218
yarra,1,11.2273
yarrow,1,11.2273
yashin,2,10.8218
yasseir,1,11.2273
yastremski,1,11.2273
yastrzemski,1,11.2273
yat,3,10.5342
yates,3,10.5342
yatesville,1,11.2273
yauch,1,11.2273
yawning,1,11.2273
yay,1,11.2273
yb,2,10.8218
ye,435,5.8506
yeager,1,11.2273
year,1492,4.6385
yearaward,1,11.2273
yearly,2,10.8218
years,1492,4.6385
yearwood,4,10.3111
yearwoods,4,10.3111
yeast,2,10.8218
yeasts,2,10.8218
yeats,1,11.2273
yefremov,1,11.2273
yegorov,1,11.2273
yehuda,1,11.2273
yelena,2,10.8218
yell,12,9.3557
yelled,12,9.3557
yeller,2,10.8218
yelling,12,9.3557
yellow,97,7.3372
yellowfang,2,10.8218
yellowing,97,7.3372
yellowish,1,11.2273
yellowjackets,1,11.2273
yellowknife,1,11.2273
yellowstone,2,10.8218
yells,12,9.3557
yelp,1,11.2273
yeltsin,1,11.2273
yelverton,1,11.2273
yemana,1,11.2273
yemen,6,9.9746
yemeni,1,11.2273
yen,8,9.7233
yentl,1,11.2273
yer,1,11.2273
yerevan,4,10.3111
yerkes,1,11.2273
yerusalyim,1,11.2273
yesterday,7,9.8411
yesteryear,1,11.2273
yet,16,9.0875
yetta,14,9.2126
yew,2,10.8218
ygramuls,1,11.2273
yi,2,10.8218
yichuss,1,11.2273
yiddish,6,9.9746
yidumduma,1,11.2273
yield,8,9.7233
yields,8,9.7233
yikes,1,11.2273
yin,4,10.3111
yingtungchen,1,11.2273
yip,2,10.8218
yippee,1,11.2273
yippes,2,10.8218
yippies,1,11.2273
yitzrach,1,11.2273
ym,1,11.2273
yma,1,11.2273
ymca,1,11.2273
ymg,1,11.2273
ymir,2,10.8218
yoakam,2,10.8218
yoda,7,9.8411
yodas,7,9.8411
yoga,11,9.4357
yogi,31,8.4552
yogic,1,11.2273
yogis,31,8.4552
yogisms,1,11.2273
yogurt,10,9.5227
yogyakarta,1,11.2273
yohanan,1,11.2273
yohannan,1,11.2273
yohji,1,11.2273
yojana,1,11.2273
yojimbo,1,11.2273
yokas,1,11.2273
yoko,6,9.9746
yokohama,2,10.8218
yokokebukawa,1,11.2273
yokozuna,1,11.2273
yolk,2,10.8218
yolkless,1,11.2273
yom,8,9.7233
yondaime,1,11.2273
yonkers,2,10.8218
yor,1,11.2273
york,347,6.0745
yorke,347,6.0745
yorker,1,11.2273
yorkes,347,6.0745
yorkie,1,11.2273
yorkle,1,11.2273
yorks,347,6.0745
yorkshire,13,9.2816
yoruba,2,10.8218
yosef,1,11.2273
yosemite,2,10.8218
yoshida,1,11.2273
yoshis,1,11.2273
yossarian,1,11.2273
yost,1,11.2273
yottagram,1,11.2273
youd,9,9.618
youll,19,8.925
younce,1,11.2273
young,222,6.5173
youngbloods,1,11.2273
younger,28,8.5536
youngest,45,8.0926
youngs,222,6.5173
youngster,2,10.8218
youre,77,7.5651
yours,77,7.5651
yourself,12,9.3557
yous,1,11.2273
yout,1,11.2273
youth,22,8.7853
youthful,22,8.7853
youths,22,8.7853
youtube,1,11.2273
youve,17,9.0304
yseult,1,11.2273
ysidro,1,11.2273
ystad,1,11.2273
ysz,1,11.2273
yt,3,10.5342
ytterbium,1,11.2273
yttrium,1,11.2273
yu,2,10.8218
yu1,1,11.2273
yuan,3,10.5342
yucatan,2,10.8218
yuengling,1,11.2273
yufka,1,11.2273
yugan,1,11.2273
yugoslavia,8,9.7233
yugoslavian,2,10.8218
yugra,1,11.2273
yuh,1,11.2273
yuhina,1,11.2273
yuichiro,1,11.2273
yuk,1,11.2273
yuki,1,11.2273
yukon,2,10.8218
yul,7,9.8411
yule,7,9.8411
yuletide,1,11.2273
yum,3,10.5342
yuma,9,9.618
yumbilla,1,11.2273
yume,3,10.5342
yummy,2,10.8218
yuna,3,10.5342
yunas,3,10.5342
yunjin,1,11.2273
yunnan,1,11.2273
yupik,1,11.2273
yuri,4,10.3111
yurijgromov,1,11.2273
yurt,1,11.2273
yusheng,1,11.2273
yusuf,1,11.2273
yves,6,9.9746
yvette,1,11.2273
yvonne,1,11.2273
yw,1,11.2273
yzerman,1,11.2273
z,14,9.2126
z14,1,11.2273
za,1,11.2273
zabady,1,11.2273
zabern,1,11.2273
zac,4,10.3111
zach,5,10.1288
zachariah,1,11.2273
zacharie,10,9.5227
zachary,10,9.5227
zachery,1,11.2273
zack,41,8.1835
zacks,41,8.1835
zaer,1,11.2273
zager,1,11.2273
zagreb,4,10.3111
zahara,1,11.2273
zaharias,1,11.2273
zahav,1,11.2273
zahn,1,11.2273
zaire,1,11.2273
zaius,1,11.2273
zak,1,11.2273
zakalokis,1,11.2273
zakk,1,11.2273
zambezi,3,10.5342
zambia,4,10.3111
zambian,1,11.2273
zamenhof,2,10.8218
zamorack,1,11.2273
zamorak,1,11.2273
zampino,1,11.2273
zamunda,1,11.2273
zanaris,1,11.2273
zane,4,10.3111
zanesville,1,11.2273
zant,2,10.8218
zants,2,10.8218
zany,1,11.2273
zanzibar,3,10.5342
zapata,1,11.2273
zappa,11,9.4357
zappas,11,9.4357
zara,1,11.2273
zaragoza,1,11.2273
zarathushtra,1,11.2273
zarroc,1,11.2273
zashiki,1,11.2273
zazu,1,11.2273
zbigniew,1,11.2273
zbornak,2,10.8218
zd,1,11.2273
zden,1,11.2273
zdravstvuite,1,11.2273
ze,2,10.8218
zealand,37,8.2835
zealander,37,8.2835
zealands,37,8.2835
zealot,5,10.1288
zealots,5,10.1288
zeb,4,10.3111
zebes,4,10.3111
zebra,18,8.9763
zebrafish,1,11.2273
zebras,18,8.9763
zebulon,1,11.2273
zechariah,1,11.2273
zeck,1,11.2273
zedong,3,10.5342
zeds,1,11.2273
zeeland,1,11.2273
zef,1,11.2273
zefram,1,11.2273
zelda,35,8.3375
zelinda,1,11.2273
zelle,1,11.2273
zellweger,12,9.3557
zellwegers,12,9.3557
zelma,1,11.2273
zelman,1,11.2273
zelophobia,1,11.2273
zembla,1,11.2273
zemeckis,12,9.3557
zemin,1,11.2273
zemmiphobia,1,11.2273
zemmour,1,11.2273
zen,2,10.8218
zep,1,11.2273
zephyr,1,11.2273
zeppelin,66,7.7169
zeppelins,66,7.7169
zeppo,2,10.8218
zeratul,3,10.5342
zerbst,1,11.2273
zermelo,2,10.8218
zero,16,9.0875
zeros,16,9.0875
zeroth,1,11.2273
zest,1,11.2273
zeta,13,9.2816
zeus,44,8.1146
zeuss,2,10.8218
zevo,1,11.2273
zewlakow,1,11.2273
zezima,1,11.2273
zha,1,11.2273
zhang,2,10.8218
zhejiang,1,11.2273
zheng,1,11.2273
zhenhua,1,11.2273
zhenko,1,11.2273
zhivago,2,10.8218
zhou,1,11.2273
zhuravlyova,154,6.8798
zhuzhou,1,11.2273
zi,2,10.8218
zia,1,11.2273
zidane,1,11.2273
ziegfied,1,11.2273
ziegler,1,11.2273
ziffel,1,11.2273
zigadenus,1,11.2273
ziggy,2,10.8218
zik,2,10.8218
zila,1,11.2273
zimbabwe,11,9.4357
zimbabwes,11,9.4357
zimbru,1,11.2273
zimmer,2,10.8218
zimmerman,1,11.2273
zinc,5,10.1288
zinedine,1,11.2273
zing,1,11.2273
zion,3,10.5342
zionism,2,10.8218
zionist,3,10.5342
zip,3,10.5342
ziphiidae,1,11.2273
zipper,4,10.3111
zippered,4,10.3111
zippy,1,11.2273
zirconia,1,11.2273
ziskey,3,10.5342
zit,1,11.2273
ziti,1,11.2273
zlat,1,11.2273
zlatan,1,11.2273
zlatanov,1,11.2273
zmey,1,11.2273
zn,1,11.2273
znuff,1,11.2273
zoaphilia,1,11.2273
zocor,1,11.2273
zod,1,11.2273
zodiac,28,8.5536
zodiak,1,11.2273
zodiaq,1,11.2273
zoes,1,11.2273
zoey,18,8.9763
zoeys,18,8.9763
zog,1,11.2273
zografou,1,11.2273
zohar,1,11.2273
zohn,1,11.2273
zoidberg,1,11.2273
zoilo,1,11.2273
zollner,1,11.2273
zoloft,1,11.2273
zolpidem,1,11.2273
zombie,12,9.3557
zombies,12,9.3557
zonary,1,11.2273
zondek,1,11.2273
zone,29,8.5197
zones,29,8.5197
zong,1,11.2273
zoni,1,11.2273
zoo,13,9.2816
zooey,1,11.2273
zoolander,2,10.8218
zoolatry,1,11.2273
zoological,4,10.3111
zoologist,1,11.2273
zoology,4,10.3111
zoomed,1,11.2273
zoophobia,4,10.3111
zoophobias,4,10.3111
zooropa,1,11.2273
zoos,13,9.2816
zoot,2,10.8218
zopf,1,11.2273
zora,4,10.3111
zoras,4,10.3111
zorb,1,11.2273
zorba,1,11.2273
zorbing,1,11.2273
zord,2,10.8218
zori,1,11.2273
zorich,1,11.2273
zorlac,1,11.2273
zorn,1,11.2273
zoroaster,1,11.2273
zoroastrian,3,10.5342
zoroastrianism,3,10.5342
zorro,4,10.3111
zoster,2,10.8218
zowie,1,11.2273
zquez,1,11.2273
zrzav,1,11.2273
zsa,2,10.8218
zubarran,1,11.2273
zucchetto,1,11.2273
zuck,1,11.2273
zuckerberg,1,11.2273
zugzwang,2,10.8218
zuko,6,9.9746
zukos,6,9.9746
zukovskys,1,11.2273
zulu,3,10.5342
zuni,1,11.2273
zurab,1,11.2273
zurich,7,9.8411
zwick,1,11.2273
zwolle,1,11.2273
zygomatic,1,11.2273
zymology,1,11.2273
zymurgy,1,11.2273
zz,6,9.9746
zzyzyx,1,11.2273
zzz,1,11.2273
